"../../../Engine/Plugins/Interchange/Runtime/Content/Pipelines/DefaultTexturePipeline.uasset" 0
"../../../Engine/Plugins/Interchange/Runtime/Content/Pipelines/DefaultTexturePipeline.uexp" 1
"../../../Engine/Plugins/Interchange/Runtime/Content/Pipelines/DefaultSceneLevelPipeline.uasset" 2
"../../../Engine/Plugins/Interchange/Runtime/Content/Pipelines/DefaultSceneLevelPipeline.uexp" 3
"../../../Engine/Plugins/Interchange/Runtime/Content/Pipelines/DefaultSceneAssetsPipeline.uasset" 4
"../../../Engine/Plugins/Interchange/Runtime/Content/Pipelines/DefaultSceneAssetsPipeline.uexp" 5
"../../../Engine/Plugins/Interchange/Runtime/Content/Pipelines/DefaultMaterialXPipeline.uasset" 6
"../../../Engine/Plugins/Interchange/Runtime/Content/Pipelines/DefaultMaterialXPipeline.uexp" 7
"../../../Engine/Plugins/Interchange/Runtime/Content/Pipelines/DefaultMaterialPipeline.uasset" 8
"../../../Engine/Plugins/Interchange/Runtime/Content/Pipelines/DefaultMaterialPipeline.uexp" 9
"../../../Engine/Plugins/Interchange/Runtime/Content/Pipelines/DefaultGLTFSceneAssetsPipeline.uasset" 10
"../../../Engine/Plugins/Interchange/Runtime/Content/Pipelines/DefaultGLTFSceneAssetsPipeline.uexp" 11
"../../../Engine/Plugins/Interchange/Runtime/Content/Pipelines/DefaultGLTFPipeline.uasset" 12
"../../../Engine/Plugins/Interchange/Runtime/Content/Pipelines/DefaultGLTFPipeline.uexp" 13
"../../../Engine/Plugins/Interchange/Runtime/Content/Pipelines/DefaultGLTFAssetsPipeline.uasset" 14
"../../../Engine/Plugins/Interchange/Runtime/Content/Pipelines/DefaultGLTFAssetsPipeline.uexp" 15
"../../../Engine/Plugins/Interchange/Runtime/Content/Pipelines/DefaultAssetsPipeline.uasset" 16
"../../../Engine/Plugins/Interchange/Runtime/Content/Pipelines/DefaultAssetsPipeline.uexp" 17
"../../../Engine/Plugins/Animation/ControlRig/Content/Controls/DefaultGizmoLibraryNormalized.uasset" 18
"../../../Engine/Plugins/Animation/ControlRig/Content/Controls/DefaultGizmoLibraryNormalized.uexp" 19
"../../../Engine/Plugins/2D/Paper2D/Content/PlaceholderTextures/DummySpriteTexture.ubulk" 20
"../../../Engine/Plugins/2D/Paper2D/Content/PlaceholderTextures/DummySpriteTexture.uasset" 21
"../../../Engine/Plugins/2D/Paper2D/Content/PlaceholderTextures/DummySpriteTexture.uexp" 22
"../../../Engine/Plugins/2D/Paper2D/Content/DummySprite.uasset" 23
"../../../Engine/Plugins/2D/Paper2D/Content/DummySprite.uexp" 24
"../../../Engine/Plugins/2D/Paper2D/Content/DefaultPaperTerrainMaterial.uasset" 25
"../../../Engine/Plugins/2D/Paper2D/Content/DefaultPaperTerrainMaterial.uexp" 26
"../../../Engine/Content/EngineSounds/Master.uasset" 27
"../../../Engine/Content/EngineSounds/Master.uexp" 28
"../../../Engine/Content/EngineMaterials/DefaultPhysicalMaterial.uasset" 29
"../../../Engine/Content/EngineMaterials/DefaultPhysicalMaterial.uexp" 30
"../../../Engine/Content/EngineMaterials/DefaultDestructiblePhysicalMaterial.uasset" 31
"../../../Engine/Content/EngineMaterials/DefaultDestructiblePhysicalMaterial.uexp" 32
"../../../Engine/Content/EngineFonts/Faces/RobotoLight.uexp" 33
"../../../Engine/Content/EngineFonts/Faces/RobotoLight.uasset" 34
"../../../Engine/Content/EngineFonts/Faces/RobotoLight.ufont" 35
"../../../Engine/Content/EngineFonts/Faces/RobotoBold.uexp" 36
"../../../Engine/Content/EngineFonts/Faces/RobotoBold.uasset" 37
"../../../Engine/Content/EngineFonts/Faces/RobotoBold.ufont" 38
"../../../Engine/Content/EngineFonts/Faces/RobotoRegular.uexp" 39
"../../../Engine/Content/EngineFonts/Faces/RobotoRegular.uasset" 40
"../../../Engine/Content/EngineFonts/Faces/RobotoRegular.ufont" 41
"../../../Engine/Content/EngineFonts/Faces/DroidSansFallback.uexp" 42
"../../../Engine/Content/EngineFonts/Faces/DroidSansFallback.uasset" 43
"../../../Engine/Content/EngineFonts/Faces/DroidSansFallback.ufont" 44
"../../../Engine/Content/EngineFonts/Faces/RobotoItalic.uexp" 45
"../../../Engine/Content/EngineFonts/Faces/RobotoItalic.uasset" 46
"../../../Engine/Content/EngineFonts/Faces/RobotoItalic.ufont" 47
"../../../Engine/Content/EngineFonts/Faces/RobotoBoldItalic.uexp" 48
"../../../Engine/Content/EngineFonts/Faces/RobotoBoldItalic.uasset" 49
"../../../Engine/Content/EngineFonts/Faces/RobotoBoldItalic.ufont" 50
"../../../Engine/Content/EngineFonts/Roboto.uasset" 51
"../../../Engine/Content/EngineFonts/Roboto.uexp" 52
"../../../Engine/Content/MobileResources/HUD/VirtualJoystick_Background.uasset" 53
"../../../Engine/Content/MobileResources/HUD/VirtualJoystick_Background.uexp" 54
"../../../Engine/Content/MobileResources/HUD/VirtualJoystick_Thumb.uasset" 55
"../../../Engine/Content/MobileResources/HUD/VirtualJoystick_Thumb.uexp" 56
"C:/Users/rayan/Projets UE/Team6_Unreal/Content/FirstPerson/Input/MobileControls.uasset" 57
"C:/Users/rayan/Projets UE/Team6_Unreal/Content/FirstPerson/Input/MobileControls.uexp" 58
"../../../Engine/Content/EditorResources/S_Actor.ubulk" 59
"../../../Engine/Content/EditorResources/S_Actor.uasset" 60
"../../../Engine/Content/EditorResources/S_Actor.uexp" 61
"../../../Engine/Content/EditorResources/S_BoxReflectionCapture.uasset" 62
"../../../Engine/Content/EditorResources/S_BoxReflectionCapture.uexp" 63
"../../../Engine/Content/EngineResources/DefaultTexture.ubulk" 64
"../../../Engine/Content/EngineResources/DefaultTexture.uasset" 65
"../../../Engine/Content/EngineResources/DefaultTexture.uexp" 66
"../../../Engine/Content/EngineResources/DefaultTextureCube.uasset" 67
"../../../Engine/Content/EngineResources/DefaultTextureCube.uexp" 68
"../../../Engine/Content/EngineResources/DefaultVolumeTexture2D.uasset" 69
"../../../Engine/Content/EngineResources/DefaultVolumeTexture2D.uexp" 70
"../../../Engine/Content/EngineResources/DefaultVolumeTexture.uasset" 71
"../../../Engine/Content/EngineResources/DefaultVolumeTexture.uexp" 72
"../../../Engine/Content/EditorResources/S_Trigger.ubulk" 73
"../../../Engine/Content/EditorResources/S_Trigger.uasset" 74
"../../../Engine/Content/EditorResources/S_Trigger.uexp" 75
"../../../Engine/Content/EditorResources/S_TriggerBox.uasset" 76
"../../../Engine/Content/EditorResources/S_TriggerBox.uexp" 77
"../../../Engine/Content/EditorResources/S_TriggerCapsule.uasset" 78
"../../../Engine/Content/EditorResources/S_TriggerCapsule.uexp" 79
"../../../Engine/Content/EditorResources/S_TriggerSphere.uasset" 80
"../../../Engine/Content/EditorResources/S_TriggerSphere.uexp" 81
"../../../Engine/Content/EngineMeshes/Sphere.ubulk" 82
"../../../Engine/Content/EngineMeshes/Sphere.uasset" 83
"../../../Engine/Content/EngineMeshes/Sphere.uexp" 84
"../../../Engine/Plugins/Runtime/MeshModelingToolset/Content/Materials/M_DynamicMeshComponentVtxColor.uasset" 85
"../../../Engine/Plugins/Runtime/MeshModelingToolset/Content/Materials/M_DynamicMeshComponentVtxColor.uexp" 86
"../../../Engine/Plugins/Runtime/HairStrands/Content/Materials/HairMeshesDefaultMaterial.uasset" 87
"../../../Engine/Plugins/Runtime/HairStrands/Content/Materials/HairMeshesDefaultMaterial.uexp" 88
"../../../Engine/Plugins/Runtime/HairStrands/Content/Materials/HairDefaultMaterial.uasset" 89
"../../../Engine/Plugins/Runtime/HairStrands/Content/Materials/HairDefaultMaterial.uexp" 90
"../../../Engine/Plugins/Runtime/HairStrands/Content/Materials/HairGroupColors.uasset" 91
"../../../Engine/Plugins/Runtime/HairStrands/Content/Materials/HairGroupColors.uexp" 92
"../../../Engine/Content/Functions/Engine_MaterialFunctions02/Utility/MakeFloat2.uasset" 93
"../../../Engine/Content/Functions/Engine_MaterialFunctions02/Utility/MakeFloat2.uexp" 94
"../../../Engine/Content/Functions/Engine_MaterialFunctions02/Utility/MakeFloat3.uasset" 95
"../../../Engine/Content/Functions/Engine_MaterialFunctions02/Utility/MakeFloat3.uexp" 96
"../../../Engine/Content/EngineMaterials/HairColorMap.uasset" 97
"../../../Engine/Content/EngineMaterials/HairColorMap.uexp" 98
"../../../Engine/Content/EngineMaterials/HairDebugColor.uasset" 99
"../../../Engine/Content/EngineMaterials/HairDebugColor.uexp" 100
"../../../Engine/Plugins/Runtime/HairStrands/Content/Materials/HairDebugMaterial.uasset" 101
"../../../Engine/Plugins/Runtime/HairStrands/Content/Materials/HairDebugMaterial.uexp" 102
"../../../Engine/Plugins/Runtime/HairStrands/Content/Materials/HairCardsDefaultMaterial.uasset" 103
"../../../Engine/Plugins/Runtime/HairStrands/Content/Materials/HairCardsDefaultMaterial.uexp" 104
"../../../Engine/Plugins/Runtime/AudioWidgets/Content/Resources/ScrubHandleDown_Clamped.uasset" 105
"../../../Engine/Plugins/Runtime/AudioWidgets/Content/Resources/ScrubHandleDown_Clamped.uexp" 106
"../../../Engine/Content/Functions/Engine_MaterialFunctions02/Texturing/CustomRotator.uasset" 107
"../../../Engine/Content/Functions/Engine_MaterialFunctions02/Texturing/CustomRotator.uexp" 108
"../../../Engine/Content/Functions/Engine_MaterialFunctions02/Utility/BreakOutFloat2Components.uasset" 109
"../../../Engine/Content/Functions/Engine_MaterialFunctions02/Utility/BreakOutFloat2Components.uexp" 110
"../../../Engine/Content/Functions/Engine_MaterialFunctions01/Texturing/ScaleUVsByCenter.uasset" 111
"../../../Engine/Content/Functions/Engine_MaterialFunctions01/Texturing/ScaleUVsByCenter.uexp" 112
"../../../Engine/Plugins/Runtime/AudioWidgets/Content/AudioMaterialSlate/Functions/MF_SingleLine_Smooth.uasset" 113
"../../../Engine/Plugins/Runtime/AudioWidgets/Content/AudioMaterialSlate/Functions/MF_SingleLine_Smooth.uexp" 114
"../../../Engine/Plugins/Runtime/AudioWidgets/Content/AudioMaterialSlate/Functions/MF_AngleGradient.uasset" 115
"../../../Engine/Plugins/Runtime/AudioWidgets/Content/AudioMaterialSlate/Functions/MF_AngleGradient.uexp" 116
"../../../Engine/Plugins/Runtime/AudioWidgets/Content/AudioMaterialSlate/Functions/MF_SingleLine.uasset" 117
"../../../Engine/Plugins/Runtime/AudioWidgets/Content/AudioMaterialSlate/Functions/MF_SingleLine.uexp" 118
"../../../Engine/Content/Functions/Engine_MaterialFunctions01/Gradient/SphereGradient-2D.uasset" 119
"../../../Engine/Content/Functions/Engine_MaterialFunctions01/Gradient/SphereGradient-2D.uexp" 120
"../../../Engine/Plugins/Runtime/AudioWidgets/Content/AudioMaterialSlate/M_AudioMaterialToggleButton.uasset" 121
"../../../Engine/Plugins/Runtime/AudioWidgets/Content/AudioMaterialSlate/M_AudioMaterialToggleButton.uexp" 122
"../../../Engine/Plugins/Runtime/AudioWidgets/Content/AudioMaterialSlate/MI_AudioMaterialToggleButton.uasset" 123
"../../../Engine/Plugins/Runtime/AudioWidgets/Content/AudioMaterialSlate/MI_AudioMaterialToggleButton.uexp" 124
"../../../Engine/Content/Functions/Engine_MaterialFunctions02/Utility/VectorLength.uasset" 125
"../../../Engine/Content/Functions/Engine_MaterialFunctions02/Utility/VectorLength.uexp" 126
"../../../Engine/Content/Functions/Engine_MaterialFunctions01/Gradient/GeneratedRoundRect.uasset" 127
"../../../Engine/Content/Functions/Engine_MaterialFunctions01/Gradient/GeneratedRoundRect.uexp" 128
"../../../Engine/Plugins/Runtime/AudioWidgets/Content/AudioMaterialSlate/M_AudioMaterialRoundedSlider.uasset" 129
"../../../Engine/Plugins/Runtime/AudioWidgets/Content/AudioMaterialSlate/M_AudioMaterialRoundedSlider.uexp" 130
"../../../Engine/Plugins/Runtime/AudioWidgets/Content/AudioMaterialSlate/MI_AudioMaterialRoundedSlider.uasset" 131
"../../../Engine/Plugins/Runtime/AudioWidgets/Content/AudioMaterialSlate/MI_AudioMaterialRoundedSlider.uexp" 132
"../../../Engine/Plugins/Runtime/AudioWidgets/Content/AudioMaterialSlate/Functions/MF_Lines.uasset" 133
"../../../Engine/Plugins/Runtime/AudioWidgets/Content/AudioMaterialSlate/Functions/MF_Lines.uexp" 134
"../../../Engine/Content/Functions/Engine_MaterialFunctions02/Lerp_3Color.uasset" 135
"../../../Engine/Content/Functions/Engine_MaterialFunctions02/Lerp_3Color.uexp" 136
"../../../Engine/Plugins/Runtime/AudioWidgets/Content/AudioMaterialSlate/M_AudioMaterialMeter.uasset" 137
"../../../Engine/Plugins/Runtime/AudioWidgets/Content/AudioMaterialSlate/M_AudioMaterialMeter.uexp" 138
"../../../Engine/Plugins/Runtime/AudioWidgets/Content/AudioMaterialSlate/MI_AudioMaterialMeter.uasset" 139
"../../../Engine/Plugins/Runtime/AudioWidgets/Content/AudioMaterialSlate/MI_AudioMaterialMeter.uexp" 140
"../../../Engine/Plugins/Runtime/AudioWidgets/Content/AudioMaterialSlate/M_AudioMaterialKnob.uasset" 141
"../../../Engine/Plugins/Runtime/AudioWidgets/Content/AudioMaterialSlate/M_AudioMaterialKnob.uexp" 142
"../../../Engine/Plugins/Runtime/AudioWidgets/Content/AudioMaterialSlate/MI_AudioMaterialKnob.uasset" 143
"../../../Engine/Plugins/Runtime/AudioWidgets/Content/AudioMaterialSlate/MI_AudioMaterialKnob.uexp" 144
"../../../Engine/Plugins/Runtime/AudioWidgets/Content/AudioMaterialSlate/Functions/MF_DotOutlined.uasset" 145
"../../../Engine/Plugins/Runtime/AudioWidgets/Content/AudioMaterialSlate/Functions/MF_DotOutlined.uexp" 146
"../../../Engine/Plugins/Runtime/AudioWidgets/Content/AudioMaterialSlate/M_AudioMaterialEnvelope_ADSR.uasset" 147
"../../../Engine/Plugins/Runtime/AudioWidgets/Content/AudioMaterialSlate/M_AudioMaterialEnvelope_ADSR.uexp" 148
"../../../Engine/Plugins/Runtime/AudioWidgets/Content/AudioMaterialSlate/MI_AudioMaterialEnvelope_ADSR.uasset" 149
"../../../Engine/Plugins/Runtime/AudioWidgets/Content/AudioMaterialSlate/MI_AudioMaterialEnvelope_ADSR.uexp" 150
"../../../Engine/Plugins/NNE/NNEDenoiser/Content/NNEDTOM_Output_Default.uasset" 151
"../../../Engine/Plugins/NNE/NNEDenoiser/Content/NNEDTOM_Output_Default.uexp" 152
"../../../Engine/Plugins/NNE/NNEDenoiser/Content/NNEDTOM_Output_Alpha.uasset" 153
"../../../Engine/Plugins/NNE/NNEDenoiser/Content/NNEDTOM_Output_Alpha.uexp" 154
"../../../Engine/Plugins/NNE/NNEDenoiser/Content/NNEDTIM_ColorAlbedoNormal_Default.uasset" 155
"../../../Engine/Plugins/NNE/NNEDenoiser/Content/NNEDTIM_ColorAlbedoNormal_Default.uexp" 156
"../../../Engine/Plugins/NNE/NNEDenoiser/Content/NNEDTIM_ColorAlbedoNormal_Alpha.uasset" 157
"../../../Engine/Plugins/NNE/NNEDenoiser/Content/NNEDTIM_ColorAlbedoNormal_Alpha.uexp" 158
"../../../Engine/Plugins/NNE/NNEDenoiser/Content/NNEDOM_Output_Default.uasset" 159
"../../../Engine/Plugins/NNE/NNEDenoiser/Content/NNEDOM_Output_Default.uexp" 160
"../../../Engine/Plugins/NNE/NNEDenoiser/Content/NNEDOM_Output_Alpha.uasset" 161
"../../../Engine/Plugins/NNE/NNEDenoiser/Content/NNEDOM_Output_Alpha.uexp" 162
"../../../Engine/Plugins/NNE/NNEDenoiser/Content/NNEDIM_HighQuality_Default.uasset" 163
"../../../Engine/Plugins/NNE/NNEDenoiser/Content/NNEDIM_HighQuality_Default.uexp" 164
"../../../Engine/Plugins/NNE/NNEDenoiser/Content/NNEDIM_HighQuality_Alpha.uasset" 165
"../../../Engine/Plugins/NNE/NNEDenoiser/Content/NNEDIM_HighQuality_Alpha.uexp" 166
"../../../Engine/Plugins/NNE/NNEDenoiser/Content/NNEDIM_ColorAlbedoNormal_Default.uasset" 167
"../../../Engine/Plugins/NNE/NNEDenoiser/Content/NNEDIM_ColorAlbedoNormal_Default.uexp" 168
"../../../Engine/Plugins/NNE/NNEDenoiser/Content/NNEDIM_ColorAlbedoNormal_Alpha.uasset" 169
"../../../Engine/Plugins/NNE/NNEDenoiser/Content/NNEDIM_ColorAlbedoNormal_Alpha.uexp" 170
"../../../Engine/Content/EngineMaterials/T_Default_Material_Grid_M.ubulk" 171
"../../../Engine/Content/EngineMaterials/T_Default_Material_Grid_M.uasset" 172
"../../../Engine/Content/EngineMaterials/T_Default_Material_Grid_M.uexp" 173
"../../../Engine/Content/EngineMaterials/T_Default_Material_Grid_N.ubulk" 174
"../../../Engine/Content/EngineMaterials/T_Default_Material_Grid_N.uasset" 175
"../../../Engine/Content/EngineMaterials/T_Default_Material_Grid_N.uexp" 176
"../../../Engine/Content/Functions/Engine_MaterialFunctions01/Opacity/CameraDepthFade.uasset" 177
"../../../Engine/Content/Functions/Engine_MaterialFunctions01/Opacity/CameraDepthFade.uexp" 178
"../../../Engine/Content/EngineMaterials/WorldGridMaterial.uasset" 179
"../../../Engine/Content/EngineMaterials/WorldGridMaterial.uexp" 180
"../../../Engine/Plugins/Media/MediaPlate/Content/SM_MediaPlateScreen.ubulk" 181
"../../../Engine/Plugins/Media/MediaPlate/Content/SM_MediaPlateScreen.uasset" 182
"../../../Engine/Plugins/Media/MediaPlate/Content/SM_MediaPlateScreen.uexp" 183
"../../../Engine/Plugins/Interchange/Assets/Content/Functions/MX_UsdPreviewSurface.uasset" 184
"../../../Engine/Plugins/Interchange/Assets/Content/Functions/MX_UsdPreviewSurface.uexp" 185
"../../../Engine/Plugins/Interchange/Assets/Content/Functions/MX_UniformEDF.uasset" 186
"../../../Engine/Plugins/Interchange/Assets/Content/Functions/MX_UniformEDF.uexp" 187
"../../../Engine/Plugins/Interchange/Assets/Content/Functions/MX_TranslucentBSDF.uasset" 188
"../../../Engine/Plugins/Interchange/Assets/Content/Functions/MX_TranslucentBSDF.uexp" 189
"../../../Engine/Plugins/Interchange/Assets/Content/Functions/MX_ThinFilmBSDF.uasset" 190
"../../../Engine/Plugins/Interchange/Assets/Content/Functions/MX_ThinFilmBSDF.uexp" 191
"../../../Engine/Plugins/Interchange/Assets/Content/Functions/MX_SurfaceUnlit.uasset" 192
"../../../Engine/Plugins/Interchange/Assets/Content/Functions/MX_SurfaceUnlit.uexp" 193
"../../../Engine/Plugins/Interchange/Assets/Content/Functions/MX_Surface.uasset" 194
"../../../Engine/Plugins/Interchange/Assets/Content/Functions/MX_Surface.uexp" 195
"../../../Engine/Plugins/Interchange/Assets/Content/Functions/MX_SubsurfaceBSDF.uasset" 196
"../../../Engine/Plugins/Interchange/Assets/Content/Functions/MX_SubsurfaceBSDF.uexp" 197
"../../../Engine/Plugins/Interchange/Assets/Content/Functions/MX_SheenBSDF.uasset" 198
"../../../Engine/Plugins/Interchange/Assets/Content/Functions/MX_SheenBSDF.uexp" 199
"../../../Engine/Plugins/Interchange/Assets/Content/Functions/MX_OrenNayarBSDF.uasset" 200
"../../../Engine/Plugins/Interchange/Assets/Content/Functions/MX_OrenNayarBSDF.uexp" 201
"../../../Engine/Plugins/Interchange/Assets/Content/Utilities/New_LUT.uasset" 202
"../../../Engine/Plugins/Interchange/Assets/Content/Utilities/New_LUT.uexp" 203
"../../../Engine/Content/Functions/Engine_MaterialFunctions03/Math/RemapValueRange.uasset" 204
"../../../Engine/Content/Functions/Engine_MaterialFunctions03/Math/RemapValueRange.uexp" 205
"../../../Engine/Plugins/Interchange/Assets/Content/Functions/MF_Iridescence.uasset" 206
"../../../Engine/Plugins/Interchange/Assets/Content/Functions/MF_Iridescence.uexp" 207
"../../../Engine/Plugins/Interchange/Assets/Content/Functions/MX_StandardSurface.uasset" 208
"../../../Engine/Plugins/Interchange/Assets/Content/Functions/MX_StandardSurface.uexp" 209
"../../../Engine/Plugins/Interchange/Assets/Content/Functions/MX_TransmissionSurface.uasset" 210
"../../../Engine/Plugins/Interchange/Assets/Content/Functions/MX_TransmissionSurface.uexp" 211
"../../../Engine/Plugins/Interchange/Assets/Content/Functions/MX_OpenPBR_Translucent.uasset" 212
"../../../Engine/Plugins/Interchange/Assets/Content/Functions/MX_OpenPBR_Translucent.uexp" 213
"../../../Engine/Plugins/Interchange/Assets/Content/Functions/MX_OpenPBR_Opaque.uasset" 214
"../../../Engine/Plugins/Interchange/Assets/Content/Functions/MX_OpenPBR_Opaque.uexp" 215
"../../../Engine/Plugins/Interchange/Assets/Content/Functions/MX_MeasuredEDF.uasset" 216
"../../../Engine/Plugins/Interchange/Assets/Content/Functions/MX_MeasuredEDF.uexp" 217
"../../../Engine/Plugins/Interchange/Assets/Content/Functions/MX_GeneralizedSchlickBSDF.uasset" 218
"../../../Engine/Plugins/Interchange/Assets/Content/Functions/MX_GeneralizedSchlickBSDF.uexp" 219
"../../../Engine/Plugins/Interchange/Assets/Content/Functions/MX_DielectricBSDF.uasset" 220
"../../../Engine/Plugins/Interchange/Assets/Content/Functions/MX_DielectricBSDF.uexp" 221
"../../../Engine/Plugins/Interchange/Assets/Content/Functions/MX_ConicalEDF.uasset" 222
"../../../Engine/Plugins/Interchange/Assets/Content/Functions/MX_ConicalEDF.uexp" 223
"../../../Engine/Plugins/Interchange/Assets/Content/Functions/MX_ConductorBSDF.uasset" 224
"../../../Engine/Plugins/Interchange/Assets/Content/Functions/MX_ConductorBSDF.uexp" 225
"../../../Engine/Plugins/Interchange/Assets/Content/Functions/MX_BurleyDiffuseBSDF.uasset" 226
"../../../Engine/Plugins/Interchange/Assets/Content/Functions/MX_BurleyDiffuseBSDF.uexp" 227
"../../../Engine/Plugins/Interchange/Assets/Content/Functions/MX_AnisotropicVDF.uasset" 228
"../../../Engine/Plugins/Interchange/Assets/Content/Functions/MX_AnisotropicVDF.uexp" 229
"../../../Engine/Plugins/Interchange/Assets/Content/Functions/MX_AbsorptionVDF.uasset" 230
"../../../Engine/Plugins/Interchange/Assets/Content/Functions/MX_AbsorptionVDF.uexp" 231
"../../../Engine/Plugins/Editor/SpeedTreeImporter/Content/SpeedTree9/game_wind_noise.ubulk" 232
"../../../Engine/Plugins/Editor/SpeedTreeImporter/Content/SpeedTree9/game_wind_noise.uasset" 233
"../../../Engine/Plugins/Editor/SpeedTreeImporter/Content/SpeedTree9/game_wind_noise.uexp" 234
"../../../Engine/Plugins/Editor/SpeedTreeImporter/Content/SpeedTree9/UnpackDirection.uasset" 235
"../../../Engine/Plugins/Editor/SpeedTreeImporter/Content/SpeedTree9/UnpackDirection.uexp" 236
"../../../Engine/Content/Functions/Engine_MaterialFunctions02/ObjectLocalBounds.uasset" 237
"../../../Engine/Content/Functions/Engine_MaterialFunctions02/ObjectLocalBounds.uexp" 238
"../../../Engine/Content/Functions/Engine_MaterialFunctions02/Utility/BreakOutFloat3Components.uasset" 239
"../../../Engine/Content/Functions/Engine_MaterialFunctions02/Utility/BreakOutFloat3Components.uexp" 240
"../../../Engine/Content/Functions/Engine_MaterialFunctions02/UVs/BoundingBoxBased_0-1_UVW.uasset" 241
"../../../Engine/Content/Functions/Engine_MaterialFunctions02/UVs/BoundingBoxBased_0-1_UVW.uexp" 242
"../../../Engine/Plugins/Editor/SpeedTreeImporter/Content/SpeedTree9/UnpackInteger3.uasset" 243
"../../../Engine/Plugins/Editor/SpeedTreeImporter/Content/SpeedTree9/UnpackInteger3.uexp" 244
"../../../Engine/Plugins/Editor/SpeedTreeImporter/Content/SpeedTree9/SpeedTreeCameraFacing.uasset" 245
"../../../Engine/Plugins/Editor/SpeedTreeImporter/Content/SpeedTree9/SpeedTreeCameraFacing.uexp" 246
"../../../Engine/Content/Functions/Engine_MaterialFunctions02/WorldPositionOffset/ObjectScale.uasset" 247
"../../../Engine/Content/Functions/Engine_MaterialFunctions02/WorldPositionOffset/ObjectScale.uexp" 248
"../../../Engine/Content/Functions/Engine_MaterialFunctions02/SafeNormalize.uasset" 249
"../../../Engine/Content/Functions/Engine_MaterialFunctions02/SafeNormalize.uexp" 250
"../../../Engine/Plugins/Editor/SpeedTreeImporter/Content/SpeedTree9/SpeedTreeWindMotion.uasset" 251
"../../../Engine/Plugins/Editor/SpeedTreeImporter/Content/SpeedTree9/SpeedTreeWindMotion.uexp" 252
"../../../Engine/Plugins/Editor/SpeedTreeImporter/Content/SpeedTree9/SpeedTreeBranchMotion.uasset" 253
"../../../Engine/Plugins/Editor/SpeedTreeImporter/Content/SpeedTree9/SpeedTreeBranchMotion.uexp" 254
"../../../Engine/Plugins/Editor/SpeedTreeImporter/Content/SpeedTree9/SpeedTreeWind.uasset" 255
"../../../Engine/Plugins/Editor/SpeedTreeImporter/Content/SpeedTree9/SpeedTreeWind.uexp" 256
"../../../Engine/Plugins/Editor/SpeedTreeImporter/Content/SpeedTree9/EmptyNormal.uasset" 257
"../../../Engine/Plugins/Editor/SpeedTreeImporter/Content/SpeedTree9/EmptyNormal.uexp" 258
"../../../Engine/Plugins/Editor/SpeedTreeImporter/Content/SpeedTree9/Empty.uasset" 259
"../../../Engine/Plugins/Editor/SpeedTreeImporter/Content/SpeedTree9/Empty.uexp" 260
"../../../Engine/Plugins/Editor/SpeedTreeImporter/Content/SpeedTree9/SpeedTreeMaster.uasset" 261
"../../../Engine/Plugins/Editor/SpeedTreeImporter/Content/SpeedTree9/SpeedTreeMaster.uexp" 262
"../../../Engine/Plugins/Editor/SpeedTreeImporter/Content/SpeedTree9/SpeedTreeBillboard.uasset" 263
"../../../Engine/Plugins/Editor/SpeedTreeImporter/Content/SpeedTree9/SpeedTreeBillboard.uexp" 264
"../../../Engine/Plugins/Editor/SpeedTreeImporter/Content/SpeedTree9/SpeedTreeBillboardMaster.uasset" 265
"../../../Engine/Plugins/Editor/SpeedTreeImporter/Content/SpeedTree9/SpeedTreeBillboardMaster.uexp" 266
"../../../Engine/Content/Functions/Engine_MaterialFunctions02/WorldPositionOffset/CameraOffset.uasset" 267
"../../../Engine/Content/Functions/Engine_MaterialFunctions02/WorldPositionOffset/CameraOffset.uexp" 268
"../../../Engine/Plugins/Animation/ControlRig/Content/M_Manip.uasset" 269
"../../../Engine/Plugins/Animation/ControlRig/Content/M_Manip.uexp" 270
"../../../Engine/Plugins/Animation/ControlRig/Content/Controls/ControlRig_Wedge_solid.ubulk" 271
"../../../Engine/Plugins/Animation/ControlRig/Content/Controls/ControlRig_Wedge_solid.uasset" 272
"../../../Engine/Plugins/Animation/ControlRig/Content/Controls/ControlRig_Wedge_solid.uexp" 273
"../../../Engine/Plugins/Animation/ControlRig/Content/Controls/ControlRig_Wedge_3mm.ubulk" 274
"../../../Engine/Plugins/Animation/ControlRig/Content/Controls/ControlRig_Wedge_3mm.uasset" 275
"../../../Engine/Plugins/Animation/ControlRig/Content/Controls/ControlRig_Wedge_3mm.uexp" 276
"../../../Engine/Plugins/Animation/ControlRig/Content/Controls/ControlRig_Wedge_1mm.ubulk" 277
"../../../Engine/Plugins/Animation/ControlRig/Content/Controls/ControlRig_Wedge_1mm.uasset" 278
"../../../Engine/Plugins/Animation/ControlRig/Content/Controls/ControlRig_Wedge_1mm.uexp" 279
"../../../Engine/Plugins/Animation/ControlRig/Content/Controls/ControlRig_Triangle_solid.ubulk" 280
"../../../Engine/Plugins/Animation/ControlRig/Content/Controls/ControlRig_Triangle_solid.uasset" 281
"../../../Engine/Plugins/Animation/ControlRig/Content/Controls/ControlRig_Triangle_solid.uexp" 282
"../../../Engine/Plugins/Animation/ControlRig/Content/Controls/ControlRig_Triangle_3mm.ubulk" 283
"../../../Engine/Plugins/Animation/ControlRig/Content/Controls/ControlRig_Triangle_3mm.uasset" 284
"../../../Engine/Plugins/Animation/ControlRig/Content/Controls/ControlRig_Triangle_3mm.uexp" 285
"../../../Engine/Plugins/Animation/ControlRig/Content/Controls/ControlRig_Triangle_1mm.ubulk" 286
"../../../Engine/Plugins/Animation/ControlRig/Content/Controls/ControlRig_Triangle_1mm.uasset" 287
"../../../Engine/Plugins/Animation/ControlRig/Content/Controls/ControlRig_Triangle_1mm.uexp" 288
"../../../Engine/Plugins/Animation/ControlRig/Content/Controls/ControlRig_Star4_solid.ubulk" 289
"../../../Engine/Plugins/Animation/ControlRig/Content/Controls/ControlRig_Star4_solid.uasset" 290
"../../../Engine/Plugins/Animation/ControlRig/Content/Controls/ControlRig_Star4_solid.uexp" 291
"../../../Engine/Plugins/Animation/ControlRig/Content/Controls/ControlRig_Star4_3mm.ubulk" 292
"../../../Engine/Plugins/Animation/ControlRig/Content/Controls/ControlRig_Star4_3mm.uasset" 293
"../../../Engine/Plugins/Animation/ControlRig/Content/Controls/ControlRig_Star4_3mm.uexp" 294
"../../../Engine/Plugins/Animation/ControlRig/Content/Controls/ControlRig_Star4_1mm.ubulk" 295
"../../../Engine/Plugins/Animation/ControlRig/Content/Controls/ControlRig_Star4_1mm.uasset" 296
"../../../Engine/Plugins/Animation/ControlRig/Content/Controls/ControlRig_Star4_1mm.uexp" 297
"../../../Engine/Plugins/Animation/ControlRig/Content/Controls/ControlRig_Square_solid.ubulk" 298
"../../../Engine/Plugins/Animation/ControlRig/Content/Controls/ControlRig_Square_solid.uasset" 299
"../../../Engine/Plugins/Animation/ControlRig/Content/Controls/ControlRig_Square_solid.uexp" 300
"../../../Engine/Plugins/Animation/ControlRig/Content/Controls/ControlRig_Square_3mm.ubulk" 301
"../../../Engine/Plugins/Animation/ControlRig/Content/Controls/ControlRig_Square_3mm.uasset" 302
"../../../Engine/Plugins/Animation/ControlRig/Content/Controls/ControlRig_Square_3mm.uexp" 303
"../../../Engine/Plugins/Animation/ControlRig/Content/Controls/ControlRig_Square_1mm.ubulk" 304
"../../../Engine/Plugins/Animation/ControlRig/Content/Controls/ControlRig_Square_1mm.uasset" 305
"../../../Engine/Plugins/Animation/ControlRig/Content/Controls/ControlRig_Square_1mm.uexp" 306
"../../../Engine/Plugins/Animation/ControlRig/Content/Controls/ControlRig_Sphere_solid.ubulk" 307
"../../../Engine/Plugins/Animation/ControlRig/Content/Controls/ControlRig_Sphere_solid.uasset" 308
"../../../Engine/Plugins/Animation/ControlRig/Content/Controls/ControlRig_Sphere_solid.uexp" 309
"../../../Engine/Plugins/Animation/ControlRig/Content/Controls/ControlRig_Sphere_3mm.ubulk" 310
"../../../Engine/Plugins/Animation/ControlRig/Content/Controls/ControlRig_Sphere_3mm.uasset" 311
"../../../Engine/Plugins/Animation/ControlRig/Content/Controls/ControlRig_Sphere_3mm.uexp" 312
"../../../Engine/Plugins/Animation/ControlRig/Content/Controls/ControlRig_Sphere_1mm.ubulk" 313
"../../../Engine/Plugins/Animation/ControlRig/Content/Controls/ControlRig_Sphere_1mm.uasset" 314
"../../../Engine/Plugins/Animation/ControlRig/Content/Controls/ControlRig_Sphere_1mm.uexp" 315
"../../../Engine/Plugins/Animation/ControlRig/Content/Controls/ControlRig_RoundedTriangle_solid.ubulk" 316
"../../../Engine/Plugins/Animation/ControlRig/Content/Controls/ControlRig_RoundedTriangle_solid.uasset" 317
"../../../Engine/Plugins/Animation/ControlRig/Content/Controls/ControlRig_RoundedTriangle_solid.uexp" 318
"../../../Engine/Plugins/Animation/ControlRig/Content/Controls/ControlRig_RoundedTriangle_3mm.ubulk" 319
"../../../Engine/Plugins/Animation/ControlRig/Content/Controls/ControlRig_RoundedTriangle_3mm.uasset" 320
"../../../Engine/Plugins/Animation/ControlRig/Content/Controls/ControlRig_RoundedTriangle_3mm.uexp" 321
"../../../Engine/Plugins/Animation/ControlRig/Content/Controls/ControlRig_RoundedTriangle_1mm.ubulk" 322
"../../../Engine/Plugins/Animation/ControlRig/Content/Controls/ControlRig_RoundedTriangle_1mm.uasset" 323
"../../../Engine/Plugins/Animation/ControlRig/Content/Controls/ControlRig_RoundedTriangle_1mm.uexp" 324
"../../../Engine/Plugins/Animation/ControlRig/Content/Controls/ControlRig_RoundedSquare_solid.ubulk" 325
"../../../Engine/Plugins/Animation/ControlRig/Content/Controls/ControlRig_RoundedSquare_solid.uasset" 326
"../../../Engine/Plugins/Animation/ControlRig/Content/Controls/ControlRig_RoundedSquare_solid.uexp" 327
"../../../Engine/Plugins/Animation/ControlRig/Content/Controls/ControlRig_RoundedSquare_3mm.ubulk" 328
"../../../Engine/Plugins/Animation/ControlRig/Content/Controls/ControlRig_RoundedSquare_3mm.uasset" 329
"../../../Engine/Plugins/Animation/ControlRig/Content/Controls/ControlRig_RoundedSquare_3mm.uexp" 330
"../../../Engine/Plugins/Animation/ControlRig/Content/Controls/ControlRig_RoundedSquare_1mm.ubulk" 331
"../../../Engine/Plugins/Animation/ControlRig/Content/Controls/ControlRig_RoundedSquare_1mm.uasset" 332
"../../../Engine/Plugins/Animation/ControlRig/Content/Controls/ControlRig_RoundedSquare_1mm.uexp" 333
"../../../Engine/Plugins/Animation/ControlRig/Content/Controls/ControlRig_QuarterCircle_solid.ubulk" 334
"../../../Engine/Plugins/Animation/ControlRig/Content/Controls/ControlRig_QuarterCircle_solid.uasset" 335
"../../../Engine/Plugins/Animation/ControlRig/Content/Controls/ControlRig_QuarterCircle_solid.uexp" 336
"../../../Engine/Plugins/Animation/ControlRig/Content/Controls/ControlRig_QuarterCircle_3mm.ubulk" 337
"../../../Engine/Plugins/Animation/ControlRig/Content/Controls/ControlRig_QuarterCircle_3mm.uasset" 338
"../../../Engine/Plugins/Animation/ControlRig/Content/Controls/ControlRig_QuarterCircle_3mm.uexp" 339
"../../../Engine/Plugins/Animation/ControlRig/Content/Controls/ControlRig_QuarterCircle_1mm.ubulk" 340
"../../../Engine/Plugins/Animation/ControlRig/Content/Controls/ControlRig_QuarterCircle_1mm.uasset" 341
"../../../Engine/Plugins/Animation/ControlRig/Content/Controls/ControlRig_QuarterCircle_1mm.uexp" 342
"../../../Engine/Plugins/Animation/ControlRig/Content/Controls/ControlRig_Pyramid_solid.ubulk" 343
"../../../Engine/Plugins/Animation/ControlRig/Content/Controls/ControlRig_Pyramid_solid.uasset" 344
"../../../Engine/Plugins/Animation/ControlRig/Content/Controls/ControlRig_Pyramid_solid.uexp" 345
"../../../Engine/Plugins/Animation/ControlRig/Content/Controls/ControlRig_Pyramid_3mm.ubulk" 346
"../../../Engine/Plugins/Animation/ControlRig/Content/Controls/ControlRig_Pyramid_3mm.uasset" 347
"../../../Engine/Plugins/Animation/ControlRig/Content/Controls/ControlRig_Pyramid_3mm.uexp" 348
"../../../Engine/Plugins/Animation/ControlRig/Content/Controls/ControlRig_Pyramid_1mm.ubulk" 349
"../../../Engine/Plugins/Animation/ControlRig/Content/Controls/ControlRig_Pyramid_1mm.uasset" 350
"../../../Engine/Plugins/Animation/ControlRig/Content/Controls/ControlRig_Pyramid_1mm.uexp" 351
"../../../Engine/Plugins/Animation/ControlRig/Content/Controls/ControlRig_Octagon_solid.ubulk" 352
"../../../Engine/Plugins/Animation/ControlRig/Content/Controls/ControlRig_Octagon_solid.uasset" 353
"../../../Engine/Plugins/Animation/ControlRig/Content/Controls/ControlRig_Octagon_solid.uexp" 354
"../../../Engine/Plugins/Animation/ControlRig/Content/Controls/ControlRig_Octagon_3mm.ubulk" 355
"../../../Engine/Plugins/Animation/ControlRig/Content/Controls/ControlRig_Octagon_3mm.uasset" 356
"../../../Engine/Plugins/Animation/ControlRig/Content/Controls/ControlRig_Octagon_3mm.uexp" 357
"../../../Engine/Plugins/Animation/ControlRig/Content/Controls/ControlRig_Octagon_1mm.ubulk" 358
"../../../Engine/Plugins/Animation/ControlRig/Content/Controls/ControlRig_Octagon_1mm.uasset" 359
"../../../Engine/Plugins/Animation/ControlRig/Content/Controls/ControlRig_Octagon_1mm.uexp" 360
"../../../Engine/Plugins/Animation/ControlRig/Content/Controls/ControlRig_Hexagon_solid.ubulk" 361
"../../../Engine/Plugins/Animation/ControlRig/Content/Controls/ControlRig_Hexagon_solid.uasset" 362
"../../../Engine/Plugins/Animation/ControlRig/Content/Controls/ControlRig_Hexagon_solid.uexp" 363
"../../../Engine/Plugins/Animation/ControlRig/Content/Controls/ControlRig_Hexagon_3mm.ubulk" 364
"../../../Engine/Plugins/Animation/ControlRig/Content/Controls/ControlRig_Hexagon_3mm.uasset" 365
"../../../Engine/Plugins/Animation/ControlRig/Content/Controls/ControlRig_Hexagon_3mm.uexp" 366
"../../../Engine/Plugins/Animation/ControlRig/Content/Controls/ControlRig_Hexagon_1mm.ubulk" 367
"../../../Engine/Plugins/Animation/ControlRig/Content/Controls/ControlRig_Hexagon_1mm.uasset" 368
"../../../Engine/Plugins/Animation/ControlRig/Content/Controls/ControlRig_Hexagon_1mm.uexp" 369
"../../../Engine/Plugins/Animation/ControlRig/Content/Controls/ControlRig_HalfCircle_solid.ubulk" 370
"../../../Engine/Plugins/Animation/ControlRig/Content/Controls/ControlRig_HalfCircle_solid.uasset" 371
"../../../Engine/Plugins/Animation/ControlRig/Content/Controls/ControlRig_HalfCircle_solid.uexp" 372
"../../../Engine/Plugins/Animation/ControlRig/Content/Controls/ControlRig_HalfCircle_3mm.ubulk" 373
"../../../Engine/Plugins/Animation/ControlRig/Content/Controls/ControlRig_HalfCircle_3mm.uasset" 374
"../../../Engine/Plugins/Animation/ControlRig/Content/Controls/ControlRig_HalfCircle_3mm.uexp" 375
"../../../Engine/Plugins/Animation/ControlRig/Content/Controls/ControlRig_HalfCircle_1mm.ubulk" 376
"../../../Engine/Plugins/Animation/ControlRig/Content/Controls/ControlRig_HalfCircle_1mm.uasset" 377
"../../../Engine/Plugins/Animation/ControlRig/Content/Controls/ControlRig_HalfCircle_1mm.uexp" 378
"../../../Engine/Plugins/Animation/ControlRig/Content/Controls/ControlRig_Diamond_solid.ubulk" 379
"../../../Engine/Plugins/Animation/ControlRig/Content/Controls/ControlRig_Diamond_solid.uasset" 380
"../../../Engine/Plugins/Animation/ControlRig/Content/Controls/ControlRig_Diamond_solid.uexp" 381
"../../../Engine/Plugins/Animation/ControlRig/Content/Controls/ControlRig_Diamond_3mm.ubulk" 382
"../../../Engine/Plugins/Animation/ControlRig/Content/Controls/ControlRig_Diamond_3mm.uasset" 383
"../../../Engine/Plugins/Animation/ControlRig/Content/Controls/ControlRig_Diamond_3mm.uexp" 384
"../../../Engine/Plugins/Animation/ControlRig/Content/Controls/ControlRig_Diamond_1mm.ubulk" 385
"../../../Engine/Plugins/Animation/ControlRig/Content/Controls/ControlRig_Diamond_1mm.uasset" 386
"../../../Engine/Plugins/Animation/ControlRig/Content/Controls/ControlRig_Diamond_1mm.uexp" 387
"../../../Engine/Plugins/Animation/ControlRig/Content/Controls/ControlRig_Circle_solid.ubulk" 388
"../../../Engine/Plugins/Animation/ControlRig/Content/Controls/ControlRig_Circle_solid.uasset" 389
"../../../Engine/Plugins/Animation/ControlRig/Content/Controls/ControlRig_Circle_solid.uexp" 390
"../../../Engine/Plugins/Animation/ControlRig/Content/Controls/ControlRig_Circle_3mm.ubulk" 391
"../../../Engine/Plugins/Animation/ControlRig/Content/Controls/ControlRig_Circle_3mm.uasset" 392
"../../../Engine/Plugins/Animation/ControlRig/Content/Controls/ControlRig_Circle_3mm.uexp" 393
"../../../Engine/Plugins/Animation/ControlRig/Content/Controls/ControlRig_Circle_1mm.ubulk" 394
"../../../Engine/Plugins/Animation/ControlRig/Content/Controls/ControlRig_Circle_1mm.uasset" 395
"../../../Engine/Plugins/Animation/ControlRig/Content/Controls/ControlRig_Circle_1mm.uexp" 396
"../../../Engine/Plugins/Animation/ControlRig/Content/Controls/ControlRig_Box_solid.ubulk" 397
"../../../Engine/Plugins/Animation/ControlRig/Content/Controls/ControlRig_Box_solid.uasset" 398
"../../../Engine/Plugins/Animation/ControlRig/Content/Controls/ControlRig_Box_solid.uexp" 399
"../../../Engine/Plugins/Animation/ControlRig/Content/Controls/ControlRig_Box_3mm.ubulk" 400
"../../../Engine/Plugins/Animation/ControlRig/Content/Controls/ControlRig_Box_3mm.uasset" 401
"../../../Engine/Plugins/Animation/ControlRig/Content/Controls/ControlRig_Box_3mm.uexp" 402
"../../../Engine/Plugins/Animation/ControlRig/Content/Controls/ControlRig_Box_1mm.ubulk" 403
"../../../Engine/Plugins/Animation/ControlRig/Content/Controls/ControlRig_Box_1mm.uasset" 404
"../../../Engine/Plugins/Animation/ControlRig/Content/Controls/ControlRig_Box_1mm.uexp" 405
"../../../Engine/Plugins/Animation/ControlRig/Content/Controls/ControlRig_Arrow_solid.ubulk" 406
"../../../Engine/Plugins/Animation/ControlRig/Content/Controls/ControlRig_Arrow_solid.uasset" 407
"../../../Engine/Plugins/Animation/ControlRig/Content/Controls/ControlRig_Arrow_solid.uexp" 408
"../../../Engine/Plugins/Animation/ControlRig/Content/Controls/ControlRig_Arrow_3mm.ubulk" 409
"../../../Engine/Plugins/Animation/ControlRig/Content/Controls/ControlRig_Arrow_3mm.uasset" 410
"../../../Engine/Plugins/Animation/ControlRig/Content/Controls/ControlRig_Arrow_3mm.uexp" 411
"../../../Engine/Plugins/Animation/ControlRig/Content/Controls/ControlRig_Arrow_1mm.ubulk" 412
"../../../Engine/Plugins/Animation/ControlRig/Content/Controls/ControlRig_Arrow_1mm.uasset" 413
"../../../Engine/Plugins/Animation/ControlRig/Content/Controls/ControlRig_Arrow_1mm.uexp" 414
"../../../Engine/Plugins/Animation/ControlRig/Content/Controls/ControlRig_Arrow4_solid.ubulk" 415
"../../../Engine/Plugins/Animation/ControlRig/Content/Controls/ControlRig_Arrow4_solid.uasset" 416
"../../../Engine/Plugins/Animation/ControlRig/Content/Controls/ControlRig_Arrow4_solid.uexp" 417
"../../../Engine/Plugins/Animation/ControlRig/Content/Controls/ControlRig_Arrow4_3mm.ubulk" 418
"../../../Engine/Plugins/Animation/ControlRig/Content/Controls/ControlRig_Arrow4_3mm.uasset" 419
"../../../Engine/Plugins/Animation/ControlRig/Content/Controls/ControlRig_Arrow4_3mm.uexp" 420
"../../../Engine/Plugins/Animation/ControlRig/Content/Controls/ControlRig_Arrow4_1mm.ubulk" 421
"../../../Engine/Plugins/Animation/ControlRig/Content/Controls/ControlRig_Arrow4_1mm.uasset" 422
"../../../Engine/Plugins/Animation/ControlRig/Content/Controls/ControlRig_Arrow4_1mm.uexp" 423
"../../../Engine/Plugins/Animation/ControlRig/Content/Controls/ControlRig_Arrow2_solid.ubulk" 424
"../../../Engine/Plugins/Animation/ControlRig/Content/Controls/ControlRig_Arrow2_solid.uasset" 425
"../../../Engine/Plugins/Animation/ControlRig/Content/Controls/ControlRig_Arrow2_solid.uexp" 426
"../../../Engine/Plugins/Animation/ControlRig/Content/Controls/ControlRig_Arrow2_3mm.ubulk" 427
"../../../Engine/Plugins/Animation/ControlRig/Content/Controls/ControlRig_Arrow2_3mm.uasset" 428
"../../../Engine/Plugins/Animation/ControlRig/Content/Controls/ControlRig_Arrow2_3mm.uexp" 429
"../../../Engine/Plugins/Animation/ControlRig/Content/Controls/ControlRig_Arrow2_1mm.ubulk" 430
"../../../Engine/Plugins/Animation/ControlRig/Content/Controls/ControlRig_Arrow2_1mm.uasset" 431
"../../../Engine/Plugins/Animation/ControlRig/Content/Controls/ControlRig_Arrow2_1mm.uexp" 432
"../../../Engine/Plugins/Animation/ControlRig/Content/Controls/ControlRigXRayMaterial.uasset" 433
"../../../Engine/Plugins/Animation/ControlRig/Content/Controls/ControlRigXRayMaterial.uexp" 434
"../../../Engine/Plugins/Animation/ControlRig/Content/Controls/ControlRigGizmoMaterial.uasset" 435
"../../../Engine/Plugins/Animation/ControlRig/Content/Controls/ControlRigGizmoMaterial.uexp" 436
"../../../Engine/Plugins/2D/Paper2D/Content/DefaultSpriteMaterial.uasset" 437
"../../../Engine/Plugins/2D/Paper2D/Content/DefaultSpriteMaterial.uexp" 438
"../../../Engine/Plugins/2D/Paper2D/Content/OpaqueUnlitSpriteMaterial.uasset" 439
"../../../Engine/Plugins/2D/Paper2D/Content/OpaqueUnlitSpriteMaterial.uexp" 440
"../../../Engine/Plugins/2D/Paper2D/Content/MaskedUnlitSpriteMaterial.uasset" 441
"../../../Engine/Plugins/2D/Paper2D/Content/MaskedUnlitSpriteMaterial.uexp" 442
"../../../Engine/Content/EngineResources/GradientTexture0.uasset" 443
"../../../Engine/Content/EngineResources/GradientTexture0.uexp" 444
"../../../Engine/Content/EngineResources/Black.uasset" 445
"../../../Engine/Content/EngineResources/Black.uexp" 446
"../../../Engine/Content/EngineResources/WhiteSquareTexture.uasset" 447
"../../../Engine/Content/EngineResources/WhiteSquareTexture.uexp" 448
"../../../Engine/Content/EngineMaterials/Widget3DPassThrough.uasset" 449
"../../../Engine/Content/EngineMaterials/Widget3DPassThrough.uexp" 450
"../../../Engine/Content/EngineMaterials/Widget3DPassThrough_Translucent.uasset" 451
"../../../Engine/Content/EngineMaterials/Widget3DPassThrough_Translucent.uexp" 452
"../../../Engine/Content/EngineMaterials/Widget3DPassThrough_Translucent_OneSided.uasset" 453
"../../../Engine/Content/EngineMaterials/Widget3DPassThrough_Translucent_OneSided.uexp" 454
"../../../Engine/Content/EngineMaterials/Widget3DPassThrough_Opaque.uasset" 455
"../../../Engine/Content/EngineMaterials/Widget3DPassThrough_Opaque.uexp" 456
"../../../Engine/Content/EngineMaterials/Widget3DPassThrough_Opaque_OneSided.uasset" 457
"../../../Engine/Content/EngineMaterials/Widget3DPassThrough_Opaque_OneSided.uexp" 458
"../../../Engine/Content/EngineMaterials/Widget3DPassThrough_Masked_OneSided.uasset" 459
"../../../Engine/Content/EngineMaterials/Widget3DPassThrough_Masked_OneSided.uexp" 460
"../../../Engine/Content/EngineMaterials/Widget3DPassThrough_Masked.uasset" 461
"../../../Engine/Content/EngineMaterials/Widget3DPassThrough_Masked.uexp" 462
"../../../Engine/Content/EngineMaterials/WeightMapPlaceholderTexture.uasset" 463
"../../../Engine/Content/EngineMaterials/WeightMapPlaceholderTexture.uexp" 464
"../../../Engine/Content/EngineMaterials/WeightMapArrayPlaceholderTexture.uasset" 465
"../../../Engine/Content/EngineMaterials/WeightMapArrayPlaceholderTexture.uexp" 466
"../../../Engine/Content/EngineMaterials/RemoveSurfaceMaterial.uasset" 467
"../../../Engine/Content/EngineMaterials/RemoveSurfaceMaterial.uexp" 468
"../../../Engine/Content/EngineMaterials/PreintegratedSkinBRDF.uasset" 469
"../../../Engine/Content/EngineMaterials/PreintegratedSkinBRDF.uexp" 470
"../../../Engine/Content/EngineMaterials/DefaultCalibrationGrayscale.uasset" 471
"../../../Engine/Content/EngineMaterials/DefaultCalibrationGrayscale.uexp" 472
"../../../Engine/Content/EngineMaterials/PPM_DefaultCalibrationGrayscale.uasset" 473
"../../../Engine/Content/EngineMaterials/PPM_DefaultCalibrationGrayscale.uexp" 474
"../../../Engine/Content/EngineMaterials/DefaultCalibrationColor.uasset" 475
"../../../Engine/Content/EngineMaterials/DefaultCalibrationColor.uexp" 476
"../../../Engine/Content/EngineMaterials/PPM_DefaultCalibrationColor.uasset" 477
"../../../Engine/Content/EngineMaterials/PPM_DefaultCalibrationColor.uexp" 478
"../../../Engine/Content/EngineMaterials/PhAT_JointLimitMaterial.uasset" 479
"../../../Engine/Content/EngineMaterials/PhAT_JointLimitMaterial.uexp" 480
"../../../Engine/Content/EngineMaterials/NaniteHiddenSectionMaterial.uasset" 481
"../../../Engine/Content/EngineMaterials/NaniteHiddenSectionMaterial.uexp" 482
"../../../Engine/Content/EngineMaterials/InvalidLightmapSettings.ubulk" 483
"../../../Engine/Content/EngineMaterials/InvalidLightmapSettings.uasset" 484
"../../../Engine/Content/EngineMaterials/InvalidLightmapSettings.uexp" 485
"../../../Engine/Content/EngineMaterials/M_InvalidLightmapSettings.uasset" 486
"../../../Engine/Content/EngineMaterials/M_InvalidLightmapSettings.uexp" 487
"../../../Engine/Content/EngineMaterials/MiniFont.uasset" 488
"../../../Engine/Content/EngineMaterials/MiniFont.uexp" 489
"../../../Engine/Content/EngineMaterials/GizmoMaterial.uasset" 490
"../../../Engine/Content/EngineMaterials/GizmoMaterial.uexp" 491
"../../../Engine/Content/EngineMaterials/BaseFlattenEmissiveMap_VT.uasset" 492
"../../../Engine/Content/EngineMaterials/BaseFlattenEmissiveMap_VT.uexp" 493
"../../../Engine/Content/EngineMaterials/BaseFlattenGrayscaleMap_VT.uasset" 494
"../../../Engine/Content/EngineMaterials/BaseFlattenGrayscaleMap_VT.uexp" 495
"../../../Engine/Content/EngineMaterials/BaseFlattenLinearColor_VT.uasset" 496
"../../../Engine/Content/EngineMaterials/BaseFlattenLinearColor_VT.uexp" 497
"../../../Engine/Content/EngineMaterials/Black_1x1_EXR_Texture_VT.uasset" 498
"../../../Engine/Content/EngineMaterials/Black_1x1_EXR_Texture_VT.uexp" 499
"../../../Engine/Content/EngineMaterials/BaseFlattenDiffuseMap_VT.uasset" 500
"../../../Engine/Content/EngineMaterials/BaseFlattenDiffuseMap_VT.uexp" 501
"../../../Engine/Content/EngineMaterials/BaseFlattenNormalMap_VT.uasset" 502
"../../../Engine/Content/EngineMaterials/BaseFlattenNormalMap_VT.uexp" 503
"../../../Engine/Content/EngineMaterials/FlattenMaterial_WS_Normal_VT.uasset" 504
"../../../Engine/Content/EngineMaterials/FlattenMaterial_WS_Normal_VT.uexp" 505
"../../../Engine/Content/EngineMaterials/FlattenMaterial_VT.uasset" 506
"../../../Engine/Content/EngineMaterials/FlattenMaterial_VT.uexp" 507
"../../../Engine/Content/EngineMaterials/BaseFlattenNormalMap.uasset" 508
"../../../Engine/Content/EngineMaterials/BaseFlattenNormalMap.uexp" 509
"../../../Engine/Content/EngineMaterials/BaseFlattenGrayscaleMap.uasset" 510
"../../../Engine/Content/EngineMaterials/BaseFlattenGrayscaleMap.uexp" 511
"../../../Engine/Content/EngineMaterials/BaseFlattenDiffuseMap.uasset" 512
"../../../Engine/Content/EngineMaterials/BaseFlattenDiffuseMap.uexp" 513
"../../../Engine/Content/Functions/Engine_MaterialFunctions02/PivotPainter2/Black_1x1_EXR_Texture.uasset" 514
"../../../Engine/Content/Functions/Engine_MaterialFunctions02/PivotPainter2/Black_1x1_EXR_Texture.uexp" 515
"../../../Engine/Content/EngineMaterials/BaseFlattenEmissiveMap.uasset" 516
"../../../Engine/Content/EngineMaterials/BaseFlattenEmissiveMap.uexp" 517
"../../../Engine/Content/EngineMaterials/BaseFlattenLinearColor.uasset" 518
"../../../Engine/Content/EngineMaterials/BaseFlattenLinearColor.uexp" 519
"../../../Engine/Content/EngineMaterials/FlattenMaterial.uasset" 520
"../../../Engine/Content/EngineMaterials/FlattenMaterial.uexp" 521
"../../../Engine/Content/EngineMaterials/FastBlueNoise_vec2_128x128x64.uasset" 522
"../../../Engine/Content/EngineMaterials/FastBlueNoise_vec2_128x128x64.uexp" 523
"../../../Engine/Content/EngineMaterials/FastBlueNoise_scalar_128x128x64.uasset" 524
"../../../Engine/Content/EngineMaterials/FastBlueNoise_scalar_128x128x64.uexp" 525
"../../../Engine/Content/EngineMaterials/DefaultWhiteGrid_Low.uasset" 526
"../../../Engine/Content/EngineMaterials/DefaultWhiteGrid_Low.uexp" 527
"../../../Engine/Content/EngineMaterials/EmissiveMeshMaterial.uasset" 528
"../../../Engine/Content/EngineMaterials/EmissiveMeshMaterial.uexp" 529
"../../../Engine/Content/EngineMaterials/DefaultWhiteGrid.ubulk" 530
"../../../Engine/Content/EngineMaterials/DefaultWhiteGrid.uasset" 531
"../../../Engine/Content/EngineMaterials/DefaultWhiteGrid.uexp" 532
"../../../Engine/Content/EngineFonts/RobotoDistanceField.uasset" 533
"../../../Engine/Content/EngineFonts/RobotoDistanceField.uexp" 534
"../../../Engine/Content/EngineMaterials/DefaultTextMaterialOpaque.uasset" 535
"../../../Engine/Content/EngineMaterials/DefaultTextMaterialOpaque.uexp" 536
"../../../Engine/Content/EngineMaterials/DefaultDiffuse.ubulk" 537
"../../../Engine/Content/EngineMaterials/DefaultDiffuse.uasset" 538
"../../../Engine/Content/EngineMaterials/DefaultDiffuse.uexp" 539
"../../../Engine/Content/EngineMaterials/DefaultPostProcessMaterial.uasset" 540
"../../../Engine/Content/EngineMaterials/DefaultPostProcessMaterial.uexp" 541
"../../../Engine/Content/EngineMaterials/DefaultLightFunctionMaterial.uasset" 542
"../../../Engine/Content/EngineMaterials/DefaultLightFunctionMaterial.uexp" 543
"../../../Engine/Content/EngineMaterials/DefaultDeferredDecalMaterial.uasset" 544
"../../../Engine/Content/EngineMaterials/DefaultDeferredDecalMaterial.uexp" 545
"../../../Engine/Content/EngineMaterials/DefaultBokeh.uasset" 546
"../../../Engine/Content/EngineMaterials/DefaultBokeh.uexp" 547
"../../../Engine/Content/EngineMaterials/DefaultBloomKernel.uasset" 548
"../../../Engine/Content/EngineMaterials/DefaultBloomKernel.uexp" 549
"../../../Engine/Content/Functions/Engine_MaterialFunctions02/Utility/CameraDirectionVector.uasset" 550
"../../../Engine/Content/Functions/Engine_MaterialFunctions02/Utility/CameraDirectionVector.uexp" 551
"../../../Engine/Content/EngineDebugMaterials/VolumeToRender.uasset" 552
"../../../Engine/Content/EngineDebugMaterials/VolumeToRender.uexp" 553
"../../../Engine/Content/EngineDebugMaterials/M_VolumeRenderSphereTracePP.uasset" 554
"../../../Engine/Content/EngineDebugMaterials/M_VolumeRenderSphereTracePP.uexp" 555
"../../../Engine/Content/EngineDebugMaterials/M_SimpleUnlitTranslucent.uasset" 556
"../../../Engine/Content/EngineDebugMaterials/M_SimpleUnlitTranslucent.uexp" 557
"../../../Engine/Content/EngineDebugMaterials/DebugMeshMaterial.uasset" 558
"../../../Engine/Content/EngineDebugMaterials/DebugMeshMaterial.uexp" 559
"../../../Engine/Content/EngineDebugMaterials/DebugEditorMaterial.uasset" 560
"../../../Engine/Content/EngineDebugMaterials/DebugEditorMaterial.uexp" 561
"../../../Engine/Content/EngineDamageTypes/DmgTypeBP_Environmental.uasset" 562
"../../../Engine/Content/EngineDamageTypes/DmgTypeBP_Environmental.uexp" 563
"../../../Engine/Content/EditorResources/S_Terrain.ubulk" 564
"../../../Engine/Content/EditorResources/S_Terrain.uasset" 565
"../../../Engine/Content/EditorResources/S_Terrain.uexp" 566
"../../../Engine/Content/EditorResources/S_Solver.ubulk" 567
"../../../Engine/Content/EditorResources/S_Solver.uasset" 568
"../../../Engine/Content/EditorResources/S_Solver.uexp" 569
"../../../Engine/Content/EditorResources/EmptyActor.uasset" 570
"../../../Engine/Content/EditorResources/EmptyActor.uexp" 571
"../../../Engine/Content/EditorResources/BSPVertex.uasset" 572
"../../../Engine/Content/EditorResources/BSPVertex.uexp" 573
"../../../Engine/Content/EditorMaterials/PreviewShadowIndicator.ubulk" 574
"../../../Engine/Content/EditorMaterials/PreviewShadowIndicator.uasset" 575
"../../../Engine/Content/EditorMaterials/PreviewShadowIndicator.uexp" 576
"../../../Engine/Content/EditorMaterials/PreviewShadowIndicatorMaterial.uasset" 577
"../../../Engine/Content/EditorMaterials/PreviewShadowIndicatorMaterial.uexp" 578
"../../../Engine/Content/EditorMaterials/PhAT_UnselectedMaterial.uasset" 579
"../../../Engine/Content/EditorMaterials/PhAT_UnselectedMaterial.uexp" 580
"../../../Engine/Content/EditorMaterials/PhAT_NoCollisionMaterial.uasset" 581
"../../../Engine/Content/EditorMaterials/PhAT_NoCollisionMaterial.uexp" 582
"../../../Engine/Content/EditorLandscapeResources/SplineEditorMeshMat.uasset" 583
"../../../Engine/Content/EditorLandscapeResources/SplineEditorMeshMat.uexp" 584
"../../../Engine/Content/EditorLandscapeResources/SplineEditorMesh.ubulk" 585
"../../../Engine/Content/EditorLandscapeResources/SplineEditorMesh.uasset" 586
"../../../Engine/Content/EditorLandscapeResources/SplineEditorMesh.uexp" 587
"../../../Engine/Content/EditorLandscapeResources/DefaultAlphaTexture.uasset" 588
"../../../Engine/Content/EditorLandscapeResources/DefaultAlphaTexture.uexp" 589
"../../../Engine/Content/EngineMaterials/DefaultMaterial.uasset" 590
"../../../Engine/Content/EngineMaterials/DefaultMaterial.uexp" 591
"../../../Engine/Content/BasicShapes/Cylinder.ubulk" 592
"../../../Engine/Content/BasicShapes/Cylinder.uasset" 593
"../../../Engine/Content/BasicShapes/Cylinder.uexp" 594
"../../../Engine/Content/BasicShapes/Cube.ubulk" 595
"../../../Engine/Content/BasicShapes/Cube.uasset" 596
"../../../Engine/Content/BasicShapes/Cube.uexp" 597
"../../../Engine/Content/BasicShapes/Cone.ubulk" 598
"../../../Engine/Content/BasicShapes/Cone.uasset" 599
"../../../Engine/Content/BasicShapes/Cone.uexp" 600
"../../../Engine/Plugins/Interchange/Assets/Content/gltf/Textures/T_White_srgb.uasset" 601
"../../../Engine/Plugins/Interchange/Assets/Content/gltf/Textures/T_White_srgb.uexp" 602
"../../../Engine/Plugins/Interchange/Assets/Content/gltf/MaterialFunctions/MF_BaseColor.uasset" 603
"../../../Engine/Plugins/Interchange/Assets/Content/gltf/MaterialFunctions/MF_BaseColor.uexp" 604
"../../../Engine/Plugins/Interchange/Assets/Content/gltf/MaterialFunctions/MF_RotateV2.uasset" 605
"../../../Engine/Plugins/Interchange/Assets/Content/gltf/MaterialFunctions/MF_RotateV2.uexp" 606
"../../../Engine/Plugins/Interchange/Assets/Content/gltf/MaterialFunctions/MF_TransformUVs.uasset" 607
"../../../Engine/Plugins/Interchange/Assets/Content/gltf/MaterialFunctions/MF_TransformUVs.uexp" 608
"../../../Engine/Plugins/Interchange/Assets/Content/gltf/MaterialBodies/MF_Unlit_Body.uasset" 609
"../../../Engine/Plugins/Interchange/Assets/Content/gltf/MaterialBodies/MF_Unlit_Body.uexp" 610
"../../../Engine/Plugins/Interchange/Assets/Content/gltf/M_Unlit.uasset" 611
"../../../Engine/Plugins/Interchange/Assets/Content/gltf/M_Unlit.uexp" 612
"../../../Engine/Plugins/Interchange/Assets/Content/gltf/MaterialInstances/MI_Unlit_Opaque_DS.uasset" 613
"../../../Engine/Plugins/Interchange/Assets/Content/gltf/MaterialInstances/MI_Unlit_Opaque_DS.uexp" 614
"../../../Engine/Plugins/Interchange/Assets/Content/gltf/MaterialInstances/MI_Unlit_Opaque.uasset" 615
"../../../Engine/Plugins/Interchange/Assets/Content/gltf/MaterialInstances/MI_Unlit_Opaque.uexp" 616
"../../../Engine/Plugins/Interchange/Assets/Content/gltf/MaterialInstances/MI_Unlit_Mask_DS.uasset" 617
"../../../Engine/Plugins/Interchange/Assets/Content/gltf/MaterialInstances/MI_Unlit_Mask_DS.uexp" 618
"../../../Engine/Plugins/Interchange/Assets/Content/gltf/MaterialInstances/MI_Unlit_Mask.uasset" 619
"../../../Engine/Plugins/Interchange/Assets/Content/gltf/MaterialInstances/MI_Unlit_Mask.uexp" 620
"../../../Engine/Plugins/Interchange/Assets/Content/gltf/MaterialInstances/MI_Unlit_Blend_DS.uasset" 621
"../../../Engine/Plugins/Interchange/Assets/Content/gltf/MaterialInstances/MI_Unlit_Blend_DS.uexp" 622
"../../../Engine/Plugins/Interchange/Assets/Content/gltf/MaterialInstances/MI_Unlit_Blend.uasset" 623
"../../../Engine/Plugins/Interchange/Assets/Content/gltf/MaterialInstances/MI_Unlit_Blend.uexp" 624
"../../../Engine/Content/Functions/Engine_MaterialFunctions02/Math/Transform3x3Matrix.uasset" 625
"../../../Engine/Content/Functions/Engine_MaterialFunctions02/Math/Transform3x3Matrix.uexp" 626
"../../../Engine/Content/EngineMaterials/Good64x64TilingNoiseHighFreq.uasset" 627
"../../../Engine/Content/EngineMaterials/Good64x64TilingNoiseHighFreq.uexp" 628
"../../../Engine/Content/Functions/Engine_MaterialFunctions02/Texturing/ScreenAlignedPixelToPixelUVs.uasset" 629
"../../../Engine/Content/Functions/Engine_MaterialFunctions02/Texturing/ScreenAlignedPixelToPixelUVs.uexp" 630
"../../../Engine/Plugins/Interchange/Assets/Content/gltf/MaterialFunctions/MF_Temporal_Blur.uasset" 631
"../../../Engine/Plugins/Interchange/Assets/Content/gltf/MaterialFunctions/MF_Temporal_Blur.uexp" 632
"../../../Engine/Plugins/Interchange/Assets/Content/gltf/MaterialFunctions/MF_Specular.uasset" 633
"../../../Engine/Plugins/Interchange/Assets/Content/gltf/MaterialFunctions/MF_Specular.uexp" 634
"../../../Engine/Plugins/Interchange/Assets/Content/gltf/Textures/T_Anisotropy_Direction_Linear.uasset" 635
"../../../Engine/Plugins/Interchange/Assets/Content/gltf/Textures/T_Anisotropy_Direction_Linear.uexp" 636
"../../../Engine/Plugins/Interchange/Assets/Content/gltf/MaterialFunctions/MF_SpecularAnisotropy.uasset" 637
"../../../Engine/Plugins/Interchange/Assets/Content/gltf/MaterialFunctions/MF_SpecularAnisotropy.uexp" 638
"../../../Engine/Plugins/Interchange/Assets/Content/gltf/Textures/T_White_Linear.uasset" 639
"../../../Engine/Plugins/Interchange/Assets/Content/gltf/Textures/T_White_Linear.uexp" 640
"../../../Engine/Plugins/Interchange/Assets/Content/gltf/MaterialFunctions/MF_MetallicRoughness.uasset" 641
"../../../Engine/Plugins/Interchange/Assets/Content/gltf/MaterialFunctions/MF_MetallicRoughness.uexp" 642
"../../../Engine/Plugins/Interchange/Assets/Content/gltf/Textures/T_Generic_N.uasset" 643
"../../../Engine/Plugins/Interchange/Assets/Content/gltf/Textures/T_Generic_N.uexp" 644
"../../../Engine/Plugins/Interchange/Assets/Content/gltf/MaterialFunctions/MF_ScaleNormal.uasset" 645
"../../../Engine/Plugins/Interchange/Assets/Content/gltf/MaterialFunctions/MF_ScaleNormal.uexp" 646
"../../../Engine/Plugins/Interchange/Assets/Content/gltf/MaterialFunctions/MF_Fresnel_DS.uasset" 647
"../../../Engine/Plugins/Interchange/Assets/Content/gltf/MaterialFunctions/MF_Fresnel_DS.uexp" 648
"../../../Engine/Plugins/Interchange/Assets/Content/gltf/MaterialFunctions/MF_Iridescence.uasset" 649
"../../../Engine/Plugins/Interchange/Assets/Content/gltf/MaterialFunctions/MF_Iridescence.uexp" 650
"../../../Engine/Plugins/Interchange/Assets/Content/gltf/MaterialFunctions/MF_Occlusion.uasset" 651
"../../../Engine/Plugins/Interchange/Assets/Content/gltf/MaterialFunctions/MF_Occlusion.uexp" 652
"../../../Engine/Plugins/Interchange/Assets/Content/gltf/MaterialFunctions/MF_IOR.uasset" 653
"../../../Engine/Plugins/Interchange/Assets/Content/gltf/MaterialFunctions/MF_IOR.uexp" 654
"../../../Engine/Plugins/Interchange/Assets/Content/gltf/MaterialFunctions/MF_Transmission.uasset" 655
"../../../Engine/Plugins/Interchange/Assets/Content/gltf/MaterialFunctions/MF_Transmission.uexp" 656
"../../../Engine/Plugins/Interchange/Assets/Content/gltf/MaterialFunctions/MF_RotateNormals_TS.uasset" 657
"../../../Engine/Plugins/Interchange/Assets/Content/gltf/MaterialFunctions/MF_RotateNormals_TS.uexp" 658
"../../../Engine/Plugins/Interchange/Assets/Content/gltf/MaterialFunctions/MF_Normals.uasset" 659
"../../../Engine/Plugins/Interchange/Assets/Content/gltf/MaterialFunctions/MF_Normals.uexp" 660
"../../../Engine/Plugins/Interchange/Assets/Content/gltf/MaterialBodies/MF_Transmission_Body.uasset" 661
"../../../Engine/Plugins/Interchange/Assets/Content/gltf/MaterialBodies/MF_Transmission_Body.uexp" 662
"../../../Engine/Plugins/Interchange/Assets/Content/gltf/M_Transmission.uasset" 663
"../../../Engine/Plugins/Interchange/Assets/Content/gltf/M_Transmission.uexp" 664
"../../../Engine/Plugins/Interchange/Assets/Content/gltf/MaterialInstances/MI_Transmission_DS.uasset" 665
"../../../Engine/Plugins/Interchange/Assets/Content/gltf/MaterialInstances/MI_Transmission_DS.uexp" 666
"../../../Engine/Plugins/Interchange/Assets/Content/gltf/MaterialInstances/MI_Transmission.uasset" 667
"../../../Engine/Plugins/Interchange/Assets/Content/gltf/MaterialInstances/MI_Transmission.uexp" 668
"../../../Engine/Content/Functions/Engine_MaterialFunctions02/Math/AddComponents.uasset" 669
"../../../Engine/Content/Functions/Engine_MaterialFunctions02/Math/AddComponents.uexp" 670
"../../../Engine/Plugins/Interchange/Assets/Content/gltf/MaterialFunctions/MF_DiffuseSpecGloss.uasset" 671
"../../../Engine/Plugins/Interchange/Assets/Content/gltf/MaterialFunctions/MF_DiffuseSpecGloss.uexp" 672
"../../../Engine/Plugins/Interchange/Assets/Content/gltf/MaterialFunctions/MF_Emissive.uasset" 673
"../../../Engine/Plugins/Interchange/Assets/Content/gltf/MaterialFunctions/MF_Emissive.uexp" 674
"../../../Engine/Plugins/Interchange/Assets/Content/gltf/MaterialFunctions/MF_PerceivedBrightness.uasset" 675
"../../../Engine/Plugins/Interchange/Assets/Content/gltf/MaterialFunctions/MF_PerceivedBrightness.uexp" 676
"../../../Engine/Plugins/Interchange/Assets/Content/gltf/MaterialFunctions/MF_SpecGlossToMetalRoughness.uasset" 677
"../../../Engine/Plugins/Interchange/Assets/Content/gltf/MaterialFunctions/MF_SpecGlossToMetalRoughness.uexp" 678
"../../../Engine/Plugins/Interchange/Assets/Content/gltf/MaterialFunctions/MF_MaxComponentValue.uasset" 679
"../../../Engine/Plugins/Interchange/Assets/Content/gltf/MaterialFunctions/MF_MaxComponentValue.uexp" 680
"../../../Engine/Plugins/Interchange/Assets/Content/gltf/MaterialBodies/MF_SpecularGlossiness_Body.uasset" 681
"../../../Engine/Plugins/Interchange/Assets/Content/gltf/MaterialBodies/MF_SpecularGlossiness_Body.uexp" 682
"../../../Engine/Plugins/Interchange/Assets/Content/gltf/M_SpecularGlossiness.uasset" 683
"../../../Engine/Plugins/Interchange/Assets/Content/gltf/M_SpecularGlossiness.uexp" 684
"../../../Engine/Plugins/Interchange/Assets/Content/gltf/MaterialInstances/MI_SpecularGlossiness_Opaque_DS.uasset" 685
"../../../Engine/Plugins/Interchange/Assets/Content/gltf/MaterialInstances/MI_SpecularGlossiness_Opaque_DS.uexp" 686
"../../../Engine/Plugins/Interchange/Assets/Content/gltf/MaterialInstances/MI_SpecularGlossiness_Opaque.uasset" 687
"../../../Engine/Plugins/Interchange/Assets/Content/gltf/MaterialInstances/MI_SpecularGlossiness_Opaque.uexp" 688
"../../../Engine/Plugins/Interchange/Assets/Content/gltf/MaterialInstances/MI_SpecularGlossiness_Mask_DS.uasset" 689
"../../../Engine/Plugins/Interchange/Assets/Content/gltf/MaterialInstances/MI_SpecularGlossiness_Mask_DS.uexp" 690
"../../../Engine/Plugins/Interchange/Assets/Content/gltf/MaterialInstances/MI_SpecularGlossiness_Mask.uasset" 691
"../../../Engine/Plugins/Interchange/Assets/Content/gltf/MaterialInstances/MI_SpecularGlossiness_Mask.uexp" 692
"../../../Engine/Plugins/Interchange/Assets/Content/gltf/MaterialInstances/MI_SpecularGlossiness_Blend_DS.uasset" 693
"../../../Engine/Plugins/Interchange/Assets/Content/gltf/MaterialInstances/MI_SpecularGlossiness_Blend_DS.uexp" 694
"../../../Engine/Plugins/Interchange/Assets/Content/gltf/MaterialInstances/MI_SpecularGlossiness_Blend.uasset" 695
"../../../Engine/Plugins/Interchange/Assets/Content/gltf/MaterialInstances/MI_SpecularGlossiness_Blend.uexp" 696
"../../../Engine/Plugins/Interchange/Assets/Content/gltf/MaterialFunctions/MF_Sheen.uasset" 697
"../../../Engine/Plugins/Interchange/Assets/Content/gltf/MaterialFunctions/MF_Sheen.uexp" 698
"../../../Engine/Plugins/Interchange/Assets/Content/gltf/MaterialBodies/MF_Sheen_Body.uasset" 699
"../../../Engine/Plugins/Interchange/Assets/Content/gltf/MaterialBodies/MF_Sheen_Body.uexp" 700
"../../../Engine/Plugins/Interchange/Assets/Content/gltf/M_Sheen.uasset" 701
"../../../Engine/Plugins/Interchange/Assets/Content/gltf/M_Sheen.uexp" 702
"../../../Engine/Plugins/Interchange/Assets/Content/gltf/MaterialInstances/MI_Sheen_Opaque_DS.uasset" 703
"../../../Engine/Plugins/Interchange/Assets/Content/gltf/MaterialInstances/MI_Sheen_Opaque_DS.uexp" 704
"../../../Engine/Plugins/Interchange/Assets/Content/gltf/MaterialInstances/MI_Sheen_Opaque.uasset" 705
"../../../Engine/Plugins/Interchange/Assets/Content/gltf/MaterialInstances/MI_Sheen_Opaque.uexp" 706
"../../../Engine/Plugins/Interchange/Assets/Content/gltf/MaterialInstances/MI_Sheen_Mask_DS.uasset" 707
"../../../Engine/Plugins/Interchange/Assets/Content/gltf/MaterialInstances/MI_Sheen_Mask_DS.uexp" 708
"../../../Engine/Plugins/Interchange/Assets/Content/gltf/MaterialInstances/MI_Sheen_Mask.uasset" 709
"../../../Engine/Plugins/Interchange/Assets/Content/gltf/MaterialInstances/MI_Sheen_Mask.uexp" 710
"../../../Engine/Plugins/Interchange/Assets/Content/gltf/MaterialInstances/MI_Sheen_Blend_DS.uasset" 711
"../../../Engine/Plugins/Interchange/Assets/Content/gltf/MaterialInstances/MI_Sheen_Blend_DS.uexp" 712
"../../../Engine/Plugins/Interchange/Assets/Content/gltf/MaterialInstances/MI_Sheen_Blend.uasset" 713
"../../../Engine/Plugins/Interchange/Assets/Content/gltf/MaterialInstances/MI_Sheen_Blend.uexp" 714
"../../../Engine/Plugins/Interchange/Assets/Content/gltf/MaterialBodies/MF_Default_Body.uasset" 715
"../../../Engine/Plugins/Interchange/Assets/Content/gltf/MaterialBodies/MF_Default_Body.uexp" 716
"../../../Engine/Plugins/Interchange/Assets/Content/gltf/M_Default.uasset" 717
"../../../Engine/Plugins/Interchange/Assets/Content/gltf/M_Default.uexp" 718
"../../../Engine/Plugins/Interchange/Assets/Content/gltf/MaterialInstances/MI_Default_Opaque_DS.uasset" 719
"../../../Engine/Plugins/Interchange/Assets/Content/gltf/MaterialInstances/MI_Default_Opaque_DS.uexp" 720
"../../../Engine/Plugins/Interchange/Assets/Content/gltf/MaterialInstances/MI_Default_Opaque.uasset" 721
"../../../Engine/Plugins/Interchange/Assets/Content/gltf/MaterialInstances/MI_Default_Opaque.uexp" 722
"../../../Engine/Plugins/Interchange/Assets/Content/gltf/MaterialInstances/MI_Default_Mask_DS.uasset" 723
"../../../Engine/Plugins/Interchange/Assets/Content/gltf/MaterialInstances/MI_Default_Mask_DS.uexp" 724
"../../../Engine/Plugins/Interchange/Assets/Content/gltf/MaterialInstances/MI_Default_Mask.uasset" 725
"../../../Engine/Plugins/Interchange/Assets/Content/gltf/MaterialInstances/MI_Default_Mask.uexp" 726
"../../../Engine/Plugins/Interchange/Assets/Content/gltf/MaterialInstances/MI_Default_Blend_DS.uasset" 727
"../../../Engine/Plugins/Interchange/Assets/Content/gltf/MaterialInstances/MI_Default_Blend_DS.uexp" 728
"../../../Engine/Plugins/Interchange/Assets/Content/gltf/MaterialInstances/MI_Default_Blend.uasset" 729
"../../../Engine/Plugins/Interchange/Assets/Content/gltf/MaterialInstances/MI_Default_Blend.uexp" 730
"../../../Engine/Content/Functions/Engine_MaterialFunctions01/Texturing/FlattenNormal.uasset" 731
"../../../Engine/Content/Functions/Engine_MaterialFunctions01/Texturing/FlattenNormal.uexp" 732
"../../../Engine/Plugins/Interchange/Assets/Content/gltf/MaterialFunctions/MF_Clearcoat.uasset" 733
"../../../Engine/Plugins/Interchange/Assets/Content/gltf/MaterialFunctions/MF_Clearcoat.uexp" 734
"../../../Engine/Plugins/Interchange/Assets/Content/gltf/MaterialBodies/MF_ClearCoat_Body.uasset" 735
"../../../Engine/Plugins/Interchange/Assets/Content/gltf/MaterialBodies/MF_ClearCoat_Body.uexp" 736
"../../../Engine/Plugins/Interchange/Assets/Content/gltf/M_ClearCoat.uasset" 737
"../../../Engine/Plugins/Interchange/Assets/Content/gltf/M_ClearCoat.uexp" 738
"../../../Engine/Plugins/Interchange/Assets/Content/gltf/MaterialInstances/MI_ClearCoat_Opaque_DS.uasset" 739
"../../../Engine/Plugins/Interchange/Assets/Content/gltf/MaterialInstances/MI_ClearCoat_Opaque_DS.uexp" 740
"../../../Engine/Plugins/Interchange/Assets/Content/gltf/MaterialInstances/MI_ClearCoat_Opaque.uasset" 741
"../../../Engine/Plugins/Interchange/Assets/Content/gltf/MaterialInstances/MI_ClearCoat_Opaque.uexp" 742
"../../../Engine/Plugins/Interchange/Assets/Content/gltf/MaterialInstances/MI_ClearCoat_Mask_DS.uasset" 743
"../../../Engine/Plugins/Interchange/Assets/Content/gltf/MaterialInstances/MI_ClearCoat_Mask_DS.uexp" 744
"../../../Engine/Plugins/Interchange/Assets/Content/gltf/MaterialInstances/MI_ClearCoat_Mask.uasset" 745
"../../../Engine/Plugins/Interchange/Assets/Content/gltf/MaterialInstances/MI_ClearCoat_Mask.uexp" 746
"../../../Engine/Plugins/Interchange/Assets/Content/gltf/MaterialInstances/MI_ClearCoat_Blend_DS.uasset" 747
"../../../Engine/Plugins/Interchange/Assets/Content/gltf/MaterialInstances/MI_ClearCoat_Blend_DS.uexp" 748
"../../../Engine/Plugins/Interchange/Assets/Content/gltf/MaterialInstances/MI_ClearCoat_Blend.uasset" 749
"../../../Engine/Plugins/Interchange/Assets/Content/gltf/MaterialInstances/MI_ClearCoat_Blend.uexp" 750
"../../../Engine/Content/VREditor/TransformGizmo/Main.uasset" 751
"../../../Engine/Content/VREditor/TransformGizmo/Main.uexp" 752
"../../../Engine/Content/VREditor/TransformGizmo/Xray.uasset" 753
"../../../Engine/Content/VREditor/TransformGizmo/Xray.uexp" 754
"../../../Engine/Content/VREditor/TransformGizmo/SM_Sequencer_Node.ubulk" 755
"../../../Engine/Content/VREditor/TransformGizmo/SM_Sequencer_Node.uasset" 756
"../../../Engine/Content/VREditor/TransformGizmo/SM_Sequencer_Node.uexp" 757
"../../../Engine/Content/VREditor/LaserPointer/VR_LaserPower_01.ubulk" 758
"../../../Engine/Content/VREditor/LaserPointer/VR_LaserPower_01.uasset" 759
"../../../Engine/Content/VREditor/LaserPointer/VR_LaserPower_01.uexp" 760
"../../../Engine/Content/VREditor/TransformGizmo/TransformGizmoMaterial.uasset" 761
"../../../Engine/Content/VREditor/TransformGizmo/TransformGizmoMaterial.uexp" 762
"../../../Engine/Content/VREditor/TransformGizmo/TranslucentTransformGizmoMaterial.uasset" 763
"../../../Engine/Content/VREditor/TransformGizmo/TranslucentTransformGizmoMaterial.uexp" 764
"../../../Engine/Content/VREditor/TransformGizmo/BoundingBoxEdge.ubulk" 765
"../../../Engine/Content/VREditor/TransformGizmo/BoundingBoxEdge.uasset" 766
"../../../Engine/Content/VREditor/TransformGizmo/BoundingBoxEdge.uexp" 767
"../../../Engine/Content/VREditor/TransformGizmo/BoundingBoxCorner.ubulk" 768
"../../../Engine/Content/VREditor/TransformGizmo/BoundingBoxCorner.uasset" 769
"../../../Engine/Content/VREditor/TransformGizmo/BoundingBoxCorner.uexp" 770
"../../../Engine/Content/EngineSky/VolumetricClouds/T_CloudMask.ubulk" 771
"../../../Engine/Content/EngineSky/VolumetricClouds/T_CloudMask.uasset" 772
"../../../Engine/Content/EngineSky/VolumetricClouds/T_CloudMask.uexp" 773
"../../../Engine/Content/EngineSky/VolumetricClouds/VT_Lightning.uasset" 774
"../../../Engine/Content/EngineSky/VolumetricClouds/VT_Lightning.uexp" 775
"../../../Engine/Content/EngineSky/VolumetricClouds/T_Profile_08.ubulk" 776
"../../../Engine/Content/EngineSky/VolumetricClouds/T_Profile_08.uasset" 777
"../../../Engine/Content/EngineSky/VolumetricClouds/T_Profile_08.uexp" 778
"../../../Engine/Content/Functions/Engine_MaterialFunctions02/Utility/MakeFloat4.uasset" 779
"../../../Engine/Content/Functions/Engine_MaterialFunctions02/Utility/MakeFloat4.uexp" 780
"../../../Engine/Content/Functions/Engine_MaterialFunctions01/Units/Km-to-Cm.uasset" 781
"../../../Engine/Content/Functions/Engine_MaterialFunctions01/Units/Km-to-Cm.uexp" 782
"../../../Engine/Content/Functions/Engine_MaterialFunctions02/Utility/BreakOutFloat4Components.uasset" 783
"../../../Engine/Content/Functions/Engine_MaterialFunctions02/Utility/BreakOutFloat4Components.uexp" 784
"../../../Engine/Content/EngineSky/VolumetricClouds/T_CloudPattern.ubulk" 785
"../../../Engine/Content/EngineSky/VolumetricClouds/T_CloudPattern.uasset" 786
"../../../Engine/Content/EngineSky/VolumetricClouds/T_CloudPattern.uexp" 787
"../../../Engine/Content/EngineSky/VolumetricClouds/VT_PerlinWorley_Balanced.uasset" 788
"../../../Engine/Content/EngineSky/VolumetricClouds/VT_PerlinWorley_Balanced.uexp" 789
"../../../Engine/Content/EngineSky/VolumetricClouds/m_SimpleVolumetricCloud.uasset" 790
"../../../Engine/Content/EngineSky/VolumetricClouds/m_SimpleVolumetricCloud.uexp" 791
"../../../Engine/Content/EngineSky/VolumetricClouds/m_SimpleVolumetricCloud_Inst.uasset" 792
"../../../Engine/Content/EngineSky/VolumetricClouds/m_SimpleVolumetricCloud_Inst.uexp" 793
"../../../Engine/Content/EngineResources/FilmGrains/Marcie_Grain_v3_128_M2_000.uasset" 794
"../../../Engine/Content/EngineResources/FilmGrains/Marcie_Grain_v3_128_M2_000.uexp" 795
"../../../Engine/Content/EngineMaterials/LTC/Sheen_LTC.uasset" 796
"../../../Engine/Content/EngineMaterials/LTC/Sheen_LTC.uexp" 797
"../../../Engine/Content/EngineMaterials/LTC/GGX_LTCMat.uasset" 798
"../../../Engine/Content/EngineMaterials/LTC/GGX_LTCMat.uexp" 799
"../../../Engine/Content/EngineMaterials/LTC/GGX_LTCAmp.uasset" 800
"../../../Engine/Content/EngineMaterials/LTC/GGX_LTCAmp.uexp" 801
"../../../Engine/Content/EngineMaterials/EnergyConservation/Sheen_Energy.uasset" 802
"../../../Engine/Content/EngineMaterials/EnergyConservation/Sheen_Energy.uexp" 803
"../../../Engine/Content/EngineMaterials/EnergyConservation/SheenLegacy_Energy.uasset" 804
"../../../Engine/Content/EngineMaterials/EnergyConservation/SheenLegacy_Energy.uexp" 805
"../../../Engine/Content/EngineMaterials/EnergyConservation/GGX_TransmissionEnergyArray.uasset" 806
"../../../Engine/Content/EngineMaterials/EnergyConservation/GGX_TransmissionEnergyArray.uexp" 807
"../../../Engine/Content/EngineMaterials/EnergyConservation/GGX_ReflectionEnergy.uasset" 808
"../../../Engine/Content/EngineMaterials/EnergyConservation/GGX_ReflectionEnergy.uexp" 809
"../../../Engine/Content/EngineMaterials/EnergyConservation/Diffuse_Energy.uasset" 810
"../../../Engine/Content/EngineMaterials/EnergyConservation/Diffuse_Energy.uexp" 811
"../../../Engine/Content/EditorResources/SequenceRecorder/RecordingIndicator.uasset" 812
"../../../Engine/Content/EditorResources/SequenceRecorder/RecordingIndicator.uexp" 813
"../../../Engine/Content/EditorResources/SequenceRecorder/Countdown.uasset" 814
"../../../Engine/Content/EditorResources/SequenceRecorder/Countdown.uexp" 815
"../../../Engine/Content/EditorMaterials/Camera/CineMat.uasset" 816
"../../../Engine/Content/EditorMaterials/Camera/CineMat.uexp" 817
"../../../Engine/Content/EditorMaterials/Camera/MI_CineMat_Rig.uasset" 818
"../../../Engine/Content/EditorMaterials/Camera/MI_CineMat_Rig.uexp" 819
"../../../Engine/Content/EditorMeshes/Camera/SM_RailRig_Track.ubulk" 820
"../../../Engine/Content/EditorMeshes/Camera/SM_RailRig_Track.uasset" 821
"../../../Engine/Content/EditorMeshes/Camera/SM_RailRig_Track.uexp" 822
"../../../Engine/Content/EditorMeshes/Camera/SM_RailRig_Mount.ubulk" 823
"../../../Engine/Content/EditorMeshes/Camera/SM_RailRig_Mount.uasset" 824
"../../../Engine/Content/EditorMeshes/Camera/SM_RailRig_Mount.uexp" 825
"../../../Engine/Content/EditorMeshes/Camera/SM_CraneRig_Mount.ubulk" 826
"../../../Engine/Content/EditorMeshes/Camera/SM_CraneRig_Mount.uasset" 827
"../../../Engine/Content/EditorMeshes/Camera/SM_CraneRig_Mount.uexp" 828
"../../../Engine/Content/EditorMeshes/Camera/SM_CraneRig_Body.ubulk" 829
"../../../Engine/Content/EditorMeshes/Camera/SM_CraneRig_Body.uasset" 830
"../../../Engine/Content/EditorMeshes/Camera/SM_CraneRig_Body.uexp" 831
"../../../Engine/Content/EditorMeshes/Camera/SM_CraneRig_Base.ubulk" 832
"../../../Engine/Content/EditorMeshes/Camera/SM_CraneRig_Base.uasset" 833
"../../../Engine/Content/EditorMeshes/Camera/SM_CraneRig_Base.uexp" 834
"../../../Engine/Content/EditorMeshes/Camera/SM_CraneRig_Arm.ubulk" 835
"../../../Engine/Content/EditorMeshes/Camera/SM_CraneRig_Arm.uasset" 836
"../../../Engine/Content/EditorMeshes/Camera/SM_CraneRig_Arm.uexp" 837
"../../../Engine/Content/EditorMaterials/ParticleSystems/PSysThumbnail_OOD.ubulk" 838
"../../../Engine/Content/EditorMaterials/ParticleSystems/PSysThumbnail_OOD.uasset" 839
"../../../Engine/Content/EditorMaterials/ParticleSystems/PSysThumbnail_OOD.uexp" 840
"../../../Engine/Content/EditorMaterials/ParticleSystems/PSysThumbnail_NoImage.ubulk" 841
"../../../Engine/Content/EditorMaterials/ParticleSystems/PSysThumbnail_NoImage.uasset" 842
"../../../Engine/Content/EditorMaterials/ParticleSystems/PSysThumbnail_NoImage.uexp" 843
"../../../Engine/Content/EditorMaterials/Dataflow/DataflowVertexMaterial.uasset" 844
"../../../Engine/Content/EditorMaterials/Dataflow/DataflowVertexMaterial.uexp" 845
"../../../Engine/Content/EditorMaterials/Dataflow/DataflowTwoSidedVertexMaterial.uasset" 846
"../../../Engine/Content/EditorMaterials/Dataflow/DataflowTwoSidedVertexMaterial.uexp" 847
"../../../Engine/Content/EngineMaterials/Substrate/Volume/SubstrateSimpleVolumeLUT3D.uasset" 848
"../../../Engine/Content/EngineMaterials/Substrate/Volume/SubstrateSimpleVolumeLUT3D.uexp" 849
"../../../Engine/Content/EngineMaterials/Substrate/Volume/SubstrateSimpleVolumeEnvLUT3D.uasset" 850
"../../../Engine/Content/EngineMaterials/Substrate/Volume/SubstrateSimpleVolumeEnvLUT3D.uexp" 851
"../../../Engine/Content/EngineMaterials/Substrate/GLints2/AGlintTex2dArray2.uasset" 852
"../../../Engine/Content/EngineMaterials/Substrate/GLints2/AGlintTex2dArray2.uexp" 853
"../../../Engine/Content/Functions/Engine_MaterialFunctions01/Shading/PowerToRoughness.uasset" 854
"../../../Engine/Content/Functions/Engine_MaterialFunctions01/Shading/PowerToRoughness.uexp" 855
"../../../Engine/Content/Functions/Engine_MaterialFunctions01/Shading/ConvertFromDiffSpec.uasset" 856
"../../../Engine/Content/Functions/Engine_MaterialFunctions01/Shading/ConvertFromDiffSpec.uexp" 857
"../../../Engine/Content/EngineMaterials/Substrate/GLints/AGlintTex2dArray.uasset" 858
"../../../Engine/Content/EngineMaterials/Substrate/GLints/AGlintTex2dArray.uexp" 859
"../../../Engine/Content/ArtTools/RenderToTexture/Meshes/S_1_Unit_Plane.ubulk" 860
"../../../Engine/Content/ArtTools/RenderToTexture/Meshes/S_1_Unit_Plane.uasset" 861
"../../../Engine/Content/ArtTools/RenderToTexture/Meshes/S_1_Unit_Plane.uexp" 862
"../../../Engine/Content/Functions/Engine_MaterialFunctions02/Utility/BlendAngleCorrectedNormals.uasset" 863
"../../../Engine/Content/Functions/Engine_MaterialFunctions02/Utility/BlendAngleCorrectedNormals.uexp" 864
"C:/Users/rayan/Projets UE/Team6_Unreal/Content/StarterContent/Textures/T_Metal_Rust_N.ubulk" 865
"C:/Users/rayan/Projets UE/Team6_Unreal/Content/StarterContent/Textures/T_Metal_Rust_N.uasset" 866
"C:/Users/rayan/Projets UE/Team6_Unreal/Content/StarterContent/Textures/T_Metal_Rust_N.uexp" 867
"C:/Users/rayan/Projets UE/Team6_Unreal/Content/StarterContent/Textures/T_Metal_Rust_D.ubulk" 868
"C:/Users/rayan/Projets UE/Team6_Unreal/Content/StarterContent/Textures/T_Metal_Rust_D.uasset" 869
"C:/Users/rayan/Projets UE/Team6_Unreal/Content/StarterContent/Textures/T_Metal_Rust_D.uexp" 870
"C:/Users/rayan/Projets UE/Team6_Unreal/Content/StarterContent/Textures/T_MacroVariation.uasset" 871
"C:/Users/rayan/Projets UE/Team6_Unreal/Content/StarterContent/Textures/T_MacroVariation.uexp" 872
"C:/Users/rayan/Projets UE/Team6_Unreal/Content/StarterContent/Materials/M_Metal_Rust.uasset" 873
"C:/Users/rayan/Projets UE/Team6_Unreal/Content/StarterContent/Materials/M_Metal_Rust.uexp" 874
"C:/Users/rayan/Projets UE/Team6_Unreal/Content/StarterContent/Textures/T_Tech_Hex_Tile_M.ubulk" 875
"C:/Users/rayan/Projets UE/Team6_Unreal/Content/StarterContent/Textures/T_Tech_Hex_Tile_M.uasset" 876
"C:/Users/rayan/Projets UE/Team6_Unreal/Content/StarterContent/Textures/T_Tech_Hex_Tile_M.uexp" 877
"C:/Users/rayan/Projets UE/Team6_Unreal/Content/StarterContent/Textures/T_Tech_Hex_Tile_N.ubulk" 878
"C:/Users/rayan/Projets UE/Team6_Unreal/Content/StarterContent/Textures/T_Tech_Hex_Tile_N.uasset" 879
"C:/Users/rayan/Projets UE/Team6_Unreal/Content/StarterContent/Textures/T_Tech_Hex_Tile_N.uexp" 880
"C:/Users/rayan/Projets UE/Team6_Unreal/Content/StarterContent/Materials/M_Tech_Hex_Tile.uasset" 881
"C:/Users/rayan/Projets UE/Team6_Unreal/Content/StarterContent/Materials/M_Tech_Hex_Tile.uexp" 882
"C:/Users/rayan/Projets UE/Team6_Unreal/Content/LevelPrototyping/Textures/T_GridChecker_A.ubulk" 883
"C:/Users/rayan/Projets UE/Team6_Unreal/Content/LevelPrototyping/Textures/T_GridChecker_A.uasset" 884
"C:/Users/rayan/Projets UE/Team6_Unreal/Content/LevelPrototyping/Textures/T_GridChecker_A.uexp" 885
"../../../Engine/Content/Functions/Engine_MaterialFunctions01/Gradient/LinearGradient.uasset" 886
"../../../Engine/Content/Functions/Engine_MaterialFunctions01/Gradient/LinearGradient.uexp" 887
"../../../Engine/Content/Functions/Engine_MaterialFunctions01/ImageAdjustment/CheapContrast.uasset" 888
"../../../Engine/Content/Functions/Engine_MaterialFunctions01/ImageAdjustment/CheapContrast.uexp" 889
"C:/Users/rayan/Projets UE/Team6_Unreal/Content/LevelPrototyping/Materials/MF_ProcGrid.uasset" 890
"C:/Users/rayan/Projets UE/Team6_Unreal/Content/LevelPrototyping/Materials/MF_ProcGrid.uexp" 891
"C:/Users/rayan/Projets UE/Team6_Unreal/Content/LevelPrototyping/Materials/M_PrototypeGrid.uasset" 892
"C:/Users/rayan/Projets UE/Team6_Unreal/Content/LevelPrototyping/Materials/M_PrototypeGrid.uexp" 893
"C:/Users/rayan/Projets UE/Team6_Unreal/Content/LevelPrototyping/Materials/MI_PrototypeGrid_Gray.uasset" 894
"C:/Users/rayan/Projets UE/Team6_Unreal/Content/LevelPrototyping/Materials/MI_PrototypeGrid_Gray.uexp" 895
"C:/Users/rayan/Projets UE/Team6_Unreal/Content/LevelPrototyping/Meshes/SM_Cylinder.ubulk" 896
"C:/Users/rayan/Projets UE/Team6_Unreal/Content/LevelPrototyping/Meshes/SM_Cylinder.uasset" 897
"C:/Users/rayan/Projets UE/Team6_Unreal/Content/LevelPrototyping/Meshes/SM_Cylinder.uexp" 898
"C:/Users/rayan/Projets UE/Team6_Unreal/Content/FirstPerson/Blueprints/Interface/BPI_Activable.uasset" 899
"C:/Users/rayan/Projets UE/Team6_Unreal/Content/FirstPerson/Blueprints/Interface/BPI_Activable.uexp" 900
"C:/Users/rayan/Projets UE/Team6_Unreal/Content/StarterContent/Textures/T_Metal_Steel_D.ubulk" 901
"C:/Users/rayan/Projets UE/Team6_Unreal/Content/StarterContent/Textures/T_Metal_Steel_D.uasset" 902
"C:/Users/rayan/Projets UE/Team6_Unreal/Content/StarterContent/Textures/T_Metal_Steel_D.uexp" 903
"C:/Users/rayan/Projets UE/Team6_Unreal/Content/StarterContent/Textures/T_Metal_Steel_N.ubulk" 904
"C:/Users/rayan/Projets UE/Team6_Unreal/Content/StarterContent/Textures/T_Metal_Steel_N.uasset" 905
"C:/Users/rayan/Projets UE/Team6_Unreal/Content/StarterContent/Textures/T_Metal_Steel_N.uexp" 906
"C:/Users/rayan/Projets UE/Team6_Unreal/Content/StarterContent/Materials/M_Metal_Steel.uasset" 907
"C:/Users/rayan/Projets UE/Team6_Unreal/Content/StarterContent/Materials/M_Metal_Steel.uexp" 908
"C:/Users/rayan/Projets UE/Team6_Unreal/Content/FirstPerson/Blueprints/SM_Lever.ubulk" 909
"C:/Users/rayan/Projets UE/Team6_Unreal/Content/FirstPerson/Blueprints/SM_Lever.uasset" 910
"C:/Users/rayan/Projets UE/Team6_Unreal/Content/FirstPerson/Blueprints/SM_Lever.uexp" 911
"C:/Users/rayan/Projets UE/Team6_Unreal/Content/FirstPerson/Blueprints/Interface/BPI_Interact.uasset" 912
"C:/Users/rayan/Projets UE/Team6_Unreal/Content/FirstPerson/Blueprints/Interface/BPI_Interact.uexp" 913
"C:/Users/rayan/Projets UE/Team6_Unreal/Content/FirstPerson/Blueprints/BP_Lever.uasset" 914
"C:/Users/rayan/Projets UE/Team6_Unreal/Content/FirstPerson/Blueprints/BP_Lever.uexp" 915
"C:/Users/rayan/Projets UE/Team6_Unreal/Content/LevelPrototyping/Meshes/SM_Cube.ubulk" 916
"C:/Users/rayan/Projets UE/Team6_Unreal/Content/LevelPrototyping/Meshes/SM_Cube.uasset" 917
"C:/Users/rayan/Projets UE/Team6_Unreal/Content/LevelPrototyping/Meshes/SM_Cube.uexp" 918
"C:/Users/rayan/Projets UE/Team6_Unreal/Content/StarterContent/Textures/T_Wood_Floor_Walnut_M.ubulk" 919
"C:/Users/rayan/Projets UE/Team6_Unreal/Content/StarterContent/Textures/T_Wood_Floor_Walnut_M.uasset" 920
"C:/Users/rayan/Projets UE/Team6_Unreal/Content/StarterContent/Textures/T_Wood_Floor_Walnut_M.uexp" 921
"C:/Users/rayan/Projets UE/Team6_Unreal/Content/StarterContent/Textures/T_Wood_Floor_Walnut_D.ubulk" 922
"C:/Users/rayan/Projets UE/Team6_Unreal/Content/StarterContent/Textures/T_Wood_Floor_Walnut_D.uasset" 923
"C:/Users/rayan/Projets UE/Team6_Unreal/Content/StarterContent/Textures/T_Wood_Floor_Walnut_D.uexp" 924
"C:/Users/rayan/Projets UE/Team6_Unreal/Content/StarterContent/Textures/T_Perlin_Noise_M.ubulk" 925
"C:/Users/rayan/Projets UE/Team6_Unreal/Content/StarterContent/Textures/T_Perlin_Noise_M.uasset" 926
"C:/Users/rayan/Projets UE/Team6_Unreal/Content/StarterContent/Textures/T_Perlin_Noise_M.uexp" 927
"C:/Users/rayan/Projets UE/Team6_Unreal/Content/StarterContent/Textures/T_Wood_Floor_Walnut_N.ubulk" 928
"C:/Users/rayan/Projets UE/Team6_Unreal/Content/StarterContent/Textures/T_Wood_Floor_Walnut_N.uasset" 929
"C:/Users/rayan/Projets UE/Team6_Unreal/Content/StarterContent/Textures/T_Wood_Floor_Walnut_N.uexp" 930
"C:/Users/rayan/Projets UE/Team6_Unreal/Content/StarterContent/Materials/M_Wood_Floor_Walnut_Polished.uasset" 931
"C:/Users/rayan/Projets UE/Team6_Unreal/Content/StarterContent/Materials/M_Wood_Floor_Walnut_Polished.uexp" 932
"C:/Users/rayan/Projets UE/Team6_Unreal/Content/FirstPerson/Blueprints/BP_Door.uasset" 933
"C:/Users/rayan/Projets UE/Team6_Unreal/Content/FirstPerson/Blueprints/BP_Door.uexp" 934
"C:/Users/rayan/Projets UE/Team6_Unreal/Content/FirstPerson/AI/BBD_AI.uasset" 935
"C:/Users/rayan/Projets UE/Team6_Unreal/Content/FirstPerson/AI/BBD_AI.uexp" 936
"C:/Users/rayan/Projets UE/Team6_Unreal/Content/FirstPerson/AI/Tasks/BTTask_LookAround.uasset" 937
"C:/Users/rayan/Projets UE/Team6_Unreal/Content/FirstPerson/AI/Tasks/BTTask_LookAround.uexp" 938
"C:/Users/rayan/Projets UE/Team6_Unreal/Content/Textures/SkillCheck/cicrcle_dbd.uasset" 939
"C:/Users/rayan/Projets UE/Team6_Unreal/Content/Textures/SkillCheck/cicrcle_dbd.uexp" 940
"C:/Users/rayan/Projets UE/Team6_Unreal/Content/Textures/SkillCheck/cicrcle_dbd_2.uasset" 941
"C:/Users/rayan/Projets UE/Team6_Unreal/Content/Textures/SkillCheck/cicrcle_dbd_2.uexp" 942
"C:/Users/rayan/Projets UE/Team6_Unreal/Content/Textures/SkillCheck/cursor_dbd.uasset" 943
"C:/Users/rayan/Projets UE/Team6_Unreal/Content/Textures/SkillCheck/cursor_dbd.uexp" 944
"../../../Engine/Content/VREditor/Sounds/VR_open.ubulk" 945
"../../../Engine/Content/VREditor/Sounds/VR_open.uasset" 946
"../../../Engine/Content/VREditor/Sounds/VR_open.uexp" 947
"C:/Users/rayan/Projets UE/Team6_Unreal/Content/FirstPerson/Blueprints/Interface/BPI_Draw.uasset" 948
"C:/Users/rayan/Projets UE/Team6_Unreal/Content/FirstPerson/Blueprints/Interface/BPI_Draw.uexp" 949
"C:/Users/rayan/Projets UE/Team6_Unreal/Content/FirstPerson/Blueprints/Interface/BPI_Mob.uasset" 950
"C:/Users/rayan/Projets UE/Team6_Unreal/Content/FirstPerson/Blueprints/Interface/BPI_Mob.uexp" 951
"C:/Users/rayan/Projets UE/Team6_Unreal/Content/FirstPerson/Blueprints/CameraShake/BP_WalkCamShake.uasset" 952
"C:/Users/rayan/Projets UE/Team6_Unreal/Content/FirstPerson/Blueprints/CameraShake/BP_WalkCamShake.uexp" 953
"C:/Users/rayan/Projets UE/Team6_Unreal/Content/UI/WBP_HUD.uasset" 954
"C:/Users/rayan/Projets UE/Team6_Unreal/Content/UI/WBP_HUD.uexp" 955
"C:/Users/rayan/Projets UE/Team6_Unreal/Content/UI/WBP_Main/WBP_HUDMain.uasset" 956
"C:/Users/rayan/Projets UE/Team6_Unreal/Content/UI/WBP_Main/WBP_HUDMain.uexp" 957
"C:/Users/rayan/Projets UE/Team6_Unreal/Content/UI/WBP_PaintBrush.uasset" 958
"C:/Users/rayan/Projets UE/Team6_Unreal/Content/UI/WBP_PaintBrush.uexp" 959
"../../../Engine/Content/Functions/Engine_MaterialFunctions02/Math/Pi.uasset" 960
"../../../Engine/Content/Functions/Engine_MaterialFunctions02/Math/Pi.uexp" 961
"C:/Users/rayan/Projets UE/Team6_Unreal/Content/Material/QTE/M_QTE_SquareProgress.uasset" 962
"C:/Users/rayan/Projets UE/Team6_Unreal/Content/Material/QTE/M_QTE_SquareProgress.uexp" 963
"C:/Users/rayan/Projets UE/Team6_Unreal/Content/Material/QTE/MI_QTE_SquareProgress.uasset" 964
"C:/Users/rayan/Projets UE/Team6_Unreal/Content/Material/QTE/MI_QTE_SquareProgress.uexp" 965
"../../../Engine/Content/EditorLandscapeResources/WhiteSquareTexture.uasset" 966
"../../../Engine/Content/EditorLandscapeResources/WhiteSquareTexture.uexp" 967
"C:/Users/rayan/Projets UE/Team6_Unreal/Content/UI/WBP_QTE.uasset" 968
"C:/Users/rayan/Projets UE/Team6_Unreal/Content/UI/WBP_QTE.uexp" 969
"C:/Users/rayan/Projets UE/Team6_Unreal/Content/UI/HUD_Game.uasset" 970
"C:/Users/rayan/Projets UE/Team6_Unreal/Content/UI/HUD_Game.uexp" 971
"C:/Users/rayan/Projets UE/Team6_Unreal/Content/FirstPerson/Input/Actions/IA_Look.uasset" 972
"C:/Users/rayan/Projets UE/Team6_Unreal/Content/FirstPerson/Input/Actions/IA_Look.uexp" 973
"C:/Users/rayan/Projets UE/Team6_Unreal/Content/FirstPerson/Blueprints/CameraShake/BP_SprintCamShake.uasset" 974
"C:/Users/rayan/Projets UE/Team6_Unreal/Content/FirstPerson/Blueprints/CameraShake/BP_SprintCamShake.uexp" 975
"C:/Users/rayan/Projets UE/Team6_Unreal/Content/FirstPerson/Input/Actions/IA_Attack.uasset" 976
"C:/Users/rayan/Projets UE/Team6_Unreal/Content/FirstPerson/Input/Actions/IA_Attack.uexp" 977
"C:/Users/rayan/Projets UE/Team6_Unreal/Content/FirstPerson/Input/Actions/IA_ReturnCamera.uasset" 978
"C:/Users/rayan/Projets UE/Team6_Unreal/Content/FirstPerson/Input/Actions/IA_ReturnCamera.uexp" 979
"C:/Users/rayan/Projets UE/Team6_Unreal/Content/FirstPersonArms/Character/Textures/Manny/T_Manny_02_N.ubulk" 980
"C:/Users/rayan/Projets UE/Team6_Unreal/Content/FirstPersonArms/Character/Textures/Manny/T_Manny_02_N.uasset" 981
"C:/Users/rayan/Projets UE/Team6_Unreal/Content/FirstPersonArms/Character/Textures/Manny/T_Manny_02_N.uexp" 982
"C:/Users/rayan/Projets UE/Team6_Unreal/Content/FirstPersonArms/Character/Textures/Manny/T_Manny_02_BN.ubulk" 983
"C:/Users/rayan/Projets UE/Team6_Unreal/Content/FirstPersonArms/Character/Textures/Manny/T_Manny_02_BN.uasset" 984
"C:/Users/rayan/Projets UE/Team6_Unreal/Content/FirstPersonArms/Character/Textures/Manny/T_Manny_02_BN.uexp" 985
"C:/Users/rayan/Projets UE/Team6_Unreal/Content/FirstPersonArms/Character/Textures/Manny/T_Manny_02_ASAOPMASK_MSK.ubulk" 986
"C:/Users/rayan/Projets UE/Team6_Unreal/Content/FirstPersonArms/Character/Textures/Manny/T_Manny_02_ASAOPMASK_MSK.uasset" 987
"C:/Users/rayan/Projets UE/Team6_Unreal/Content/FirstPersonArms/Character/Textures/Manny/T_Manny_02_ASAOPMASK_MSK.uexp" 988
"C:/Users/rayan/Projets UE/Team6_Unreal/Content/FirstPersonArms/Character/Textures/Manny/T_Manny_01_ASAOPMASK_MSK.ubulk" 989
"C:/Users/rayan/Projets UE/Team6_Unreal/Content/FirstPersonArms/Character/Textures/Manny/T_Manny_01_ASAOPMASK_MSK.uasset" 990
"C:/Users/rayan/Projets UE/Team6_Unreal/Content/FirstPersonArms/Character/Textures/Manny/T_Manny_01_ASAOPMASK_MSK.uexp" 991
"C:/Users/rayan/Projets UE/Team6_Unreal/Content/FirstPersonArms/Character/Textures/Manny/T_Manny_01_CCRCCPlastic_MSK.ubulk" 992
"C:/Users/rayan/Projets UE/Team6_Unreal/Content/FirstPersonArms/Character/Textures/Manny/T_Manny_01_CCRCCPlastic_MSK.uasset" 993
"C:/Users/rayan/Projets UE/Team6_Unreal/Content/FirstPersonArms/Character/Textures/Manny/T_Manny_01_CCRCCPlastic_MSK.uexp" 994
"C:/Users/rayan/Projets UE/Team6_Unreal/Content/FirstPersonArms/Character/Textures/Manny/T_Manny_01_Tan.ubulk" 995
"C:/Users/rayan/Projets UE/Team6_Unreal/Content/FirstPersonArms/Character/Textures/Manny/T_Manny_01_Tan.uasset" 996
"C:/Users/rayan/Projets UE/Team6_Unreal/Content/FirstPersonArms/Character/Textures/Manny/T_Manny_01_Tan.uexp" 997
"C:/Users/rayan/Projets UE/Team6_Unreal/Content/FirstPersonArms/Character/Textures/Manny/T_Manny_01_BN.ubulk" 998
"C:/Users/rayan/Projets UE/Team6_Unreal/Content/FirstPersonArms/Character/Textures/Manny/T_Manny_01_BN.uasset" 999
"C:/Users/rayan/Projets UE/Team6_Unreal/Content/FirstPersonArms/Character/Textures/Manny/T_Manny_01_BN.uexp" 1000
"C:/Users/rayan/Projets UE/Team6_Unreal/Content/FirstPersonArms/Character/Textures/Manny/T_Manny_01_MSR_MSK.ubulk" 1001
"C:/Users/rayan/Projets UE/Team6_Unreal/Content/FirstPersonArms/Character/Textures/Manny/T_Manny_01_MSR_MSK.uasset" 1002
"C:/Users/rayan/Projets UE/Team6_Unreal/Content/FirstPersonArms/Character/Textures/Manny/T_Manny_01_MSR_MSK.uexp" 1003
"C:/Users/rayan/Projets UE/Team6_Unreal/Content/FirstPersonArms/Character/Textures/Manny/T_Manny_01_N.ubulk" 1004
"C:/Users/rayan/Projets UE/Team6_Unreal/Content/FirstPersonArms/Character/Textures/Manny/T_Manny_01_N.uasset" 1005
"C:/Users/rayan/Projets UE/Team6_Unreal/Content/FirstPersonArms/Character/Textures/Manny/T_Manny_01_N.uexp" 1006
"C:/Users/rayan/Projets UE/Team6_Unreal/Content/FirstPersonArms/Character/Textures/Manny/T_Manny_01_D.ubulk" 1007
"C:/Users/rayan/Projets UE/Team6_Unreal/Content/FirstPersonArms/Character/Textures/Manny/T_Manny_01_D.uasset" 1008
"C:/Users/rayan/Projets UE/Team6_Unreal/Content/FirstPersonArms/Character/Textures/Manny/T_Manny_01_D.uexp" 1009
"C:/Users/rayan/Projets UE/Team6_Unreal/Content/FirstPersonArms/Character/Materials/Functions/ChromaticCurve.uasset" 1010
"C:/Users/rayan/Projets UE/Team6_Unreal/Content/FirstPersonArms/Character/Materials/Functions/ChromaticCurve.uexp" 1011
"C:/Users/rayan/Projets UE/Team6_Unreal/Content/FirstPersonArms/Character/Materials/Functions/CA_Mannequin.uasset" 1012
"C:/Users/rayan/Projets UE/Team6_Unreal/Content/FirstPersonArms/Character/Materials/Functions/CA_Mannequin.uexp" 1013
"C:/Users/rayan/Projets UE/Team6_Unreal/Content/FirstPersonArms/Character/Materials/Functions/MF_Diffraction.uasset" 1014
"C:/Users/rayan/Projets UE/Team6_Unreal/Content/FirstPersonArms/Character/Materials/Functions/MF_Diffraction.uexp" 1015
"C:/Users/rayan/Projets UE/Team6_Unreal/Content/FirstPersonArms/Character/Textures/Shared/T_UE_Logo_M.uasset" 1016
"C:/Users/rayan/Projets UE/Team6_Unreal/Content/FirstPersonArms/Character/Textures/Shared/T_UE_Logo_M.uexp" 1017
"C:/Users/rayan/Projets UE/Team6_Unreal/Content/FirstPersonArms/Character/Materials/Functions/MF_logo3layers.uasset" 1018
"C:/Users/rayan/Projets UE/Team6_Unreal/Content/FirstPersonArms/Character/Materials/Functions/MF_logo3layers.uexp" 1019
"C:/Users/rayan/Projets UE/Team6_Unreal/Content/FirstPersonArms/Character/Materials/Functions/ML_BaseColorFallOff.uasset" 1020
"C:/Users/rayan/Projets UE/Team6_Unreal/Content/FirstPersonArms/Character/Materials/Functions/ML_BaseColorFallOff.uexp" 1021
"C:/Users/rayan/Projets UE/Team6_Unreal/Content/FirstPersonArms/Character/Materials/M_Mannequin.uasset" 1022
"C:/Users/rayan/Projets UE/Team6_Unreal/Content/FirstPersonArms/Character/Materials/M_Mannequin.uexp" 1023
"C:/Users/rayan/Projets UE/Team6_Unreal/Content/FirstPersonArms/Character/Materials/Instances/Manny/MI_Manny_01.uasset" 1024
"C:/Users/rayan/Projets UE/Team6_Unreal/Content/FirstPersonArms/Character/Materials/Instances/Manny/MI_Manny_01.uexp" 1025
"C:/Users/rayan/Projets UE/Team6_Unreal/Content/FirstPersonArms/Character/Textures/Manny/T_Manny_02_CCRCCPlastic_MSK.ubulk" 1026
"C:/Users/rayan/Projets UE/Team6_Unreal/Content/FirstPersonArms/Character/Textures/Manny/T_Manny_02_CCRCCPlastic_MSK.uasset" 1027
"C:/Users/rayan/Projets UE/Team6_Unreal/Content/FirstPersonArms/Character/Textures/Manny/T_Manny_02_CCRCCPlastic_MSK.uexp" 1028
"C:/Users/rayan/Projets UE/Team6_Unreal/Content/FirstPersonArms/Character/Textures/Manny/T_Manny_02_MSR_MSK.ubulk" 1029
"C:/Users/rayan/Projets UE/Team6_Unreal/Content/FirstPersonArms/Character/Textures/Manny/T_Manny_02_MSR_MSK.uasset" 1030
"C:/Users/rayan/Projets UE/Team6_Unreal/Content/FirstPersonArms/Character/Textures/Manny/T_Manny_02_MSR_MSK.uexp" 1031
"C:/Users/rayan/Projets UE/Team6_Unreal/Content/FirstPersonArms/Character/Textures/Manny/T_Manny_02_D.ubulk" 1032
"C:/Users/rayan/Projets UE/Team6_Unreal/Content/FirstPersonArms/Character/Textures/Manny/T_Manny_02_D.uasset" 1033
"C:/Users/rayan/Projets UE/Team6_Unreal/Content/FirstPersonArms/Character/Textures/Manny/T_Manny_02_D.uexp" 1034
"C:/Users/rayan/Projets UE/Team6_Unreal/Content/FirstPersonArms/Character/Textures/Manny/T_Manny_02_Tan.ubulk" 1035
"C:/Users/rayan/Projets UE/Team6_Unreal/Content/FirstPersonArms/Character/Textures/Manny/T_Manny_02_Tan.uasset" 1036
"C:/Users/rayan/Projets UE/Team6_Unreal/Content/FirstPersonArms/Character/Textures/Manny/T_Manny_02_Tan.uexp" 1037
"C:/Users/rayan/Projets UE/Team6_Unreal/Content/FirstPersonArms/Character/Materials/Instances/Manny/MI_Manny_02.uasset" 1038
"C:/Users/rayan/Projets UE/Team6_Unreal/Content/FirstPersonArms/Character/Materials/Instances/Manny/MI_Manny_02.uexp" 1039
"C:/Users/rayan/Projets UE/Team6_Unreal/Content/FirstPersonArms/Character/Mesh/SK_Mannequin_Arms_PhysicsAsset.uasset" 1040
"C:/Users/rayan/Projets UE/Team6_Unreal/Content/FirstPersonArms/Character/Mesh/SK_Mannequin_Arms_PhysicsAsset.uexp" 1041
"C:/Users/rayan/Projets UE/Team6_Unreal/Content/FirstPersonArms/Character/Mesh/SK_Mannequin_Arms_Skeleton.uasset" 1042
"C:/Users/rayan/Projets UE/Team6_Unreal/Content/FirstPersonArms/Character/Mesh/SK_Mannequin_Arms_Skeleton.uexp" 1043
"C:/Users/rayan/Projets UE/Team6_Unreal/Content/FirstPersonArms/Character/Mesh/SK_Mannequin_Arms.uasset" 1044
"C:/Users/rayan/Projets UE/Team6_Unreal/Content/FirstPersonArms/Character/Mesh/SK_Mannequin_Arms.uexp" 1045
"C:/Users/rayan/Projets UE/Team6_Unreal/Content/FirstPerson/Input/Actions/IA_Draw.uasset" 1046
"C:/Users/rayan/Projets UE/Team6_Unreal/Content/FirstPerson/Input/Actions/IA_Draw.uexp" 1047
"../../../Engine/Content/BasicShapes/Plane.ubulk" 1048
"../../../Engine/Content/BasicShapes/Plane.uasset" 1049
"../../../Engine/Content/BasicShapes/Plane.uexp" 1050
"C:/Users/rayan/Projets UE/Team6_Unreal/Content/FirstPerson/Blueprints/Interface/BPI_Stun.uasset" 1051
"C:/Users/rayan/Projets UE/Team6_Unreal/Content/FirstPerson/Blueprints/Interface/BPI_Stun.uexp" 1052
"../../../Engine/Content/MapTemplates/Sky/M_BlackBackground.uasset" 1053
"../../../Engine/Content/MapTemplates/Sky/M_BlackBackground.uexp" 1054
"C:/Users/rayan/Projets UE/Team6_Unreal/Content/FirstPerson/Blueprints/BP_InkSplash.uasset" 1055
"C:/Users/rayan/Projets UE/Team6_Unreal/Content/FirstPerson/Blueprints/BP_InkSplash.uexp" 1056
"C:/Users/rayan/Projets UE/Team6_Unreal/Content/FirstPerson/Input/Actions/IA_Move.uasset" 1057
"C:/Users/rayan/Projets UE/Team6_Unreal/Content/FirstPerson/Input/Actions/IA_Move.uexp" 1058
"C:/Users/rayan/Projets UE/Team6_Unreal/Content/FirstPerson/Blueprints/CameraShake/BP_IdleCameraShake.uasset" 1059
"C:/Users/rayan/Projets UE/Team6_Unreal/Content/FirstPerson/Blueprints/CameraShake/BP_IdleCameraShake.uexp" 1060
"C:/Users/rayan/Projets UE/Team6_Unreal/Content/FirstPerson/Input/Actions/IA_InkSplash.uasset" 1061
"C:/Users/rayan/Projets UE/Team6_Unreal/Content/FirstPerson/Input/Actions/IA_InkSplash.uexp" 1062
"C:/Users/rayan/Projets UE/Team6_Unreal/Content/FirstPerson/Input/Actions/IA_Interact.uasset" 1063
"C:/Users/rayan/Projets UE/Team6_Unreal/Content/FirstPerson/Input/Actions/IA_Interact.uexp" 1064
"C:/Users/rayan/Projets UE/Team6_Unreal/Content/FirstPerson/Input/Actions/IA_Sprint.uasset" 1065
"C:/Users/rayan/Projets UE/Team6_Unreal/Content/FirstPerson/Input/Actions/IA_Sprint.uexp" 1066
"C:/Users/rayan/Projets UE/Team6_Unreal/Content/FirstPerson/Input/Actions/IA_SkillCheck.uasset" 1067
"C:/Users/rayan/Projets UE/Team6_Unreal/Content/FirstPerson/Input/Actions/IA_SkillCheck.uexp" 1068
"C:/Users/rayan/Projets UE/Team6_Unreal/Content/FirstPerson/Input/Actions/IA_Jump.uasset" 1069
"C:/Users/rayan/Projets UE/Team6_Unreal/Content/FirstPerson/Input/Actions/IA_Jump.uexp" 1070
"C:/Users/rayan/Projets UE/Team6_Unreal/Content/FirstPerson/Input/IMC_Default.uasset" 1071
"C:/Users/rayan/Projets UE/Team6_Unreal/Content/FirstPerson/Input/IMC_Default.uexp" 1072
"C:/Users/rayan/Projets UE/Team6_Unreal/Content/FirstPerson/Blueprints/GI_NameToGive.uasset" 1073
"C:/Users/rayan/Projets UE/Team6_Unreal/Content/FirstPerson/Blueprints/GI_NameToGive.uexp" 1074
"../../../Engine/Content/Animation/DefaultAnimCurveCompressionSettings.uasset" 1075
"../../../Engine/Content/Animation/DefaultAnimCurveCompressionSettings.uexp" 1076
"../../../Engine/Content/Animation/DefaultAnimBoneCompressionSettings.uasset" 1077
"../../../Engine/Content/Animation/DefaultAnimBoneCompressionSettings.uexp" 1078
"C:/Users/rayan/Projets UE/Team6_Unreal/Content/FirstPersonArms/Animations/FP_Rifle_Idle.uasset" 1079
"C:/Users/rayan/Projets UE/Team6_Unreal/Content/FirstPersonArms/Animations/FP_Rifle_Idle.uexp" 1080
"C:/Users/rayan/Projets UE/Team6_Unreal/Content/FirstPersonArms/Animations/FP_Rifle_Land.uasset" 1081
"C:/Users/rayan/Projets UE/Team6_Unreal/Content/FirstPersonArms/Animations/FP_Rifle_Land.uexp" 1082
"C:/Users/rayan/Projets UE/Team6_Unreal/Content/FirstPersonArms/Animations/FP_Rifle_Run.uasset" 1083
"C:/Users/rayan/Projets UE/Team6_Unreal/Content/FirstPersonArms/Animations/FP_Rifle_Run.uexp" 1084
"C:/Users/rayan/Projets UE/Team6_Unreal/Content/FirstPersonArms/Animations/FP_Rifle_Falling.uasset" 1085
"C:/Users/rayan/Projets UE/Team6_Unreal/Content/FirstPersonArms/Animations/FP_Rifle_Falling.uexp" 1086
"../../../Engine/Content/Animation/DefaultRecorderBoneCompression.uasset" 1087
"../../../Engine/Content/Animation/DefaultRecorderBoneCompression.uexp" 1088
"C:/Users/rayan/Projets UE/Team6_Unreal/Content/FirstPersonArms/Animations/FP_Idle.uasset" 1089
"C:/Users/rayan/Projets UE/Team6_Unreal/Content/FirstPersonArms/Animations/FP_Idle.uexp" 1090
"C:/Users/rayan/Projets UE/Team6_Unreal/Content/FirstPersonArms/Animations/FP_Jump.uasset" 1091
"C:/Users/rayan/Projets UE/Team6_Unreal/Content/FirstPersonArms/Animations/FP_Jump.uexp" 1092
"C:/Users/rayan/Projets UE/Team6_Unreal/Content/FirstPersonArms/Animations/FP_Run_Fwd.uasset" 1093
"C:/Users/rayan/Projets UE/Team6_Unreal/Content/FirstPersonArms/Animations/FP_Run_Fwd.uexp" 1094
"C:/Users/rayan/Projets UE/Team6_Unreal/Content/FirstPersonArms/Animations/FP_Land.uasset" 1095
"C:/Users/rayan/Projets UE/Team6_Unreal/Content/FirstPersonArms/Animations/FP_Land.uexp" 1096
"C:/Users/rayan/Projets UE/Team6_Unreal/Content/FirstPersonArms/Animations/FP_Falling.uasset" 1097
"C:/Users/rayan/Projets UE/Team6_Unreal/Content/FirstPersonArms/Animations/FP_Falling.uexp" 1098
"../../../Engine/Content/Animation/DefaultVariableFrameStrippingSettings.uasset" 1099
"../../../Engine/Content/Animation/DefaultVariableFrameStrippingSettings.uexp" 1100
"C:/Users/rayan/Projets UE/Team6_Unreal/Content/FirstPersonArms/Animations/FP_Rifle_Jump.uasset" 1101
"C:/Users/rayan/Projets UE/Team6_Unreal/Content/FirstPersonArms/Animations/FP_Rifle_Jump.uexp" 1102
"C:/Users/rayan/Projets UE/Team6_Unreal/Content/FirstPersonArms/Animations/FirstPerson_AnimBP.uasset" 1103
"C:/Users/rayan/Projets UE/Team6_Unreal/Content/FirstPersonArms/Animations/FirstPerson_AnimBP.uexp" 1104
"C:/Users/rayan/Projets UE/Team6_Unreal/Content/FirstPerson/Blueprints/BP_FirstPersonCharacter.uasset" 1105
"C:/Users/rayan/Projets UE/Team6_Unreal/Content/FirstPerson/Blueprints/BP_FirstPersonCharacter.uexp" 1106
"C:/Users/rayan/Projets UE/Team6_Unreal/Content/UI/WBP_SkillCheck.uasset" 1107
"C:/Users/rayan/Projets UE/Team6_Unreal/Content/UI/WBP_SkillCheck.uexp" 1108
"C:/Users/rayan/Projets UE/Team6_Unreal/Content/FirstPerson/Blueprints/BP_Item.uasset" 1109
"C:/Users/rayan/Projets UE/Team6_Unreal/Content/FirstPerson/Blueprints/BP_Item.uexp" 1110
"C:/Users/rayan/Projets UE/Team6_Unreal/Content/FirstPerson/AI/Tasks/BTTask_ChaseItem.uasset" 1111
"C:/Users/rayan/Projets UE/Team6_Unreal/Content/FirstPerson/AI/Tasks/BTTask_ChaseItem.uexp" 1112
"C:/Users/rayan/Projets UE/Team6_Unreal/Content/FirstPerson/AI/Tasks/BTTask_ChasePlayer.uasset" 1113
"C:/Users/rayan/Projets UE/Team6_Unreal/Content/FirstPerson/AI/Tasks/BTTask_ChasePlayer.uexp" 1114
"C:/Users/rayan/Projets UE/Team6_Unreal/Content/FirstPerson/AI/Tasks/BTTask_Stun.uasset" 1115
"C:/Users/rayan/Projets UE/Team6_Unreal/Content/FirstPerson/AI/Tasks/BTTask_Stun.uexp" 1116
"C:/Users/rayan/Projets UE/Team6_Unreal/Content/FirstPerson/AI/BT_AI.uasset" 1117
"C:/Users/rayan/Projets UE/Team6_Unreal/Content/FirstPerson/AI/BT_AI.uexp" 1118
"C:/Users/rayan/Projets UE/Team6_Unreal/Content/FirstPerson/AI/BP_AI_Enemy.uasset" 1119
"C:/Users/rayan/Projets UE/Team6_Unreal/Content/FirstPerson/AI/BP_AI_Enemy.uexp" 1120
"../../../Engine/Plugins/2D/Paper2D/Content/TranslucentUnlitSpriteMaterial.uasset" 1121
"../../../Engine/Plugins/2D/Paper2D/Content/TranslucentUnlitSpriteMaterial.uexp" 1122
"C:/Users/rayan/Projets UE/Team6_Unreal/Content/Textures/Enemy/Croquis_Marche/Croquis_Marche_3.uasset" 1123
"C:/Users/rayan/Projets UE/Team6_Unreal/Content/Textures/Enemy/Croquis_Marche/Croquis_Marche_3.uexp" 1124
"C:/Users/rayan/Projets UE/Team6_Unreal/Content/Textures/Enemy/Croquis_Marche/Croquis_Marche_3_Sprite.uasset" 1125
"C:/Users/rayan/Projets UE/Team6_Unreal/Content/Textures/Enemy/Croquis_Marche/Croquis_Marche_3_Sprite.uexp" 1126
"C:/Users/rayan/Projets UE/Team6_Unreal/Content/Textures/Enemy/Croquis_Marche/Croquis_Marche_2.uasset" 1127
"C:/Users/rayan/Projets UE/Team6_Unreal/Content/Textures/Enemy/Croquis_Marche/Croquis_Marche_2.uexp" 1128
"C:/Users/rayan/Projets UE/Team6_Unreal/Content/Textures/Enemy/Croquis_Marche/Croquis_Marche_2_Sprite.uasset" 1129
"C:/Users/rayan/Projets UE/Team6_Unreal/Content/Textures/Enemy/Croquis_Marche/Croquis_Marche_2_Sprite.uexp" 1130
"C:/Users/rayan/Projets UE/Team6_Unreal/Content/Textures/Enemy/Croquis_Marche/Croquis_Marche_4.uasset" 1131
"C:/Users/rayan/Projets UE/Team6_Unreal/Content/Textures/Enemy/Croquis_Marche/Croquis_Marche_4.uexp" 1132
"C:/Users/rayan/Projets UE/Team6_Unreal/Content/Textures/Enemy/Croquis_Marche/Croquis_Marche_4_Sprite.uasset" 1133
"C:/Users/rayan/Projets UE/Team6_Unreal/Content/Textures/Enemy/Croquis_Marche/Croquis_Marche_4_Sprite.uexp" 1134
"C:/Users/rayan/Projets UE/Team6_Unreal/Content/Textures/Enemy/Croquis_Marche/Croquis_Marche_1.uasset" 1135
"C:/Users/rayan/Projets UE/Team6_Unreal/Content/Textures/Enemy/Croquis_Marche/Croquis_Marche_1.uexp" 1136
"C:/Users/rayan/Projets UE/Team6_Unreal/Content/Textures/Enemy/Croquis_Marche/Croquis_Marche_1_Sprite.uasset" 1137
"C:/Users/rayan/Projets UE/Team6_Unreal/Content/Textures/Enemy/Croquis_Marche/Croquis_Marche_1_Sprite.uexp" 1138
"C:/Users/rayan/Projets UE/Team6_Unreal/Content/Textures/Enemy/Croquis_Marche/Croquis_Marche_5.uasset" 1139
"C:/Users/rayan/Projets UE/Team6_Unreal/Content/Textures/Enemy/Croquis_Marche/Croquis_Marche_5.uexp" 1140
"C:/Users/rayan/Projets UE/Team6_Unreal/Content/Textures/Enemy/Croquis_Marche/Croquis_Marche_5_Sprite.uasset" 1141
"C:/Users/rayan/Projets UE/Team6_Unreal/Content/Textures/Enemy/Croquis_Marche/Croquis_Marche_5_Sprite.uexp" 1142
"C:/Users/rayan/Projets UE/Team6_Unreal/Content/Textures/Enemy/Croquis_Marche/Croquis_Marche.uasset" 1143
"C:/Users/rayan/Projets UE/Team6_Unreal/Content/Textures/Enemy/Croquis_Marche/Croquis_Marche.uexp" 1144
"C:/Users/rayan/Projets UE/Team6_Unreal/Content/Characters/Mannequins/Meshes/SK_Mannequin.uasset" 1145
"C:/Users/rayan/Projets UE/Team6_Unreal/Content/Characters/Mannequins/Meshes/SK_Mannequin.uexp" 1146
"C:/Users/rayan/Projets UE/Team6_Unreal/Content/Characters/Mannequins/Animations/Manny/MM_Run_Fwd.uasset" 1147
"C:/Users/rayan/Projets UE/Team6_Unreal/Content/Characters/Mannequins/Animations/Manny/MM_Run_Fwd.uexp" 1148
"C:/Users/rayan/Projets UE/Team6_Unreal/Content/Characters/Mannequins/Animations/Manny/MM_Walk_Fwd.uasset" 1149
"C:/Users/rayan/Projets UE/Team6_Unreal/Content/Characters/Mannequins/Animations/Manny/MM_Walk_Fwd.uexp" 1150
"C:/Users/rayan/Projets UE/Team6_Unreal/Content/Characters/Mannequins/Animations/Manny/MM_Walk_InPlace.uasset" 1151
"C:/Users/rayan/Projets UE/Team6_Unreal/Content/Characters/Mannequins/Animations/Manny/MM_Walk_InPlace.uexp" 1152
"C:/Users/rayan/Projets UE/Team6_Unreal/Content/Characters/Mannequins/Animations/Manny/BS_MM_WalkRun.uasset" 1153
"C:/Users/rayan/Projets UE/Team6_Unreal/Content/Characters/Mannequins/Animations/Manny/BS_MM_WalkRun.uexp" 1154
"C:/Users/rayan/Projets UE/Team6_Unreal/Content/FirstPerson/Blueprints/BP_Enemy.uasset" 1155
"C:/Users/rayan/Projets UE/Team6_Unreal/Content/FirstPerson/Blueprints/BP_Enemy.uexp" 1156
"../../../Engine/Plugins/Animation/ACLPlugin/Content/ACLAnimBoneCompressionSettings.uasset" 1157
"../../../Engine/Plugins/Animation/ACLPlugin/Content/ACLAnimBoneCompressionSettings.uexp" 1158
"C:/Users/rayan/Projets UE/Team6_Unreal/Content/FirstPerson/Asset/Ennemi/SK_Ennemi_Skeleton.uasset" 1159
"C:/Users/rayan/Projets UE/Team6_Unreal/Content/FirstPerson/Asset/Ennemi/SK_Ennemi_Skeleton.uexp" 1160
"../../../Engine/Plugins/Animation/ACLPlugin/Content/ACLAnimCurveCompressionSettings.uasset" 1161
"../../../Engine/Plugins/Animation/ACLPlugin/Content/ACLAnimCurveCompressionSettings.uexp" 1162
"C:/Users/rayan/Projets UE/Team6_Unreal/Content/FirstPerson/Asset/Ennemi/SK_Anime_IDLE_ennemi.uasset" 1163
"C:/Users/rayan/Projets UE/Team6_Unreal/Content/FirstPerson/Asset/Ennemi/SK_Anime_IDLE_ennemi.uexp" 1164
"C:/Users/rayan/Projets UE/Team6_Unreal/Content/Animations/ABP_Mob.uasset" 1165
"C:/Users/rayan/Projets UE/Team6_Unreal/Content/Animations/ABP_Mob.uexp" 1166
"C:/Users/rayan/Projets UE/Team6_Unreal/Content/FirstPerson/Asset/Ennemi/SK_Anime_ATTACK01.uasset" 1167
"C:/Users/rayan/Projets UE/Team6_Unreal/Content/FirstPerson/Asset/Ennemi/SK_Anime_ATTACK01.uexp" 1168
"C:/Users/rayan/Projets UE/Team6_Unreal/Content/Animations/AM_AttackMob.uasset" 1169
"C:/Users/rayan/Projets UE/Team6_Unreal/Content/Animations/AM_AttackMob.uexp" 1170
"C:/Users/rayan/Projets UE/Team6_Unreal/Content/FirstPerson/AI/Tasks/BTTask_Attack.uasset" 1171
"C:/Users/rayan/Projets UE/Team6_Unreal/Content/FirstPerson/AI/Tasks/BTTask_Attack.uexp" 1172
"C:/Users/rayan/Projets UE/Team6_Unreal/Content/FirstPerson/AI/BBD_AIMob.uasset" 1173
"C:/Users/rayan/Projets UE/Team6_Unreal/Content/FirstPerson/AI/BBD_AIMob.uexp" 1174
"C:/Users/rayan/Projets UE/Team6_Unreal/Content/FirstPerson/AI/BT_AIMob.uasset" 1175
"C:/Users/rayan/Projets UE/Team6_Unreal/Content/FirstPerson/AI/BT_AIMob.uexp" 1176
"C:/Users/rayan/Projets UE/Team6_Unreal/Content/FirstPerson/AI/BP_AI_Mob.uasset" 1177
"C:/Users/rayan/Projets UE/Team6_Unreal/Content/FirstPerson/AI/BP_AI_Mob.uexp" 1178
"C:/Users/rayan/Projets UE/Team6_Unreal/Content/FirstPerson/Asset/Ennemi/SK_Ennemi_PhysicsAsset.uasset" 1179
"C:/Users/rayan/Projets UE/Team6_Unreal/Content/FirstPerson/Asset/Ennemi/SK_Ennemi_PhysicsAsset.uexp" 1180
"C:/Users/rayan/Projets UE/Team6_Unreal/Content/FirstPerson/Asset/Ennemi/SK_Ennemi.uasset" 1181
"C:/Users/rayan/Projets UE/Team6_Unreal/Content/FirstPerson/Asset/Ennemi/SK_Ennemi.uexp" 1182
"C:/Users/rayan/Projets UE/Team6_Unreal/Content/FirstPerson/Blueprints/BP_Mob.uasset" 1183
"C:/Users/rayan/Projets UE/Team6_Unreal/Content/FirstPerson/Blueprints/BP_Mob.uexp" 1184
"C:/Users/rayan/Projets UE/Team6_Unreal/Content/StarterContent/Textures/T_Brick_Clay_New_D.ubulk" 1185
"C:/Users/rayan/Projets UE/Team6_Unreal/Content/StarterContent/Textures/T_Brick_Clay_New_D.uasset" 1186
"C:/Users/rayan/Projets UE/Team6_Unreal/Content/StarterContent/Textures/T_Brick_Clay_New_D.uexp" 1187
"C:/Users/rayan/Projets UE/Team6_Unreal/Content/FirstPerson/Asset/Props/Teste_Decal.uasset" 1188
"C:/Users/rayan/Projets UE/Team6_Unreal/Content/FirstPerson/Asset/Props/Teste_Decal.uexp" 1189
"C:/Users/rayan/Projets UE/Team6_Unreal/Content/StarterContent/Textures/T_Ground_Grass_D.ubulk" 1190
"C:/Users/rayan/Projets UE/Team6_Unreal/Content/StarterContent/Textures/T_Ground_Grass_D.uasset" 1191
"C:/Users/rayan/Projets UE/Team6_Unreal/Content/StarterContent/Textures/T_Ground_Grass_D.uexp" 1192
"../../../Engine/Plugins/Bridge/Content/MSPresets/M_MS_Glass_Material/Textures/Black.ubulk" 1193
"../../../Engine/Plugins/Bridge/Content/MSPresets/M_MS_Glass_Material/Textures/Black.uasset" 1194
"../../../Engine/Plugins/Bridge/Content/MSPresets/M_MS_Glass_Material/Textures/Black.uexp" 1195
"C:/Users/rayan/Projets UE/Team6_Unreal/Content/Material/Paint/MF_Paint.uasset" 1196
"C:/Users/rayan/Projets UE/Team6_Unreal/Content/Material/Paint/MF_Paint.uexp" 1197
"C:/Users/rayan/Projets UE/Team6_Unreal/Content/Material/Paint/M_Peinture.uasset" 1198
"C:/Users/rayan/Projets UE/Team6_Unreal/Content/Material/Paint/M_Peinture.uexp" 1199
"C:/Users/rayan/Projets UE/Team6_Unreal/Content/StarterContent/Materials/M_Basic_Wall.uasset" 1200
"C:/Users/rayan/Projets UE/Team6_Unreal/Content/StarterContent/Materials/M_Basic_Wall.uexp" 1201
"C:/Users/rayan/Projets UE/Team6_Unreal/Content/StarterContent/Shapes/Shape_Cube.ubulk" 1202
"C:/Users/rayan/Projets UE/Team6_Unreal/Content/StarterContent/Shapes/Shape_Cube.uasset" 1203
"C:/Users/rayan/Projets UE/Team6_Unreal/Content/StarterContent/Shapes/Shape_Cube.uexp" 1204
"C:/Users/rayan/Projets UE/Team6_Unreal/Content/Textures/Paint/T_PaintWhite.uasset" 1205
"C:/Users/rayan/Projets UE/Team6_Unreal/Content/Textures/Paint/T_PaintWhite.uexp" 1206
"../../../Engine/Content/BasicShapes/Sphere.ubulk" 1207
"../../../Engine/Content/BasicShapes/Sphere.uasset" 1208
"../../../Engine/Content/BasicShapes/Sphere.uexp" 1209
"C:/Users/rayan/Projets UE/Team6_Unreal/Content/FirstPerson/Blueprints/Interface/BPI_VerifyPaintCollision.uasset" 1210
"C:/Users/rayan/Projets UE/Team6_Unreal/Content/FirstPerson/Blueprints/Interface/BPI_VerifyPaintCollision.uexp" 1211
"../../../Engine/Content/BasicShapes/BasicShapeMaterial.uasset" 1212
"../../../Engine/Content/BasicShapes/BasicShapeMaterial.uexp" 1213
"C:/Users/rayan/Projets UE/Team6_Unreal/Content/FirstPerson/Blueprints/BP_PaintVerifyManager.uasset" 1214
"C:/Users/rayan/Projets UE/Team6_Unreal/Content/FirstPerson/Blueprints/BP_PaintVerifyManager.uexp" 1215
"C:/Users/rayan/Projets UE/Team6_Unreal/Content/FirstPerson/Blueprints/BP_PaintVerify.uasset" 1216
"C:/Users/rayan/Projets UE/Team6_Unreal/Content/FirstPerson/Blueprints/BP_PaintVerify.uexp" 1217
"../../../Engine/Content/Functions/Engine_MaterialFunctions01/Density/ExponentialDensity.uasset" 1218
"../../../Engine/Content/Functions/Engine_MaterialFunctions01/Density/ExponentialDensity.uexp" 1219
"../../../Engine/Content/Functions/Engine_MaterialFunctions01/Gradient/RadialGradientExponential.uasset" 1220
"../../../Engine/Content/Functions/Engine_MaterialFunctions01/Gradient/RadialGradientExponential.uexp" 1221
"C:/Users/rayan/Projets UE/Team6_Unreal/Content/Material/Paint/M_Brush.uasset" 1222
"C:/Users/rayan/Projets UE/Team6_Unreal/Content/Material/Paint/M_Brush.uexp" 1223
"C:/Users/rayan/Projets UE/Team6_Unreal/Content/StarterContent/Textures/T_Ground_Grass_N.ubulk" 1224
"C:/Users/rayan/Projets UE/Team6_Unreal/Content/StarterContent/Textures/T_Ground_Grass_N.uasset" 1225
"C:/Users/rayan/Projets UE/Team6_Unreal/Content/StarterContent/Textures/T_Ground_Grass_N.uexp" 1226
"C:/Users/rayan/Projets UE/Team6_Unreal/Content/StarterContent/Materials/M_Ground_Grass.uasset" 1227
"C:/Users/rayan/Projets UE/Team6_Unreal/Content/StarterContent/Materials/M_Ground_Grass.uexp" 1228
"C:/Users/rayan/Projets UE/Team6_Unreal/Content/FirstPerson/Blueprints/BP_Canvas.uasset" 1229
"C:/Users/rayan/Projets UE/Team6_Unreal/Content/FirstPerson/Blueprints/BP_Canvas.uexp" 1230
"C:/Users/rayan/Projets UE/Team6_Unreal/Content/FirstPerson/Asset/Props/Porte_Machine.ubulk" 1231
"C:/Users/rayan/Projets UE/Team6_Unreal/Content/FirstPerson/Asset/Props/Porte_Machine.uasset" 1232
"C:/Users/rayan/Projets UE/Team6_Unreal/Content/FirstPerson/Asset/Props/Porte_Machine.uexp" 1233
"C:/Users/rayan/Projets UE/Team6_Unreal/Content/FirstPerson/Asset/Props/Machine.ubulk" 1234
"C:/Users/rayan/Projets UE/Team6_Unreal/Content/FirstPerson/Asset/Props/Machine.uasset" 1235
"C:/Users/rayan/Projets UE/Team6_Unreal/Content/FirstPerson/Asset/Props/Machine.uexp" 1236
"C:/Users/rayan/Projets UE/Team6_Unreal/Content/FirstPerson/Blueprints/BP_Machine.uasset" 1237
"C:/Users/rayan/Projets UE/Team6_Unreal/Content/FirstPerson/Blueprints/BP_Machine.uexp" 1238
"C:/Users/rayan/Projets UE/Team6_Unreal/Content/FirstPerson/Blueprints/BP_PlaceObject.uasset" 1239
"C:/Users/rayan/Projets UE/Team6_Unreal/Content/FirstPerson/Blueprints/BP_PlaceObject.uexp" 1240
"C:/Users/rayan/Projets UE/Team6_Unreal/Content/FirstPerson/Input/Actions/IA_Shoot.uasset" 1241
"C:/Users/rayan/Projets UE/Team6_Unreal/Content/FirstPerson/Input/Actions/IA_Shoot.uexp" 1242
"C:/Users/rayan/Projets UE/Team6_Unreal/Content/FirstPerson/Input/IMC_Weapons.uasset" 1243
"C:/Users/rayan/Projets UE/Team6_Unreal/Content/FirstPerson/Input/IMC_Weapons.uexp" 1244
"C:/Users/rayan/Projets UE/Team6_Unreal/Content/FPWeapon/Mesh/SK_FPGun_Skeleton.uasset" 1245
"C:/Users/rayan/Projets UE/Team6_Unreal/Content/FPWeapon/Mesh/SK_FPGun_Skeleton.uexp" 1246
"C:/Users/rayan/Projets UE/Team6_Unreal/Content/FPWeapon/Materials/MaterialLayers/T_ML_Rubber_Blue_01_D.ubulk" 1247
"C:/Users/rayan/Projets UE/Team6_Unreal/Content/FPWeapon/Materials/MaterialLayers/T_ML_Rubber_Blue_01_D.uasset" 1248
"C:/Users/rayan/Projets UE/Team6_Unreal/Content/FPWeapon/Materials/MaterialLayers/T_ML_Rubber_Blue_01_D.uexp" 1249
"C:/Users/rayan/Projets UE/Team6_Unreal/Content/FPWeapon/Textures/T_FPGun_N.ubulk" 1250
"C:/Users/rayan/Projets UE/Team6_Unreal/Content/FPWeapon/Textures/T_FPGun_N.uasset" 1251
"C:/Users/rayan/Projets UE/Team6_Unreal/Content/FPWeapon/Textures/T_FPGun_N.uexp" 1252
"../../../Engine/Content/Functions/MaterialLayerFunctions/MatLayerBlend_NormalBlend.uasset" 1253
"../../../Engine/Content/Functions/MaterialLayerFunctions/MatLayerBlend_NormalBlend.uexp" 1254
"C:/Users/rayan/Projets UE/Team6_Unreal/Content/FPWeapon/Materials/MaterialLayers/T_ML_Rubber_Blue_01_N.ubulk" 1255
"C:/Users/rayan/Projets UE/Team6_Unreal/Content/FPWeapon/Materials/MaterialLayers/T_ML_Rubber_Blue_01_N.uasset" 1256
"C:/Users/rayan/Projets UE/Team6_Unreal/Content/FPWeapon/Materials/MaterialLayers/T_ML_Rubber_Blue_01_N.uexp" 1257
"C:/Users/rayan/Projets UE/Team6_Unreal/Content/FPWeapon/Materials/MaterialLayers/ML_Screen.uasset" 1258
"C:/Users/rayan/Projets UE/Team6_Unreal/Content/FPWeapon/Materials/MaterialLayers/ML_Screen.uexp" 1259
"C:/Users/rayan/Projets UE/Team6_Unreal/Content/FPWeapon/Materials/MaterialLayers/T_ML_Aluminum01_N.ubulk" 1260
"C:/Users/rayan/Projets UE/Team6_Unreal/Content/FPWeapon/Materials/MaterialLayers/T_ML_Aluminum01_N.uasset" 1261
"C:/Users/rayan/Projets UE/Team6_Unreal/Content/FPWeapon/Materials/MaterialLayers/T_ML_Aluminum01_N.uexp" 1262
"C:/Users/rayan/Projets UE/Team6_Unreal/Content/FPWeapon/Materials/MaterialLayers/T_ML_Aluminum01.ubulk" 1263
"C:/Users/rayan/Projets UE/Team6_Unreal/Content/FPWeapon/Materials/MaterialLayers/T_ML_Aluminum01.uasset" 1264
"C:/Users/rayan/Projets UE/Team6_Unreal/Content/FPWeapon/Materials/MaterialLayers/T_ML_Aluminum01.uexp" 1265
"C:/Users/rayan/Projets UE/Team6_Unreal/Content/FPWeapon/Materials/MaterialLayers/ML_SoftMetal_UE4.uasset" 1266
"C:/Users/rayan/Projets UE/Team6_Unreal/Content/FPWeapon/Materials/MaterialLayers/ML_SoftMetal_UE4.uexp" 1267
"../../../Engine/Content/Functions/MaterialLayerFunctions/MatLayerBlend_Simple.uasset" 1268
"../../../Engine/Content/Functions/MaterialLayerFunctions/MatLayerBlend_Simple.uexp" 1269
"C:/Users/rayan/Projets UE/Team6_Unreal/Content/FPWeapon/Textures/T_FPGun_M.ubulk" 1270
"C:/Users/rayan/Projets UE/Team6_Unreal/Content/FPWeapon/Textures/T_FPGun_M.uasset" 1271
"C:/Users/rayan/Projets UE/Team6_Unreal/Content/FPWeapon/Textures/T_FPGun_M.uexp" 1272
"C:/Users/rayan/Projets UE/Team6_Unreal/Content/FPWeapon/Materials/MaterialLayers/ML_Plastic_Shiny_Beige.uasset" 1273
"C:/Users/rayan/Projets UE/Team6_Unreal/Content/FPWeapon/Materials/MaterialLayers/ML_Plastic_Shiny_Beige.uexp" 1274
"C:/Users/rayan/Projets UE/Team6_Unreal/Content/FPWeapon/Materials/MaterialLayers/ML_GlossyBlack_Latex_UE4.uasset" 1275
"C:/Users/rayan/Projets UE/Team6_Unreal/Content/FPWeapon/Materials/MaterialLayers/ML_GlossyBlack_Latex_UE4.uexp" 1276
"C:/Users/rayan/Projets UE/Team6_Unreal/Content/FPWeapon/Materials/M_FPGun.uasset" 1277
"C:/Users/rayan/Projets UE/Team6_Unreal/Content/FPWeapon/Materials/M_FPGun.uexp" 1278
"C:/Users/rayan/Projets UE/Team6_Unreal/Content/FPWeapon/Mesh/SK_FPGun_Physics.uasset" 1279
"C:/Users/rayan/Projets UE/Team6_Unreal/Content/FPWeapon/Mesh/SK_FPGun_Physics.uexp" 1280
"C:/Users/rayan/Projets UE/Team6_Unreal/Content/FPWeapon/Mesh/SK_FPGun.uasset" 1281
"C:/Users/rayan/Projets UE/Team6_Unreal/Content/FPWeapon/Mesh/SK_FPGun.uexp" 1282
"C:/Users/rayan/Projets UE/Team6_Unreal/Content/FPWeapon/Audio/FirstPersonTemplateWeaponFire02.ubulk" 1283
"C:/Users/rayan/Projets UE/Team6_Unreal/Content/FPWeapon/Audio/FirstPersonTemplateWeaponFire02.uasset" 1284
"C:/Users/rayan/Projets UE/Team6_Unreal/Content/FPWeapon/Audio/FirstPersonTemplateWeaponFire02.uexp" 1285
"C:/Users/rayan/Projets UE/Team6_Unreal/Content/FPWeapon/Materials/BaseMaterial.uasset" 1286
"C:/Users/rayan/Projets UE/Team6_Unreal/Content/FPWeapon/Materials/BaseMaterial.uexp" 1287
"C:/Users/rayan/Projets UE/Team6_Unreal/Content/FPWeapon/Materials/FirstPersonProjectileMaterial.uasset" 1288
"C:/Users/rayan/Projets UE/Team6_Unreal/Content/FPWeapon/Materials/FirstPersonProjectileMaterial.uexp" 1289
"C:/Users/rayan/Projets UE/Team6_Unreal/Content/FPWeapon/Mesh/FirstPersonProjectileMesh.ubulk" 1290
"C:/Users/rayan/Projets UE/Team6_Unreal/Content/FPWeapon/Mesh/FirstPersonProjectileMesh.uasset" 1291
"C:/Users/rayan/Projets UE/Team6_Unreal/Content/FPWeapon/Mesh/FirstPersonProjectileMesh.uexp" 1292
"C:/Users/rayan/Projets UE/Team6_Unreal/Content/FirstPerson/Blueprints/BP_FirstPersonProjectile.uasset" 1293
"C:/Users/rayan/Projets UE/Team6_Unreal/Content/FirstPerson/Blueprints/BP_FirstPersonProjectile.uexp" 1294
"C:/Users/rayan/Projets UE/Team6_Unreal/Content/FirstPersonArms/Animations/FP_Rifle_Fire.uasset" 1295
"C:/Users/rayan/Projets UE/Team6_Unreal/Content/FirstPersonArms/Animations/FP_Rifle_Fire.uexp" 1296
"C:/Users/rayan/Projets UE/Team6_Unreal/Content/FirstPersonArms/Animations/FP_Rifle_Shoot_Montage.uasset" 1297
"C:/Users/rayan/Projets UE/Team6_Unreal/Content/FirstPersonArms/Animations/FP_Rifle_Shoot_Montage.uexp" 1298
"C:/Users/rayan/Projets UE/Team6_Unreal/Content/FirstPerson/Blueprints/BP_Weapon_Component.uasset" 1299
"C:/Users/rayan/Projets UE/Team6_Unreal/Content/FirstPerson/Blueprints/BP_Weapon_Component.uexp" 1300
"C:/Users/rayan/Projets UE/Team6_Unreal/Content/FirstPerson/Blueprints/BP_Pickup_Rifle.uasset" 1301
"C:/Users/rayan/Projets UE/Team6_Unreal/Content/FirstPerson/Blueprints/BP_Pickup_Rifle.uexp" 1302
"../../../Engine/Plugins/NNE/NNEDenoiser/Content/NNE_oidn2-3-0_rt_hdr_calb_cnrm_large__dyn__fp16_opset11_ForwardAlpha.uasset" 1303
"../../../Engine/Plugins/NNE/NNEDenoiser/Content/NNE_oidn2-3-0_rt_hdr_calb_cnrm_large__dyn__fp16_opset11_ForwardAlpha.uexp" 1304
"../../../Engine/Plugins/NNE/NNEDenoiser/Content/NNE_oidn2-3-0_rt_hdr_calb_cnrm_large__dyn__fp16_opset11_DenoiseAlpha.uasset" 1305
"../../../Engine/Plugins/NNE/NNEDenoiser/Content/NNE_oidn2-3-0_rt_hdr_calb_cnrm_large__dyn__fp16_opset11_DenoiseAlpha.uexp" 1306
"../../../Engine/Plugins/NNE/NNEDenoiser/Content/NNE_oidn2-3-0_rt_hdr_alb_nrm__dyn__fp16_opset11_ForwardAlpha.uasset" 1307
"../../../Engine/Plugins/NNE/NNEDenoiser/Content/NNE_oidn2-3-0_rt_hdr_alb_nrm__dyn__fp16_opset11_ForwardAlpha.uexp" 1308
"../../../Engine/Plugins/NNE/NNEDenoiser/Content/NNE_oidn2-3-0_rt_hdr_alb_nrm__dyn__fp16_opset11_DenoiseAlpha.uasset" 1309
"../../../Engine/Plugins/NNE/NNEDenoiser/Content/NNE_oidn2-3-0_rt_hdr_alb_nrm__dyn__fp16_opset11_DenoiseAlpha.uexp" 1310
"../../../Engine/Plugins/NNE/NNEDenoiser/Content/NNE_oidn2-3-0_rt_hdr_alb_nrm_small__dyn__fp16_opset11_ForwardAlpha.uasset" 1311
"../../../Engine/Plugins/NNE/NNEDenoiser/Content/NNE_oidn2-3-0_rt_hdr_alb_nrm_small__dyn__fp16_opset11_ForwardAlpha.uexp" 1312
"../../../Engine/Plugins/NNE/NNEDenoiser/Content/NNE_oidn2-3-0_rt_hdr_alb_nrm_small__dyn__fp16_opset11_DenoiseAlpha.uasset" 1313
"../../../Engine/Plugins/NNE/NNEDenoiser/Content/NNE_oidn2-3-0_rt_hdr_alb_nrm_small__dyn__fp16_opset11_DenoiseAlpha.uexp" 1314
"../../../Engine/Plugins/NNE/NNEDenoiser/Content/NNED_Oidn2-3_HighQuality_Alpha.uasset" 1315
"../../../Engine/Plugins/NNE/NNEDenoiser/Content/NNED_Oidn2-3_HighQuality_Alpha.uexp" 1316
"../../../Engine/Plugins/NNE/NNEDenoiser/Content/NNED_Oidn2-3_HighQuality.uasset" 1317
"../../../Engine/Plugins/NNE/NNEDenoiser/Content/NNED_Oidn2-3_HighQuality.uexp" 1318
"../../../Engine/Plugins/NNE/NNEDenoiser/Content/NNED_Oidn2-3_Fast_Alpha.uasset" 1319
"../../../Engine/Plugins/NNE/NNEDenoiser/Content/NNED_Oidn2-3_Fast_Alpha.uexp" 1320
"../../../Engine/Plugins/NNE/NNEDenoiser/Content/NNED_Oidn2-3_Fast.uasset" 1321
"../../../Engine/Plugins/NNE/NNEDenoiser/Content/NNED_Oidn2-3_Fast.uexp" 1322
"../../../Engine/Plugins/NNE/NNEDenoiser/Content/NNED_Oidn2-3_Balanced_Alpha.uasset" 1323
"../../../Engine/Plugins/NNE/NNEDenoiser/Content/NNED_Oidn2-3_Balanced_Alpha.uexp" 1324
"../../../Engine/Plugins/NNE/NNEDenoiser/Content/NNED_Oidn2-3_Balanced.uasset" 1325
"../../../Engine/Plugins/NNE/NNEDenoiser/Content/NNED_Oidn2-3_Balanced.uexp" 1326
"../../../Engine/Plugins/NNE/NNEDenoiser/Content/NNEDT_Oidn2-3_Balanced_Alpha.uasset" 1327
"../../../Engine/Plugins/NNE/NNEDenoiser/Content/NNEDT_Oidn2-3_Balanced_Alpha.uexp" 1328
"../../../Engine/Plugins/NNE/NNEDenoiser/Content/NNEDT_Oidn2-3_Balanced.uasset" 1329
"../../../Engine/Plugins/NNE/NNEDenoiser/Content/NNEDT_Oidn2-3_Balanced.uexp" 1330
"../../../Engine/Plugins/Animation/DeformerGraph/Content/Deformers/DG_LinearBlendSkin_Morph_Cloth_RecomputeNormals.uasset" 1331
"../../../Engine/Plugins/Animation/DeformerGraph/Content/Deformers/DG_LinearBlendSkin_Morph_Cloth_RecomputeNormals.uexp" 1332
"../../../Engine/Plugins/Animation/DeformerGraph/Content/Deformers/DG_LinearBlendSkin_Morph_Cloth.uasset" 1333
"../../../Engine/Plugins/Animation/DeformerGraph/Content/Deformers/DG_LinearBlendSkin_Morph_Cloth.uexp" 1334
"../../../Engine/Plugins/Animation/DeformerGraph/Content/DeformerFunctions/DG_Function_LinearBlendSkin_Morph_Cloth_PositionOnly.uasset" 1335
"../../../Engine/Plugins/Animation/DeformerGraph/Content/DeformerFunctions/DG_Function_LinearBlendSkin_Morph_Cloth_PositionOnly.uexp" 1336
"../../../Engine/Plugins/Animation/DeformerGraph/Content/DeformerFunctions/DG_Function_LinearBlendSkin_Morph_Cloth.uasset" 1337
"../../../Engine/Plugins/Animation/DeformerGraph/Content/DeformerFunctions/DG_Function_LinearBlendSkin_Morph_Cloth.uexp" 1338
"../../../Engine/Plugins/Animation/DeformerGraph/Content/DeformerFunctions/DG_Function_ComputeNormalsTangents.uasset" 1339
"../../../Engine/Plugins/Animation/DeformerGraph/Content/DeformerFunctions/DG_Function_ComputeNormalsTangents.uexp" 1340
"../../../Engine/Content/VREditor/TransformGizmo/StartRotationHandleIndicator.ubulk" 1341
"../../../Engine/Content/VREditor/TransformGizmo/StartRotationHandleIndicator.uasset" 1342
"../../../Engine/Content/VREditor/TransformGizmo/StartRotationHandleIndicator.uexp" 1343
"../../../Engine/Content/VREditor/Sounds/UI/Drop_Item_From_ContentBrowser.ubulk" 1344
"../../../Engine/Content/VREditor/Sounds/UI/Drop_Item_From_ContentBrowser.uasset" 1345
"../../../Engine/Content/VREditor/Sounds/UI/Drop_Item_From_ContentBrowser.uexp" 1346
"../../../Engine/Content/VREditor/TransformGizmo/PlaneTranslationHandle.ubulk" 1347
"../../../Engine/Content/VREditor/TransformGizmo/PlaneTranslationHandle.uasset" 1348
"../../../Engine/Content/VREditor/TransformGizmo/PlaneTranslationHandle.uexp" 1349
"../../../Engine/Content/VREditor/Sounds/UI/Object_Snaps_To_Grid.ubulk" 1350
"../../../Engine/Content/VREditor/Sounds/UI/Object_Snaps_To_Grid.uasset" 1351
"../../../Engine/Content/VREditor/Sounds/UI/Object_Snaps_To_Grid.uexp" 1352
"../../../Engine/Content/VREditor/Sounds/UI/Selection_Changes.ubulk" 1353
"../../../Engine/Content/VREditor/Sounds/UI/Selection_Changes.uasset" 1354
"../../../Engine/Content/VREditor/Sounds/UI/Selection_Changes.uexp" 1355
"../../../Engine/Content/VREditor/Sounds/UI/Object_Snaps_To_Another_Actor.ubulk" 1356
"../../../Engine/Content/VREditor/Sounds/UI/Object_Snaps_To_Another_Actor.uasset" 1357
"../../../Engine/Content/VREditor/Sounds/UI/Object_Snaps_To_Another_Actor.uexp" 1358
"../../../Engine/Content/VREditor/TransformGizmo/TranslucentTransformGizmoMaterial_Inst.uasset" 1359
"../../../Engine/Content/VREditor/TransformGizmo/TranslucentTransformGizmoMaterial_Inst.uexp" 1360
"../../../Engine/Content/VREditor/TransformGizmo/TransformGizmoFreeRotation.ubulk" 1361
"../../../Engine/Content/VREditor/TransformGizmo/TransformGizmoFreeRotation.uasset" 1362
"../../../Engine/Content/VREditor/TransformGizmo/TransformGizmoFreeRotation.uexp" 1363
"../../../Engine/Content/VREditor/Sounds/UI/Scaling_Down.ubulk" 1364
"../../../Engine/Content/VREditor/Sounds/UI/Scaling_Down.uasset" 1365
"../../../Engine/Content/VREditor/Sounds/UI/Scaling_Down.uexp" 1366
"../../../Engine/Content/Functions/Engine_MaterialFunctions02/SplitComponents.uasset" 1367
"../../../Engine/Content/Functions/Engine_MaterialFunctions02/SplitComponents.uexp" 1368
"../../../Engine/Content/VREditor/SnapGrid/SnapGridMaterial.uasset" 1369
"../../../Engine/Content/VREditor/SnapGrid/SnapGridMaterial.uexp" 1370
"../../../Engine/Content/VREditor/SnapGrid/SnapGridPlaneMesh.ubulk" 1371
"../../../Engine/Content/VREditor/SnapGrid/SnapGridPlaneMesh.uasset" 1372
"../../../Engine/Content/VREditor/SnapGrid/SnapGridPlaneMesh.uexp" 1373
"../../../Engine/Content/VREditor/Sounds/UI/Scaling_Up.ubulk" 1374
"../../../Engine/Content/VREditor/Sounds/UI/Scaling_Up.uasset" 1375
"../../../Engine/Content/VREditor/Sounds/UI/Scaling_Up.uexp" 1376
"../../../Engine/Content/VREditor/TransformGizmo/TransformGizmoMaterial_Inst.uasset" 1377
"../../../Engine/Content/VREditor/TransformGizmo/TransformGizmoMaterial_Inst.uexp" 1378
"../../../Engine/Content/VREditor/Sounds/UI/Gizmo_Handle_Clicked.ubulk" 1379
"../../../Engine/Content/VREditor/Sounds/UI/Gizmo_Handle_Clicked.uasset" 1380
"../../../Engine/Content/VREditor/Sounds/UI/Gizmo_Handle_Clicked.uexp" 1381
"../../../Engine/Content/VREditor/TransformGizmo/RotationHandleQuarter.ubulk" 1382
"../../../Engine/Content/VREditor/TransformGizmo/RotationHandleQuarter.uasset" 1383
"../../../Engine/Content/VREditor/TransformGizmo/RotationHandleQuarter.uexp" 1384
"../../../Engine/Content/VREditor/TransformGizmo/TranslateArrowHandle.ubulk" 1385
"../../../Engine/Content/VREditor/TransformGizmo/TranslateArrowHandle.uasset" 1386
"../../../Engine/Content/VREditor/TransformGizmo/TranslateArrowHandle.uexp" 1387
"../../../Engine/Content/VREditor/TransformGizmo/RotationHandleIndicator.ubulk" 1388
"../../../Engine/Content/VREditor/TransformGizmo/RotationHandleIndicator.uasset" 1389
"../../../Engine/Content/VREditor/TransformGizmo/RotationHandleIndicator.uexp" 1390
"../../../Engine/Content/VREditor/TransformGizmo/UniformScaleHandle.ubulk" 1391
"../../../Engine/Content/VREditor/TransformGizmo/UniformScaleHandle.uasset" 1392
"../../../Engine/Content/VREditor/TransformGizmo/UniformScaleHandle.uexp" 1393
"../../../Engine/Content/VREditor/TransformGizmo/RotationHandleFull.ubulk" 1394
"../../../Engine/Content/VREditor/TransformGizmo/RotationHandleFull.uasset" 1395
"../../../Engine/Content/VREditor/TransformGizmo/RotationHandleFull.uexp" 1396
"../../../Engine/Content/VREditor/Sounds/UI/Object_PickUp.ubulk" 1397
"../../../Engine/Content/VREditor/Sounds/UI/Object_PickUp.uasset" 1398
"../../../Engine/Content/VREditor/Sounds/UI/Object_PickUp.uexp" 1399
"../../../Engine/Content/EngineResources/LandscapeVisibilityLayerInfo.uasset" 1400
"../../../Engine/Content/EngineResources/LandscapeVisibilityLayerInfo.uexp" 1401
"C:/Users/rayan/Projets UE/Team6_Unreal/Content/FirstPerson/Asset/Props/Bidon.ubulk" 1402
"C:/Users/rayan/Projets UE/Team6_Unreal/Content/FirstPerson/Asset/Props/Bidon.uasset" 1403
"C:/Users/rayan/Projets UE/Team6_Unreal/Content/FirstPerson/Asset/Props/Bidon.uexp" 1404
"../../../Engine/Content/EngineSky/T_Sky_Stars.ubulk" 1405
"../../../Engine/Content/EngineSky/T_Sky_Stars.uasset" 1406
"../../../Engine/Content/EngineSky/T_Sky_Stars.uexp" 1407
"../../../Engine/Content/EngineSky/T_Sky_Clouds_M.ubulk" 1408
"../../../Engine/Content/EngineSky/T_Sky_Clouds_M.uasset" 1409
"../../../Engine/Content/EngineSky/T_Sky_Clouds_M.uexp" 1410
"../../../Engine/Content/EngineSky/T_Sky_Blue.ubulk" 1411
"../../../Engine/Content/EngineSky/T_Sky_Blue.uasset" 1412
"../../../Engine/Content/EngineSky/T_Sky_Blue.uexp" 1413
"../../../Engine/Content/EngineSky/M_Sky_Panning_Clouds2.uasset" 1414
"../../../Engine/Content/EngineSky/M_Sky_Panning_Clouds2.uexp" 1415
"../../../Engine/Content/EngineSky/SM_SkySphere.ubulk" 1416
"../../../Engine/Content/EngineSky/SM_SkySphere.uasset" 1417
"../../../Engine/Content/EngineSky/SM_SkySphere.uexp" 1418
"../../../Engine/Content/EngineSky/M_SimpleSkyDome.uasset" 1419
"../../../Engine/Content/EngineSky/M_SimpleSkyDome.uexp" 1420
"C:/Users/rayan/Projets UE/Team6_Unreal/Content/FirstPerson/Asset/Props/Press_Haute.ubulk" 1421
"C:/Users/rayan/Projets UE/Team6_Unreal/Content/FirstPerson/Asset/Props/Press_Haute.uasset" 1422
"C:/Users/rayan/Projets UE/Team6_Unreal/Content/FirstPerson/Asset/Props/Press_Haute.uexp" 1423
"C:/Users/rayan/Projets UE/Team6_Unreal/Content/FirstPerson/Asset/Props/Tuyau_Angle.ubulk" 1424
"C:/Users/rayan/Projets UE/Team6_Unreal/Content/FirstPerson/Asset/Props/Tuyau_Angle.uasset" 1425
"C:/Users/rayan/Projets UE/Team6_Unreal/Content/FirstPerson/Asset/Props/Tuyau_Angle.uexp" 1426
"C:/Users/rayan/Projets UE/Team6_Unreal/Content/FirstPerson/Asset/Props/Press_Basse.ubulk" 1427
"C:/Users/rayan/Projets UE/Team6_Unreal/Content/FirstPerson/Asset/Props/Press_Basse.uasset" 1428
"C:/Users/rayan/Projets UE/Team6_Unreal/Content/FirstPerson/Asset/Props/Press_Basse.uexp" 1429
"C:/Users/rayan/Projets UE/Team6_Unreal/Content/LevelPrototyping/Meshes/SM_QuarterCylinder.ubulk" 1430
"C:/Users/rayan/Projets UE/Team6_Unreal/Content/LevelPrototyping/Meshes/SM_QuarterCylinder.uasset" 1431
"C:/Users/rayan/Projets UE/Team6_Unreal/Content/LevelPrototyping/Meshes/SM_QuarterCylinder.uexp" 1432
"C:/Users/rayan/Projets UE/Team6_Unreal/Content/LevelPrototyping/Materials/MI_PrototypeGrid_TopDark.uasset" 1433
"C:/Users/rayan/Projets UE/Team6_Unreal/Content/LevelPrototyping/Materials/MI_PrototypeGrid_TopDark.uexp" 1434
"C:/Users/rayan/Projets UE/Team6_Unreal/Content/FirstPerson/Asset/Props/Caisse_02.ubulk" 1435
"C:/Users/rayan/Projets UE/Team6_Unreal/Content/FirstPerson/Asset/Props/Caisse_02.uasset" 1436
"C:/Users/rayan/Projets UE/Team6_Unreal/Content/FirstPerson/Asset/Props/Caisse_02.uexp" 1437
"C:/Users/rayan/Projets UE/Team6_Unreal/Content/LevelPrototyping/Materials/M_Solid.uasset" 1438
"C:/Users/rayan/Projets UE/Team6_Unreal/Content/LevelPrototyping/Materials/M_Solid.uexp" 1439
"C:/Users/rayan/Projets UE/Team6_Unreal/Content/LevelPrototyping/Materials/MI_Solid_Blue.uasset" 1440
"C:/Users/rayan/Projets UE/Team6_Unreal/Content/LevelPrototyping/Materials/MI_Solid_Blue.uexp" 1441
"C:/Users/rayan/Projets UE/Team6_Unreal/Content/LevelPrototyping/Meshes/SM_ChamferCube.ubulk" 1442
"C:/Users/rayan/Projets UE/Team6_Unreal/Content/LevelPrototyping/Meshes/SM_ChamferCube.uasset" 1443
"C:/Users/rayan/Projets UE/Team6_Unreal/Content/LevelPrototyping/Meshes/SM_ChamferCube.uexp" 1444
"C:/Users/rayan/Projets UE/Team6_Unreal/Content/FirstPerson/Asset/Props/Kioske.ubulk" 1445
"C:/Users/rayan/Projets UE/Team6_Unreal/Content/FirstPerson/Asset/Props/Kioske.uasset" 1446
"C:/Users/rayan/Projets UE/Team6_Unreal/Content/FirstPerson/Asset/Props/Kioske.uexp" 1447
"C:/Users/rayan/Projets UE/Team6_Unreal/Content/LevelPrototyping/Meshes/SM_Ramp.ubulk" 1448
"C:/Users/rayan/Projets UE/Team6_Unreal/Content/LevelPrototyping/Meshes/SM_Ramp.uasset" 1449
"C:/Users/rayan/Projets UE/Team6_Unreal/Content/LevelPrototyping/Meshes/SM_Ramp.uexp" 1450
"C:/Users/rayan/Projets UE/Team6_Unreal/Content/FirstPerson/Asset/Props/Machine_Press.ubulk" 1451
"C:/Users/rayan/Projets UE/Team6_Unreal/Content/FirstPerson/Asset/Props/Machine_Press.uasset" 1452
"C:/Users/rayan/Projets UE/Team6_Unreal/Content/FirstPerson/Asset/Props/Machine_Press.uexp" 1453
"C:/Users/rayan/Projets UE/Team6_Unreal/Content/FirstPerson/Asset/Props/Caisse_01.ubulk" 1454
"C:/Users/rayan/Projets UE/Team6_Unreal/Content/FirstPerson/Asset/Props/Caisse_01.uasset" 1455
"C:/Users/rayan/Projets UE/Team6_Unreal/Content/FirstPerson/Asset/Props/Caisse_01.uexp" 1456
"C:/Users/rayan/Projets UE/Team6_Unreal/Content/FirstPerson/Asset/Props/Tache_Encre_01.ubulk" 1457
"C:/Users/rayan/Projets UE/Team6_Unreal/Content/FirstPerson/Asset/Props/Tache_Encre_01.uasset" 1458
"C:/Users/rayan/Projets UE/Team6_Unreal/Content/FirstPerson/Asset/Props/Tache_Encre_01.uexp" 1459
"C:/Users/rayan/Projets UE/Team6_Unreal/Content/FirstPerson/Asset/Props/Tuyau.ubulk" 1460
"C:/Users/rayan/Projets UE/Team6_Unreal/Content/FirstPerson/Asset/Props/Tuyau.uasset" 1461
"C:/Users/rayan/Projets UE/Team6_Unreal/Content/FirstPerson/Asset/Props/Tuyau.uexp" 1462
"C:/Users/rayan/Projets UE/Team6_Unreal/Content/FirstPerson/Asset/Props/Table.ubulk" 1463
"C:/Users/rayan/Projets UE/Team6_Unreal/Content/FirstPerson/Asset/Props/Table.uasset" 1464
"C:/Users/rayan/Projets UE/Team6_Unreal/Content/FirstPerson/Asset/Props/Table.uexp" 1465
"C:/Users/rayan/Projets UE/Team6_Unreal/Content/FirstPerson/Blueprints/BP_FirstPersonGameMode.uasset" 1466
"C:/Users/rayan/Projets UE/Team6_Unreal/Content/FirstPerson/Blueprints/BP_FirstPersonGameMode.uexp" 1467
"C:/Users/rayan/Projets UE/Team6_Unreal/Content/FirstPerson/Maps/FirstPersonMap.uexp" 1468
"C:/Users/rayan/Projets UE/Team6_Unreal/Content/FirstPerson/Maps/FirstPersonMap.umap" 1469
"../../../Engine/Content/Maps/Entry_BuiltData.uasset" 1470
"../../../Engine/Content/Maps/Entry_BuiltData.uexp" 1471
"../../../Engine/Content/Maps/Entry.uexp" 1472
"../../../Engine/Content/Maps/Entry.umap" 1473
