"C:/Users/tevaf/Desktop/Logiciels/Unreal Projects/Team6_Unreal/Team6_Unreal.uproject" 1
"../../../Engine/Plugins/AudioGameplayVolume/AudioGameplayVolume.uplugin" 2
"../../../Engine/Plugins/Bridge/Bridge.uplugin" 3
"../../../Engine/Plugins/AudioGameplay/AudioGameplay.uplugin" 4
"../../../Engine/Plugins/ChaosCloth/ChaosCloth.uplugin" 5
"../../../Engine/Plugins/BlueprintFileUtils/BlueprintFileUtils.uplugin" 6
"../../../Engine/Plugins/AudioInsights/AudioInsights.uplugin" 7
"../../../Engine/Plugins/ChaosClothAsset/ChaosClothAsset.uplugin" 8
"../../../Engine/Plugins/ChaosClothAssetEditor/ChaosClothAssetEditor.uplugin" 9
"../../../Engine/Plugins/ChaosVD/ChaosVD.uplugin" 10
"../../../Engine/Plugins/CmdLinkServer/CmdLinkServer.uplugin" 11
"../../../Engine/Plugins/Chooser/Chooser.uplugin" 12
"../../../Engine/Plugins/DiscoveryBeaconReceiver/DiscoveryBeaconReceiver.uplugin" 13
"../../../Engine/Plugins/EnhancedInput/EnhancedInput.uplugin" 14
"../../../Engine/Plugins/Fab/Fab.uplugin" 15
"../../../Engine/Plugins/FastBuildController/FastBuildController.uplugin" 16
"../../../Engine/Plugins/JsonBlueprintUtilities/JsonBlueprintUtilities.uplugin" 17
"../../../Engine/Plugins/LightWeightInstancesEditor/LightWeightInstancesEditor.uplugin" 18
"../../../Engine/Plugins/MemoryUsageQueries/MemoryUsageQueries.uplugin" 19
"../../../Engine/Plugins/Mutable/Mutable.uplugin" 20
"../../../Engine/Plugins/PCG/PCG.uplugin" 21
"../../../Engine/Plugins/MeshPainting/MeshPainting.uplugin" 22
"../../../Engine/Plugins/RenderGraphInsights/RenderGraphInsights.uplugin" 23
"../../../Engine/Plugins/ScriptPlugin/ScriptPlugin.uplugin" 24
"../../../Engine/Plugins/TraceUtilities/TraceUtilities.uplugin" 25
"../../../Engine/Plugins/UbaController/UbaController.uplugin" 26
"../../../Engine/Plugins/WorldMetrics/WorldMetrics.uplugin" 27
"../../../Engine/Plugins/XGEController/XGEController.uplugin" 28
"../../../Engine/Plugins/Cameras/GameplayCameras/GameplayCameras.uplugin" 29
"../../../Engine/Plugins/Cameras/CameraShakePreviewer/CameraShakePreviewer.uplugin" 30
"../../../Engine/Plugins/Cameras/EngineCameras/EngineCameras.uplugin" 31
"../../../Engine/Plugins/Compositing/Composure/Composure.uplugin" 32
"../../../Engine/Plugins/Compositing/OpenColorIO/OpenColorIO.uplugin" 33
"../../../Engine/Plugins/Compositing/LensDistortion/LensDistortion.uplugin" 34
"../../../Engine/Plugins/Developer/AnimationSharing/AnimationSharing.uplugin" 35
"../../../Engine/Plugins/Developer/BlankPlugin/BlankPlugin.uplugin" 36
"../../../Engine/Plugins/Developer/CLionSourceCodeAccess/CLionSourceCodeAccess.uplugin" 37
"../../../Engine/Plugins/Compositing/OpenCVLensDistortion/OpenCVLensDistortion.uplugin" 38
"../../../Engine/Plugins/Developer/CodeLiteSourceCodeAccess/CodeLiteSourceCodeAccess.uplugin" 39
"../../../Engine/Plugins/Developer/DumpGPUServices/DumpGPUServices.uplugin" 40
"../../../Engine/Plugins/Developer/FieldNotificationTrace/FieldNotificationTrace.uplugin" 41
"../../../Engine/Plugins/Developer/GitSourceControl/GitSourceControl.uplugin" 42
"../../../Engine/Plugins/Developer/N10XSourceCodeAccess/N10XSourceCodeAccess.uplugin" 43
"../../../Engine/Plugins/Developer/KDevelopSourceCodeAccess/KDevelopSourceCodeAccess.uplugin" 44
"../../../Engine/Plugins/Developer/NullSourceCodeAccess/NullSourceCodeAccess.uplugin" 45
"../../../Engine/Plugins/Developer/OneSkyLocalizationService/OneSkyLocalizationService.uplugin" 46
"../../../Engine/Plugins/Developer/PerforceSourceControl/PerforceSourceControl.uplugin" 47
"../../../Engine/Plugins/Developer/PixWinPlugin/PixWinPlugin.uplugin" 48
"../../../Engine/Plugins/Developer/PlasticSourceControl/PlasticSourceControl.uplugin" 49
"../../../Engine/Plugins/Developer/PropertyAccessNode/PropertyAccessNode.uplugin" 50
"../../../Engine/Plugins/Developer/RenderDocPlugin/RenderDocPlugin.uplugin" 51
"../../../Engine/Plugins/Developer/RiderSourceCodeAccess/RiderSourceCodeAccess.uplugin" 52
"../../../Engine/Plugins/Developer/PluginUtils/PluginUtils.uplugin" 53
"../../../Engine/Plugins/Developer/SubversionSourceControl/SubversionSourceControl.uplugin" 54
"../../../Engine/Plugins/Developer/TextureFormatOodle/TextureFormatOodle.uplugin" 55
"../../../Engine/Plugins/Developer/TraceDataFiltering/TraceDataFilters.uplugin" 56
"../../../Engine/Plugins/Developer/TraceSourceFiltering/TraceSourceFilters.uplugin" 57
"../../../Engine/Plugins/Developer/XcodeGPUDebuggerPlugin/XcodeGPUDebuggerPlugin.uplugin" 58
"../../../Engine/Plugins/Developer/VisualStudioSourceCodeAccess/VisualStudioSourceCodeAccess.uplugin" 59
"../../../Engine/Plugins/Developer/VisualStudioCodeSourceCodeAccess/VisualStudioCodeSourceCodeAccess.uplugin" 60
"../../../Engine/Plugins/Developer/UObjectPlugin/UObjectPlugin.uplugin" 61
"../../../Engine/Plugins/Developer/XCodeSourceCodeAccess/XCodeSourceCodeAccess.uplugin" 62
"../../../Engine/Plugins/Editor/AssetRegistryExport/AssetRegistryExport.uplugin" 63
"../../../Engine/Plugins/Editor/AssetManagerEditor/AssetManagerEditor.uplugin" 64
"../../../Engine/Plugins/Editor/AssetSearch/AssetSearch.uplugin" 65
"../../../Engine/Plugins/Editor/BlueprintHeaderView/BlueprintHeaderView.uplugin" 66
"../../../Engine/Plugins/Editor/BlueprintMaterialTextureNodes/BlueprintMaterialTextureNodes.uplugin" 67
"../../../Engine/Plugins/Editor/ChangelistReview/ChangelistReview.uplugin" 68
"../../../Engine/Plugins/Editor/ColorGrading/ColorGrading.uplugin" 69
"../../../Engine/Plugins/Editor/CryptoKeys/CryptoKeys.uplugin" 70
"../../../Engine/Plugins/Editor/ConsoleVariablesEditor/ConsoleVariables.uplugin" 71
"../../../Engine/Plugins/Editor/CurveEditorTools/CurveEditorTools.uplugin" 72
"../../../Engine/Plugins/Editor/DisplayClusterLaunch/DisplayClusterLaunch.uplugin" 73
"../../../Engine/Plugins/Editor/EditorScriptingUtilities/EditorScriptingUtilities.uplugin" 74
"../../../Engine/Plugins/Editor/DataValidation/DataValidation.uplugin" 75
"../../../Engine/Plugins/Editor/AssetReferenceRestrictions/AssetReferenceRestrictions.uplugin" 76
"../../../Engine/Plugins/Editor/EditorSysConfigAssistant/EditorSysConfigAssistant.uplugin" 77
"../../../Engine/Plugins/Editor/EditorDebugTools/EditorDebugTools.uplugin" 78
"../../../Engine/Plugins/Editor/FacialAnimation/FacialAnimation.uplugin" 79
"../../../Engine/Plugins/Editor/GameplayTagsEditor/GameplayTagsEditor.uplugin" 80
"../../../Engine/Plugins/Editor/EngineAssetDefinitions/EngineAssetDefinitions.uplugin" 81
"../../../Engine/Plugins/Editor/LiveUpdateForSlate/LiveUpdateForSlate.uplugin" 82
"../../../Engine/Plugins/Editor/GuidedTutorials/GuidedTutorials.uplugin" 83
"../../../Engine/Plugins/Editor/MakeCookedEditorAsDLC/MakeCookedEditorAsDLC.uplugin" 84
"../../../Engine/Plugins/Editor/MacGraphicsSwitching/MacGraphicsSwitching.uplugin" 85
"../../../Engine/Plugins/Editor/MaterialAnalyzer/MaterialAnalyzer.uplugin" 86
"../../../Engine/Plugins/Editor/ModelingToolsEditorMode/ModelingToolsEditorMode.uplugin" 87
"../../../Engine/Plugins/Editor/MeshLODToolset/MeshLODToolset.uplugin" 88
"../../../Engine/Plugins/Editor/MobileLauncherProfileWizard/MobileLauncherProfileWizard.uplugin" 89
"../../../Engine/Plugins/Editor/PluginBrowser/PluginBrowser.uplugin" 90
"../../../Engine/Plugins/Editor/ProxyLODPlugin/ProxyLODPlugin.uplugin" 91
"../../../Engine/Plugins/Editor/SampleToolsEditorMode/SampleToolsEditorMode.uplugin" 92
"../../../Engine/Plugins/Editor/SequencerAnimTools/SequencerAnimTools.uplugin" 93
"../../../Engine/Plugins/Editor/ScriptableToolsEditorMode/ScriptableToolsEditorMode.uplugin" 94
"../../../Engine/Plugins/Editor/SpeedTreeImporter/SpeedTreeImporter.uplugin" 95
"../../../Engine/Plugins/Editor/StylusInput/StylusInput.uplugin" 96
"../../../Engine/Plugins/Editor/UMGWidgetPreview/UMGWidgetPreview.uplugin" 97
"../../../Engine/Plugins/Editor/UVEditor/UVEditor.uplugin" 98
"../../../Engine/Plugins/Editor/StaticMeshEditorModeling/StaticMeshEditorModeling.uplugin" 99
"../../../Engine/Plugins/Editor/WaveformEditor/WaveformEditor.uplugin" 100
"../../../Engine/Plugins/Enterprise/AxFImporter/AxFImporter.uplugin" 101
"../../../Engine/Plugins/Editor/WorldPartitionHLODUtilities/WorldPartitionHLODUtilities.uplugin" 102
"../../../Engine/Plugins/Enterprise/DataprepEditor/DataprepEditor.uplugin" 103
"../../../Engine/Plugins/Enterprise/DatasmithC4DImporter/DatasmithC4DImporter.uplugin" 104
"../../../Engine/Plugins/Editor/ModelViewViewModelPreview/ModelViewViewModelPreview.uplugin" 105
"../../../Engine/Plugins/Enterprise/DatasmithCADImporter/DatasmithCADImporter.uplugin" 106
"../../../Engine/Plugins/Enterprise/DatasmithContent/DatasmithContent.uplugin" 107
"../../../Engine/Plugins/Enterprise/DatasmithFBXImporter/DatasmithFBXImporter.uplugin" 108
"../../../Engine/Plugins/Enterprise/GLTFExporter/GLTFExporter.uplugin" 109
"../../../Engine/Plugins/Enterprise/DatasmithImporter/DatasmithImporter.uplugin" 110
"../../../Engine/Plugins/Editor/GeometryMode/GeometryMode.uplugin" 111
"../../../Engine/Plugins/Enterprise/LidarPointCloud/LidarPointCloud.uplugin" 112
"../../../Engine/Plugins/Enterprise/MDLImporter/MDLImporter.uplugin" 113
"../../../Engine/Plugins/Enterprise/VariantManager/VariantManager.uplugin" 114
"../../../Engine/Plugins/FX/ExampleCustomDataInterface/ExampleCustomDataInterface.uplugin" 115
"../../../Engine/Plugins/FX/Niagara/Niagara.uplugin" 116
"../../../Engine/Plugins/FX/CascadeToNiagaraConverter/CascadeToNiagaraConverter.uplugin" 117
"../../../Engine/Plugins/FX/NiagaraFluids/NiagaraFluids.uplugin" 118
"../../../Engine/Plugins/FX/NiagaraMRQ/NiagaraMRQ.uplugin" 119
"../../../Engine/Plugins/Importers/AlembicHairImporter/AlembicHairImporter.uplugin" 120
"../../../Engine/Plugins/Enterprise/VariantManagerContent/VariantManagerContent.uplugin" 121
"../../../Engine/Plugins/Importers/AlembicImporter/AlembicImporter.uplugin" 122
"../../../Engine/Plugins/Importers/USDImporter/USDImporter.uplugin" 123
"../../../Engine/Plugins/Importers/USDMultiUser/USDMultiUser.uplugin" 124
"../../../Engine/Plugins/Messaging/TcpMessaging/TcpMessaging.uplugin" 125
"../../../Engine/Plugins/Messaging/UdpMessaging/UdpMessaging.uplugin" 126
"../../../Engine/Plugins/NetcodeUnitTest/NetcodeUnitTest/NetcodeUnitTest.uplugin" 127
"../../../Engine/Plugins/NetcodeUnitTest/NUTUnrealEngine/NUTUnrealEngine.uplugin" 128
"../../../Engine/Plugins/Performance/AutomatedPerfTesting/AutomatedPerfTesting.uplugin" 129
"../../../Engine/Plugins/Messaging/MessagingDebugger/MessagingDebugger.uplugin" 130
"../../../Engine/Plugins/Performance/PerformanceMonitor/PerformanceMonitor.uplugin" 131
"../../../Engine/Plugins/VirtualProduction/CameraCalibration/CameraCalibration.uplugin" 132
"../../../Engine/Plugins/Protocols/MQTT/MQTT.uplugin" 133
"../../../Engine/Plugins/VirtualProduction/CaptureData/CaptureData.uplugin" 134
"../../../Engine/Plugins/VirtualProduction/CameraCalibrationCore/CameraCalibrationCore.uplugin" 135
"../../../Engine/Plugins/VirtualProduction/DataCharts/DataCharts.uplugin" 136
"../../../Engine/Plugins/VirtualProduction/CompositePlane/CompositePlane.uplugin" 137
"../../../Engine/Plugins/FX/NiagaraSimCaching/NiagaraSimCaching.uplugin" 138
"../../../Engine/Plugins/VirtualProduction/CameraCalibrationML/CameraCalibrationML.uplugin" 139
"../../../Engine/Plugins/VirtualProduction/LiveLinkCamera/LiveLinkCamera.uplugin" 140
"../../../Engine/Plugins/VirtualProduction/LevelSnapshots/LevelSnapshots.uplugin" 141
"../../../Engine/Plugins/VirtualProduction/ICVFX/ICVFX.uplugin" 142
"../../../Engine/Plugins/VirtualProduction/EpicStageApp/EpicStageApp.uplugin" 143
"../../../Engine/Plugins/VirtualProduction/LensComponent/LensComponent.uplugin" 144
"../../../Engine/Plugins/VirtualProduction/LiveLinkFreeD/LiveLinkFreeD.uplugin" 145
"../../../Engine/Plugins/VirtualProduction/ICVFXTesting/ICVFXTesting.uplugin" 146
"../../../Engine/Plugins/VirtualProduction/LiveLinkVRPN/LiveLinkVRPN.uplugin" 147
"../../../Engine/Plugins/VirtualProduction/LiveLinkInputDevice/LiveLinkInputDevice.uplugin" 148
"../../../Engine/Plugins/VirtualProduction/LiveLinkLens/LiveLinkLens.uplugin" 149
"../../../Engine/Plugins/VirtualProduction/LiveLinkPrestonMDR/LiveLinkPrestonMDR.uplugin" 150
"../../../Engine/Plugins/VirtualProduction/LiveLinkXR/LiveLinkXR.uplugin" 151
"../../../Engine/Plugins/VirtualProduction/MultiUserTakes/MultiUserTakes.uplugin" 152
"../../../Engine/Plugins/VirtualProduction/LiveLinkMasterLockit/LiveLinkMasterLockit.uplugin" 153
"../../../Engine/Plugins/VirtualProduction/RemoteControl/RemoteControl.uplugin" 154
"../../../Engine/Plugins/VirtualProduction/RemoteControlInterception/RemoteControlInterception.uplugin" 155
"../../../Engine/Plugins/VirtualProduction/RemoteControlProtocolDMX/RemoteControlProtocolDMX.uplugin" 156
"../../../Engine/Plugins/VirtualProduction/RemoteControlProtocolMIDI/RemoteControlProtocolMIDI.uplugin" 157
"../../../Engine/Plugins/VirtualProduction/RemoteControlProtocolOSC/RemoteControlProtocolOSC.uplugin" 158
"../../../Engine/Plugins/VirtualProduction/SequencerPlaylists/SequencerPlaylists.uplugin" 159
"../../../Engine/Plugins/VirtualProduction/RemoteControlWebInterface/RemoteControlWebInterface.uplugin" 160
"../../../Engine/Plugins/VirtualProduction/Switchboard/Switchboard.uplugin" 161
"../../../Engine/Plugins/VirtualProduction/VirtualCamera/VirtualCamera.uplugin" 162
"../../../Engine/Plugins/VirtualProduction/Takes/Takes.uplugin" 163
"../../../Engine/Plugins/VirtualProduction/VirtualScouting/VirtualScouting.uplugin" 164
"../../../Engine/Plugins/VirtualProduction/StageMonitoring/StageMonitoring.uplugin" 165
"../../../Engine/Plugins/VirtualProduction/TextureShare/TextureShare.uplugin" 166
"../../../Engine/Plugins/Interchange/Editor/InterchangeEditor.uplugin" 167
"../../../Engine/Plugins/Interchange/Assets/InterchangeAssets.uplugin" 168
"../../../Engine/Plugins/VirtualProduction/TimedDataMonitor/TimedDataMonitor.uplugin" 169
"../../../Engine/Plugins/Media/AjaMedia/AjaMedia.uplugin" 170
"../../../Engine/Plugins/Media/AndroidMedia/AndroidMedia.uplugin" 171
"../../../Engine/Plugins/Media/AndroidCamera/AndroidCamera.uplugin" 172
"../../../Engine/Plugins/Media/AppleProResDecoderElectra/AppleProResDecoderElectra.uplugin" 173
"../../../Engine/Plugins/Media/AppleProResMedia/AppleProResMedia.uplugin" 174
"../../../Engine/Plugins/Media/AudioCaptureTimecodeProvider/AudioCaptureTimecodeProvider.uplugin" 175
"../../../Engine/Plugins/Media/AvfMedia/AvfMedia.uplugin" 176
"../../../Engine/Plugins/Media/AvidDNxMedia/AvidDNxMedia.uplugin" 177
"../../../Engine/Plugins/Media/BinkMedia/BinkMedia.uplugin" 178
"../../../Engine/Plugins/Media/AvidDNxHDDecoderElectra/AvidDNxHDDecoderElectra.uplugin" 179
"../../../Engine/Plugins/Media/BlackmagicMedia/BlackmagicMedia.uplugin" 180
"../../../Engine/Plugins/Media/D3D12VideoDecodersElectra/D3D12VideoDecodersElectra.uplugin" 181
"../../../Engine/Plugins/Media/ElectraCDM/ElectraCDM.uplugin" 182
"../../../Engine/Plugins/Media/ElectraCodecs/ElectraCodecs.uplugin" 183
"../../../Engine/Plugins/Media/ElectraPlayer/ElectraPlayer.uplugin" 184
"../../../Engine/Plugins/Media/ElectraSubtitles/ElectraSubtitles.uplugin" 185
"../../../Engine/Plugins/Media/HAPDecoderElectra/HAPDecoderElectra.uplugin" 186
"../../../Engine/Plugins/Media/FlacDecoderElectra/FlacDecoderElectra.uplugin" 187
"../../../Engine/Plugins/Interchange/Runtime/Interchange.uplugin" 188
"../../../Engine/Plugins/Media/HAPMedia/HAPMedia.uplugin" 189
"../../../Engine/Plugins/Media/HardwareEncoders/HardwareEncoders.uplugin" 190
"../../../Engine/Plugins/Media/ElectraUtil/ElectraUtil.uplugin" 191
"../../../Engine/Plugins/Media/ImgMedia/ImgMedia.uplugin" 192
"../../../Engine/Plugins/Media/LinearTimecode/LinearTimecode.uplugin" 193
"../../../Engine/Plugins/VirtualProduction/VirtualCameraCore/VirtualCameraCore.uplugin" 194
"../../../Engine/Plugins/Media/MediaCompositing/MediaCompositing.uplugin" 195
"../../../Engine/Plugins/Media/MediaIOFramework/MediaIOFramework.uplugin" 196
"../../../Engine/Plugins/Media/MediaFrameworkUtilities/MediaFrameworkUtilities.uplugin" 197
"../../../Engine/Plugins/Media/MediaMovieStreamer/MediaMovieStreamer.uplugin" 198
"../../../Engine/Plugins/Media/MediaPlayerEditor/MediaPlayerEditor.uplugin" 199
"../../../Engine/Plugins/Media/MfMedia/MfMedia.uplugin" 200
"../../../Engine/Plugins/Media/NDIMedia/NDIMedia.uplugin" 201
"../../../Engine/Plugins/Media/PixelCapture/PixelCapture.uplugin" 202
"../../../Engine/Plugins/Media/PixelStreaming/PixelStreaming.uplugin" 203
"../../../Engine/Plugins/Media/OpusDecoderElectra/OpusDecoderElectra.uplugin" 204
"../../../Engine/Plugins/Media/PixelStreaming2/PixelStreaming2.uplugin" 205
"../../../Engine/Plugins/Media/VPxDecoderElectra/VPxDecoderElectra.uplugin" 206
"../../../Engine/Plugins/Media/TimecodeSynchronizer/TimecodeSynchronizer.uplugin" 207
"../../../Engine/Plugins/Media/MediaPlate/MediaPlate.uplugin" 208
"../../../Engine/Plugins/Media/WmfMedia/WmfMedia.uplugin" 209
"../../../Engine/Plugins/Online/EOSOverlayInputProvider/EOSOverlayInputProvider.uplugin" 210
"../../../Engine/Plugins/Media/WebMMedia/WebMMedia.uplugin" 211
"../../../Engine/Plugins/Online/EOSShared/EOSShared.uplugin" 212
"../../../Engine/Plugins/Online/OnlineBase/OnlineBase.uplugin" 213
"../../../Engine/Plugins/Online/OnlineFramework/OnlineFramework.uplugin" 214
"../../../Engine/Plugins/Online/OnlineServices/OnlineServices.uplugin" 215
"../../../Engine/Plugins/Online/OnlineServicesEOSGS/OnlineServicesEOSGS.uplugin" 216
"../../../Engine/Plugins/Online/OnlineServicesNull/OnlineServicesNull.uplugin" 217
"../../../Engine/Plugins/Online/OnlineServicesOSSAdapter/OnlineServicesOSSAdapter.uplugin" 218
"../../../Engine/Plugins/Online/OnlineSubsystemAmazon/OnlineSubsystemAmazon.uplugin" 219
"../../../Engine/Plugins/Online/OnlineSubsystemApple/OnlineSubsystemApple.uplugin" 220
"../../../Engine/Plugins/Online/OnlineSubsystemFacebook/OnlineSubsystemFacebook.uplugin" 221
"../../../Engine/Plugins/Online/OnlineServicesEOS/OnlineServicesEOS.uplugin" 222
"../../../Engine/Plugins/Online/OnlineSubsystem/OnlineSubsystem.uplugin" 223
"../../../Engine/Plugins/Online/OnlineSubsystemGoogle/OnlineSubsystemGoogle.uplugin" 224
"../../../Engine/Plugins/Online/OnlineSubsystemSteam/OnlineSubsystemSteam.uplugin" 225
"../../../Engine/Plugins/Online/OnlineSubsystemEOS/OnlineSubsystemEOS.uplugin" 226
"../../../Engine/Plugins/Online/OnlineSubsystemNull/OnlineSubsystemNull.uplugin" 227
"../../../Engine/Plugins/Online/OnlineSubsystemTencent/OnlineSubsystemTencent.uplugin" 228
"../../../Engine/Plugins/Online/OnlineSubsystemUtils/OnlineSubsystemUtils.uplugin" 229
"../../../Engine/Plugins/Online/WebAuth/WebAuth.uplugin" 230
"../../../Engine/Plugins/Online/SocketSubsystemEOS/SocketSubsystemEOS.uplugin" 231
"../../../Engine/Plugins/Runtime/ActorLayerUtilities/ActorLayerUtilities.uplugin" 232
"../../../Engine/Plugins/Runtime/AndroidBackgroundService/AndroidBackgroundService.uplugin" 233
"../../../Engine/Plugins/Runtime/AndroidDeviceProfileSelector/AndroidDeviceProfileSelector.uplugin" 234
"../../../Engine/Plugins/Runtime/AndroidFileServer/AndroidFileServer.uplugin" 235
"../../../Engine/Plugins/Runtime/AndroidMoviePlayer/AndroidMoviePlayer.uplugin" 236
"../../../Engine/Plugins/Runtime/AndroidPermission/AndroidPermission.uplugin" 237
"../../../Engine/Plugins/Runtime/AnimationBudgetAllocator/AnimationBudgetAllocator.uplugin" 238
"../../../Engine/Plugins/Runtime/ApexDestruction/ApexDestruction.uplugin" 239
"../../../Engine/Plugins/Runtime/AppleImageUtils/AppleImageUtils.uplugin" 240
"../../../Engine/Plugins/Runtime/AppleMoviePlayer/AppleMoviePlayer.uplugin" 241
"../../../Engine/Plugins/Runtime/ArchVisCharacter/ArchVisCharacter.uplugin" 242
"../../../Engine/Plugins/Runtime/AudioSynesthesia/AudioSynesthesia.uplugin" 243
"../../../Engine/Plugins/Runtime/AssetTags/AssetTags.uplugin" 244
"../../../Engine/Plugins/Runtime/AudioCapture/AudioCapture.uplugin" 245
"../../../Engine/Plugins/Runtime/AudioModulation/AudioModulation.uplugin" 246
"../../../Engine/Plugins/Runtime/AudioMotorSim/AudioMotorSim.uplugin" 247
"../../../Engine/Plugins/Runtime/CableComponent/CableComponent.uplugin" 248
"../../../Engine/Plugins/Runtime/AudioWidgets/AudioWidgets.uplugin" 249
"../../../Engine/Plugins/Runtime/ChunkDownloader/ChunkDownloader.uplugin" 250
"../../../Engine/Plugins/Runtime/CommonUI/CommonUI.uplugin" 251
"../../../Engine/Plugins/Runtime/ComputeFramework/ComputeFramework.uplugin" 252
"../../../Engine/Plugins/Runtime/CustomMeshComponent/CustomMeshComponent.uplugin" 253
"../../../Engine/Plugins/Runtime/DataRegistry/DataRegistry.uplugin" 254
"../../../Engine/Plugins/Runtime/ExampleDeviceProfileSelector/ExampleDeviceProfileSelector.uplugin" 255
"../../../Engine/Plugins/Runtime/Firebase/Firebase.uplugin" 256
"../../../Engine/Plugins/Runtime/GameFeatures/GameFeatures.uplugin" 257
"../../../Engine/Plugins/Runtime/GameplayAbilities/GameplayAbilities.uplugin" 258
"../../../Engine/Plugins/Runtime/GameInput/GameInput.uplugin" 259
"../../../Engine/Plugins/Runtime/GameplayBehaviorSmartObjects/GameplayBehaviorSmartObjects.uplugin" 260
"../../../Engine/Plugins/Runtime/GeometryCache/GeometryCache.uplugin" 261
"../../../Engine/Plugins/Runtime/GameplayInteractions/GameplayInteractions.uplugin" 262
"../../../Engine/Plugins/Runtime/GameplayStateTree/GameplayStateTree.uplugin" 263
"../../../Engine/Plugins/Runtime/GeometryProcessing/GeometryProcessing.uplugin" 264
"../../../Engine/Plugins/Runtime/GeoReferencing/GeoReferencing.uplugin" 265
"../../../Engine/Plugins/Runtime/GoogleCloudMessaging/GoogleCloudMessaging.uplugin" 266
"../../../Engine/Plugins/Runtime/Harmonix/Harmonix.uplugin" 267
"../../../Engine/Plugins/Runtime/GeometryScripting/GeometryScripting.uplugin" 268
"../../../Engine/Plugins/Runtime/HairStrands/HairStrands.uplugin" 269
"../../../Engine/Plugins/Runtime/GooglePAD/GooglePAD.uplugin" 270
"../../../Engine/Plugins/Runtime/HDRIBackdrop/HDRIBackdrop.uplugin" 271
"../../../Engine/Plugins/Runtime/HPMotionController/HPMotionController.uplugin" 272
"../../../Engine/Plugins/Runtime/HTTPChunkInstaller/HTTPChunkInstaller.uplugin" 273
"../../../Engine/Plugins/Runtime/InputDebugging/InputDebugging.uplugin" 274
"../../../Engine/Plugins/Runtime/InstancedActors/InstancedActors.uplugin" 275
"../../../Engine/Plugins/Runtime/IOSReplayKit/IOSReplayKit.uplugin" 276
"../../../Engine/Plugins/Runtime/LinuxDeviceProfileSelector/LinuxDeviceProfileSelector.uplugin" 277
"../../../Engine/Plugins/Runtime/LevelStreamingPersistence/LevelStreamingPersistence.uplugin" 278
"../../../Engine/Plugins/Runtime/IOSDeviceProfileSelector/IOSDeviceProfileSelector.uplugin" 279
"../../../Engine/Plugins/Runtime/LocationServicesAndroidImpl/LocationServicesAndroidImpl.uplugin" 280
"../../../Engine/Plugins/Runtime/LiveLinkOvernDisplay/LiveLinkOverNDisplay.uplugin" 281
"../../../Engine/Plugins/Runtime/LocationServicesIOSImpl/LocationServicesIOSImpl.uplugin" 282
"../../../Engine/Plugins/Runtime/LocationServicesBPLibrary/LocationServicesBPLibrary.uplugin" 283
"../../../Engine/Plugins/Runtime/MassGameplay/MassGameplay.uplugin" 284
"../../../Engine/Plugins/Runtime/MassEntity/MassEntity.uplugin" 285
"../../../Engine/Plugins/Runtime/MeshModelingToolset/MeshModelingToolset.uplugin" 286
"../../../Engine/Plugins/Runtime/MicrosoftSpatialAudio/MicroSoftSpatialSound.uplugin" 287
"../../../Engine/Plugins/Runtime/Metasound/Metasound.uplugin" 288
"../../../Engine/Plugins/Runtime/MIDIDevice/MIDIDevice.uplugin" 289
"../../../Engine/Plugins/Runtime/MobileFSR/MobileFSR.uplugin" 290
"../../../Engine/Plugins/Runtime/MixedRealityCaptureFramework/MixedRealityCaptureFramework.uplugin" 291
"../../../Engine/Plugins/Runtime/MobilePatchingUtils/MobilePatchingUtils.uplugin" 292
"../../../Engine/Plugins/Runtime/ModularGameplay/ModularGameplay.uplugin" 293
"../../../Engine/Plugins/Runtime/ModelViewViewModel/ModelViewViewModel.uplugin" 294
"../../../Engine/Plugins/Runtime/MsQuic/MsQuic.uplugin" 295
"../../../Engine/Plugins/Runtime/MultiServerReplication/MultiServerReplication.uplugin" 296
"../../../Engine/Plugins/Runtime/NavCorridor/NavCorridor.uplugin" 297
"../../../Engine/Plugins/Runtime/nDisplay/nDisplay.uplugin" 298
"../../../Engine/Plugins/Runtime/NetworkPrediction/NetworkPrediction.uplugin" 299
"../../../Engine/Plugins/Runtime/nDisplayModularFeatures/nDisplayModularFeatures.uplugin" 300
"../../../Engine/Plugins/Runtime/NetworkPredictionInsights/NetworkPredictionInsights.uplugin" 301
"../../../Engine/Plugins/Runtime/OpenCV/OpenCV.uplugin" 302
"../../../Engine/Plugins/Runtime/NetworkPredictionExtras/NetworkPredictionExtras.uplugin" 303
"../../../Engine/Plugins/Runtime/OpenXREyeTracker/OpenXREyeTracker.uplugin" 304
"../../../Engine/Plugins/Runtime/OpenXR/OpenXR.uplugin" 305
"../../../Engine/Plugins/Runtime/OpenXRHandTracking/OpenXRHandTracking.uplugin" 306
"../../../Engine/Plugins/Runtime/OpenXRMsftHandInteraction/OpenXRMsftHandInteraction.uplugin" 307
"../../../Engine/Plugins/Runtime/OpenXRViveTracker/OpenXRViveTracker.uplugin" 308
"../../../Engine/Plugins/Runtime/OptionalMobileFeaturesBPLibrary/OptionalMobileFeaturesBPLibrary.uplugin" 309
"../../../Engine/Plugins/Runtime/OSC/OSC.uplugin" 310
"../../../Engine/Plugins/Runtime/PreLoadScreenMoviePlayer/PreLoadScreenMoviePlayer.uplugin" 311
"../../../Engine/Plugins/Runtime/ProceduralMeshComponent/ProceduralMeshComponent.uplugin" 312
"../../../Engine/Plugins/Runtime/PropertyAccess/PropertyAccessEditor.uplugin" 313
"../../../Engine/Plugins/Runtime/PropertyBindingUtils/PropertyBindingUtils.uplugin" 314
"../../../Engine/Plugins/Runtime/ReplicationSystemTestPlugin/ReplicationSystemTestPlugin.uplugin" 315
"../../../Engine/Plugins/Runtime/RenderTrace/RenderTrace.uplugin" 316
"../../../Engine/Plugins/Runtime/RigVM/RigVM.uplugin" 317
"../../../Engine/Plugins/Runtime/ReplicationGraph/ReplicationGraph.uplugin" 318
"../../../Engine/Plugins/Runtime/ScriptableToolsFramework/ScriptableToolsFramework.uplugin" 319
"../../../Engine/Plugins/Runtime/ResonanceAudio/ResonanceAudio.uplugin" 320
"../../../Engine/Plugins/Runtime/SkeletalMerging/SkeletalMerging.uplugin" 321
"../../../Engine/Plugins/Runtime/SmartObjects/SmartObjects.uplugin" 322
"../../../Engine/Plugins/Runtime/SoundCueTemplates/SoundCueTemplates.uplugin" 323
"../../../Engine/Plugins/Runtime/SoundFields/SoundFields.uplugin" 324
"../../../Engine/Plugins/Runtime/SoundMod/SoundMod.uplugin" 325
"../../../Engine/Plugins/Runtime/SoundUtilities/SoundUtilities.uplugin" 326
"../../../Engine/Plugins/Runtime/Spatialization/Spatialization.uplugin" 327
"../../../Engine/Plugins/Runtime/Soundscape/Soundscape.uplugin" 328
"../../../Engine/Plugins/Runtime/StateTree/StateTree.uplugin" 329
"../../../Engine/Plugins/Runtime/SunPosition/SunPosition.uplugin" 330
"../../../Engine/Plugins/Runtime/Synthesis/Synthesis.uplugin" 331
"../../../Engine/Plugins/Runtime/WaveTable/WaveTable.uplugin" 332
"../../../Engine/Plugins/Runtime/WarpUtils/WarpUtils.uplugin" 333
"../../../Engine/Plugins/Runtime/USDCore/USDCore.uplugin" 334
"../../../Engine/Plugins/Runtime/WebBrowserWidget/WebBrowserWidget.uplugin" 335
"../../../Engine/Plugins/Runtime/WebBrowserNativeProxy/WebBrowserNativeProxy.uplugin" 336
"../../../Engine/Plugins/Runtime/WebMMoviePlayer/WebMMoviePlayer.uplugin" 337
"../../../Engine/Plugins/Runtime/WindowsDeviceProfileSelector/WindowsDeviceProfileSelector.uplugin" 338
"../../../Engine/Plugins/Runtime/WorldConditions/WorldConditions.uplugin" 339
"../../../Engine/Plugins/Runtime/XRBase/XRBase.uplugin" 340
"../../../Engine/Plugins/Runtime/ZoneGraph/ZoneGraph.uplugin" 341
"../../../Engine/Plugins/Runtime/ZoneGraphAnnotations/ZoneGraphAnnotations.uplugin" 342
"../../../Engine/Plugins/Runtime/WindowsMoviePlayer/WindowsMoviePlayer.uplugin" 343
"../../../Engine/Plugins/Tests/CQTestEnhancedInput/CQTestEnhancedInput.uplugin" 344
"../../../Engine/Plugins/Tests/CQTest/CQTest.uplugin" 345
"../../../Engine/Plugins/Tests/AutomationDriverTests/AutomationDriverTests.uplugin" 346
"../../../Engine/Plugins/Tests/FbxAutomationTestBuilder/FbxAutomationTestBuilder.uplugin" 347
"../../../Engine/Plugins/Tests/FunctionalTestingEditor/FunctionalTestingEditor.uplugin" 348
"../../../Engine/Plugins/Tests/EditorTests/EditorTests.uplugin" 349
"../../../Engine/Plugins/Tests/InterchangeTests/InterchangeTests.uplugin" 350
"../../../Engine/Plugins/Tests/TestFramework/TestFramework.uplugin" 351
"../../../Engine/Plugins/Runtime/SignificanceManager/SignificanceManager.uplugin" 352
"../../../Engine/Plugins/Tests/RHITests/RHITests.uplugin" 353
"../../../Engine/Plugins/Tests/TestSamples/TestSamples.uplugin" 354
"../../../Engine/Plugins/Web/HttpBlueprint/HttpBlueprint.uplugin" 355
"../../../Engine/Plugins/Tests/WidgetAutomationTests/WidgetAutomationTests.uplugin" 356
"../../../Engine/Plugins/Tests/RuntimeTests/RuntimeTests.uplugin" 357
"../../../Engine/Plugins/Tests/PythonAutomationTest/PythonAutomationTest.uplugin" 358
"../../../Engine/Plugins/AI/EnvironmentQueryEditor/EnvironmentQueryEditor.uplugin" 359
"../../../Engine/Plugins/AI/HTNPlanner/HTNPlanner.uplugin" 360
"../../../Engine/Plugins/2D/Paper2D/Paper2D.uplugin" 361
"../../../Engine/Plugins/AI/MassAI/MassAI.uplugin" 362
"../../../Engine/Plugins/AI/MLAdapter/MLAdapter.uplugin" 363
"../../../Engine/Plugins/Animation/ACLPlugin/ACLPlugin.uplugin" 364
"../../../Engine/Plugins/AI/AISupport/AISupport.uplugin" 365
"../../../Engine/Plugins/AI/MassCrowd/MassCrowd.uplugin" 366
"../../../Engine/Plugins/Animation/AnimationData/AnimationData.uplugin" 367
"../../../Engine/Plugins/Animation/AnimationLocomotionLibrary/AnimationLocomotionLibrary.uplugin" 368
"../../../Engine/Plugins/Animation/AnimationModifierLibrary/AnimationModifierLibrary.uplugin" 369
"../../../Engine/Plugins/Animation/BlendStack/BlendStack.uplugin" 370
"../../../Engine/Plugins/Animation/ControlRig/ControlRig.uplugin" 371
"../../../Engine/Plugins/Animation/AnimatorKit/AnimatorKit.uplugin" 372
"../../../Engine/Plugins/Animation/ControlRigModules/ControlRigModules.uplugin" 373
"../../../Engine/Plugins/Animation/AnimationWarping/AnimationWarping.uplugin" 374
"../../../Engine/Plugins/Animation/ControlRigSpline/ControlRigSpline.uplugin" 375
"../../../Engine/Plugins/Animation/GameplayInsights/GameplayInsights.uplugin" 376
"../../../Engine/Plugins/Animation/BlendSpaceMotionAnalysis/BlendSpaceMotionAnalysis.uplugin" 377
"../../../Engine/Plugins/Animation/IKRig/IKRig.uplugin" 378
"../../../Engine/Plugins/Animation/LiveLinkCurveDebugUI/LiveLinkCurveDebugUI.uplugin" 379
"../../../Engine/Plugins/Animation/LiveLinkHub/LiveLinkHub.uplugin" 380
"../../../Engine/Plugins/Animation/MotionWarping/MotionWarping.uplugin" 381
"../../../Engine/Plugins/Animation/PerformanceCaptureCore/PerformanceCaptureCore.uplugin" 382
"../../../Engine/Plugins/Animation/PoseSearch/PoseSearch.uplugin" 383
"../../../Engine/Plugins/Animation/RigLogic/RigLogic.uplugin" 384
"../../../Engine/Plugins/Compression/OodleNetwork/OodleNetwork.uplugin" 385
"../../../Engine/Plugins/Experimental/AbilitySystemGameFeatureActions/AbilitySystemGameFeatureActions.uplugin" 386
"../../../Engine/Plugins/Experimental/ActorModifierCore/ActorModifierCore.uplugin" 387
"../../../Engine/Plugins/Experimental/ActorPalette/ActorPalette.uplugin" 388
"../../../Engine/Plugins/Experimental/AdvancedRenamer/AdvancedRenamer.uplugin" 389
"../../../Engine/Plugins/Experimental/AnimNext/AnimNext.uplugin" 390
"../../../Engine/Plugins/Experimental/AnimNextChooser/AnimNextChooser.uplugin" 391
"../../../Engine/Plugins/Experimental/AnimToTexture/AnimToTexture.uplugin" 392
"../../../Engine/Plugins/Experimental/AnimNextAnimGraph/AnimNextAnimGraph.uplugin" 393
"../../../Engine/Plugins/Experimental/AppleVision/AppleVision.uplugin" 394
"../../../Engine/Plugins/Experimental/AutomationUtils/AutomationUtils.uplugin" 395
"../../../Engine/Plugins/Experimental/Avalanche/Avalanche.uplugin" 396
"../../../Engine/Plugins/Experimental/AvalancheDisplayCluster/AvalancheDisplayCluster.uplugin" 397
"../../../Engine/Plugins/Experimental/BackChannel/BackChannel.uplugin" 398
"../../../Engine/Plugins/Experimental/BlueprintSnapNodes/BlueprintSnapNodes.uplugin" 399
"../../../Engine/Plugins/Experimental/BlueprintStats/BlueprintStats.uplugin" 400
"../../../Engine/Plugins/Experimental/AnimNextStateTree/AnimNextStateTree.uplugin" 401
"../../../Engine/Plugins/Experimental/Buoyancy/Buoyancy.uplugin" 402
"../../../Engine/Plugins/Experimental/ChaosCaching/ChaosCaching.uplugin" 403
"../../../Engine/Plugins/Experimental/ChaosCachingUSD/ChaosCachingUSD.uplugin" 404
"../../../Engine/Plugins/Experimental/ChaosClothEditor/ChaosClothEditor.uplugin" 405
"../../../Engine/Plugins/Experimental/ChaosFlesh/ChaosFlesh.uplugin" 406
"../../../Engine/Plugins/Experimental/ChaosModularVehicle/ChaosModularVehicle.uplugin" 407
"../../../Engine/Plugins/Experimental/ChaosModularVehicleExamples/ChaosModularVehicleExamples.uplugin" 408
"../../../Engine/Plugins/Experimental/ChaosNiagara/ChaosNiagara.uplugin" 409
"../../../Engine/Plugins/Experimental/ChaosUserDataPT/ChaosUserDataPT.uplugin" 410
"../../../Engine/Plugins/Experimental/ChaosSolverPlugin/ChaosSolverPlugin.uplugin" 411
"../../../Engine/Plugins/Experimental/ChaosVehiclesPlugin/ChaosVehiclesPlugin.uplugin" 412
"../../../Engine/Plugins/Experimental/ChaosEditor/ChaosEditor.uplugin" 413
"../../../Engine/Plugins/Experimental/CineCameraRigs/CineCameraRigs.uplugin" 414
"../../../Engine/Plugins/Experimental/CineCameraSceneCapture/CineCameraSceneCapture.uplugin" 415
"../../../Engine/Plugins/Experimental/CinematicPrestreaming/CinematicPrestreaming.uplugin" 416
"../../../Engine/Plugins/Experimental/ClonerEffector/ClonerEffector.uplugin" 417
"../../../Engine/Plugins/Experimental/CodeEditor/CodeEditor.uplugin" 418
"../../../Engine/Plugins/Experimental/CodeView/CodeView.uplugin" 419
"../../../Engine/Plugins/Experimental/ColorCorrectRegions/ColorCorrectRegions.uplugin" 420
"../../../Engine/Plugins/Experimental/CommonConversation/CommonConversation.uplugin" 421
"../../../Engine/Plugins/Experimental/CustomDetailsView/CustomDetailsView.uplugin" 422
"../../../Engine/Plugins/Experimental/ControlFlows/ControlFlows.uplugin" 423
"../../../Engine/Plugins/Experimental/DaySequence/DaySequence.uplugin" 424
"../../../Engine/Plugins/Experimental/CharacterAI/CharacterAI.uplugin" 425
"../../../Engine/Plugins/Experimental/Dataflow/Dataflow.uplugin" 426
"../../../Engine/Plugins/Experimental/DynamicMaterial/DynamicMaterial.uplugin" 427
"../../../Engine/Plugins/Experimental/EditorDataStorage/EditorDataStorage.uplugin" 428
"../../../Engine/Plugins/Experimental/EditorDataStorageFeatures/EditorDataStorageFeatures.uplugin" 429
"../../../Engine/Plugins/Experimental/EditorPerformance/EditorPerformance.uplugin" 430
"../../../Engine/Plugins/Experimental/EditorTelemetry/EditorTelemetry.uplugin" 431
"../../../Engine/Plugins/Experimental/FieldSystemPlugin/FieldSystemPlugin.uplugin" 432
"../../../Engine/Plugins/Experimental/FloatingProperties/FloatingProperties.uplugin" 433
"../../../Engine/Plugins/Experimental/Fracture/Fracture.uplugin" 434
"../../../Engine/Plugins/Experimental/GameInputWindows/GameInputWindows.uplugin" 435
"../../../Engine/Plugins/Experimental/FullBodyIK/FullBodyIK.uplugin" 436
"../../../Engine/Plugins/Experimental/GameplayBehaviors/GameplayBehaviors.uplugin" 437
"../../../Engine/Plugins/Experimental/GameplayGraph/GameplayGraph.uplugin" 438
"../../../Engine/Plugins/Animation/LiveLink/LiveLink.uplugin" 439
"../../../Engine/Plugins/Experimental/GameplayTargetingSystem/TargetingSystem.uplugin" 440
"../../../Engine/Plugins/Experimental/Gauntlet/Gauntlet.uplugin" 441
"../../../Engine/Plugins/Experimental/GeometryCacheAbcFile/GeometryCacheAbcFile.uplugin" 442
"../../../Engine/Plugins/Experimental/DefaultInstallBundleManager/DefaultInstallBundleManager.uplugin" 443
"../../../Engine/Plugins/Experimental/GeometryFlow/GeometryFlow.uplugin" 444
"../../../Engine/Plugins/Experimental/GizmoEdMode/GizmoEdMode.uplugin" 445
"../../../Engine/Plugins/Experimental/GizmoFramework/GizmoFramework.uplugin" 446
"../../../Engine/Plugins/Experimental/GeometryCollectionPlugin/GeometryCollectionPlugin.uplugin" 447
"../../../Engine/Plugins/Experimental/GPULightmass/GPULightmass.uplugin" 448
"../../../Engine/Plugins/Experimental/HairModelingToolset/HairModelingToolset.uplugin" 449
"../../../Engine/Plugins/Experimental/HairCardGenerator/HairCardGenerator.uplugin" 450
"../../../Engine/Plugins/Experimental/HairStrandsMutable/HairStrandsMutable.uplugin" 451
"../../../Engine/Plugins/Experimental/ImagePlate/ImagePlate.uplugin" 452
"../../../Engine/Plugins/Experimental/ImageWidgets/ImageWidgets.uplugin" 453
"../../../Engine/Plugins/Experimental/ImpostorBaker/ImpostorBaker.uplugin" 454
"../../../Engine/Plugins/Experimental/InlineMaterialInstance/InlineMaterialInstance.uplugin" 455
"../../../Engine/Plugins/Experimental/InstanceDataObjectFixupTool/InstanceDataObjectFixupTool.uplugin" 456
"../../../Engine/Plugins/Experimental/GeometryMask/GeometryMask.uplugin" 457
"../../../Engine/Plugins/Experimental/Iris/Iris.uplugin" 458
"../../../Engine/Plugins/Experimental/JWT/JWT.uplugin" 459
"../../../Engine/Plugins/Experimental/Landmass/Landmass.uplugin" 460
"../../../Engine/Plugins/Experimental/LearningAgents/LearningAgents.uplugin" 461
"../../../Engine/Plugins/Experimental/LiveLinkOpenVR/LiveLinkOpenVR.uplugin" 462
"../../../Engine/Plugins/Animation/DeformerGraph/DeformerGraph.uplugin" 463
"../../../Engine/Plugins/Experimental/LiveLinkControlRig/LiveLinkControlRig.uplugin" 464
"../../../Engine/Plugins/Experimental/LocalizableMessage/LocalizableMessage.uplugin" 465
"../../../Engine/Plugins/Experimental/MeshModelingToolsetExp/MeshModelingToolsetExp.uplugin" 466
"../../../Engine/Plugins/Experimental/MotorSimOutputMotoSynth/MotorSimOutputMotoSynth.uplugin" 467
"../../../Engine/Plugins/Experimental/MotoSynth/MotoSynth.uplugin" 468
"../../../Engine/Plugins/Experimental/Mover/Mover.uplugin" 469
"../../../Engine/Plugins/Experimental/LowLevelNetTrace/LowLevelNetTrace.uplugin" 470
"../../../Engine/Plugins/Experimental/LandscapePatch/LandscapePatch.uplugin" 471
"../../../Engine/Plugins/Experimental/MoverExamples/MoverExamples.uplugin" 472
"../../../Engine/Plugins/Experimental/MutablePopulation/MutablePopulation.uplugin" 473
"../../../Engine/Plugins/Experimental/NaniteDisplacedMesh/NaniteDisplacedMesh.uplugin" 474
"../../../Engine/Plugins/Experimental/MoverTests/MoverTests.uplugin" 475
"../../../Engine/Plugins/Experimental/NFORDenoise/NFORDenoise.uplugin" 476
"../../../Engine/Plugins/Experimental/NeuralRendering/NeuralRendering.uplugin" 477
"../../../Engine/Plugins/Experimental/NNERuntimeIREE/NNERuntimeIREE.uplugin" 478
"../../../Engine/Plugins/Experimental/NNERuntimeBasicCpu/NNERuntimeBasicCpu.uplugin" 479
"../../../Engine/Plugins/Experimental/NNERuntimeRDG/NNERuntimeRDG.uplugin" 480
"../../../Engine/Plugins/Experimental/OpenImageDenoise/OpenImageDenoise.uplugin" 481
"../../../Engine/Plugins/Experimental/OptiXDenoise/OptiXDenoise.uplugin" 482
"../../../Engine/Plugins/Experimental/OperatorStack/OperatorStack.uplugin" 483
"../../../Engine/Plugins/Experimental/PanoramicCapture/PanoramicCapture.uplugin" 484
"../../../Engine/Plugins/Experimental/PhysicsControl/PhysicsControl.uplugin" 485
"../../../Engine/Plugins/Experimental/PCGBiomeSample/PCGBiomeSample.uplugin" 486
"../../../Engine/Plugins/Experimental/PixelStreamingPlayer/PixelStreamingPlayer.uplugin" 487
"../../../Engine/Plugins/Experimental/PCGBiomeCore/PCGBiomeCore.uplugin" 488
"../../../Engine/Plugins/Experimental/PlainProps/PlainProps.uplugin" 489
"../../../Engine/Plugins/Experimental/PlanarCutPlugin/PlanarCut.uplugin" 490
"../../../Engine/Plugins/Experimental/PlatformCrypto/PlatformCrypto.uplugin" 491
"../../../Engine/Plugins/Experimental/PluginAudit/PluginAudit.uplugin" 492
"../../../Engine/Plugins/Experimental/PluginReferenceViewer/PluginReferenceViewer.uplugin" 493
"../../../Engine/Plugins/Experimental/PluginTemplateTool/PluginTemplateTool.uplugin" 494
"../../../Engine/Plugins/Experimental/PostProcessMaterialChainGraph/PostProcessMaterialChainGraph.uplugin" 495
"../../../Engine/Plugins/Experimental/PropertyAnimator/PropertyAnimator.uplugin" 496
"../../../Engine/Plugins/Experimental/PropertyAnimatorCore/PropertyAnimatorCore.uplugin" 497
"../../../Engine/Plugins/Experimental/PythonFoundationPackages/PythonFoundationPackages.uplugin" 498
"../../../Engine/Plugins/Experimental/QuicMessaging/QuicMessaging.uplugin" 499
"../../../Engine/Plugins/Experimental/RawInput/RawInput.uplugin" 500
"../../../Engine/Plugins/Experimental/RazerChromaDevices/RazerChromaDevices.uplugin" 501
"../../../Engine/Plugins/Experimental/RemoteSession/RemoteSession.uplugin" 502
"../../../Engine/Plugins/Experimental/PythonScriptPlugin/PythonScriptPlugin.uplugin" 503
"../../../Engine/Plugins/Experimental/RigLogicAnimNext/RigLogicAnimNext.uplugin" 504
"../../../Engine/Plugins/Experimental/RigLogicMutable/RigLogicMutable.uplugin" 505
"../../../Engine/Plugins/Experimental/RemoteControlComponents/RemoteControlComponents.uplugin" 506
"../../../Engine/Plugins/Experimental/ScreenReader/ScreenReader.uplugin" 507
"../../../Engine/Plugins/Experimental/SecuritySandbox/SecuritySandbox.uplugin" 508
"../../../Engine/Plugins/Experimental/SerializationUtils/SerializationUtils.uplugin" 509
"../../../Engine/Plugins/Experimental/SimpleHMD/SimpleHMD.uplugin" 510
"../../../Engine/Plugins/Experimental/RenderGrid/RenderGrid.uplugin" 511
"../../../Engine/Plugins/Experimental/SkeletalReduction/SkeletalReduction.uplugin" 512
"../../../Engine/Plugins/Experimental/Shotgrid/Shotgrid.uplugin" 513
"../../../Engine/Plugins/Experimental/SlateModelViewViewModel/SlateModelViewViewModel.uplugin" 514
"../../../Engine/Plugins/Experimental/SlateScreenReader/SlateScreenReader.uplugin" 515
"../../../Engine/Plugins/Experimental/StormSyncAvalancheBridge/StormSyncAvalancheBridge.uplugin" 516
"../../../Engine/Plugins/Experimental/StateGraph/StateGraph.uplugin" 517
"../../../Engine/Plugins/Experimental/StormSync/StormSync.uplugin" 518
"../../../Engine/Plugins/Experimental/LiveLinkFaceImporter/LiveLinkFaceImporter.uplugin" 519
"../../../Engine/Plugins/Experimental/StudioTelemetry/StudioTelemetry.uplugin" 520
"../../../Engine/Plugins/Experimental/SurfaceEffects/SurfaceEffects.uplugin" 521
"../../../Engine/Plugins/Experimental/TetMeshing/TetMeshing.uplugin" 522
"../../../Engine/Plugins/Experimental/TargetDeviceServicesScripting/TargetDeviceServicesScripting.uplugin" 523
"../../../Engine/Plugins/Experimental/TextToSpeech/TextToSpeech.uplugin" 524
"../../../Engine/Plugins/Experimental/Text3D/Text3D.uplugin" 525
"../../../Engine/Plugins/Experimental/TextureGraph/TextureGraph.uplugin" 526
"../../../Engine/Plugins/Experimental/TextureMediaPlayer/TextureMediaPlayer.uplugin" 527
"../../../Engine/Plugins/Experimental/ToolPresets/ToolPresets.uplugin" 528
"../../../Engine/Plugins/Experimental/UIFramework/UIFramework.uplugin" 529
"../../../Engine/Plugins/Experimental/UserToolBoxBasicCommand/UserToolBoxBasicCommand.uplugin" 530
"../../../Engine/Plugins/Experimental/UserToolBoxCore/UserToolBoxCore.uplugin" 531
"../../../Engine/Plugins/Experimental/VirtualProductionUtilities/VirtualProductionUtilities.uplugin" 532
"../../../Engine/Plugins/Experimental/Volumetrics/Volumetrics.uplugin" 533
"../../../Engine/Plugins/Experimental/WaterAdvanced/WaterAdvanced.uplugin" 534
"../../../Engine/Plugins/Experimental/WaterExtras/WaterExtras.uplugin" 535
"../../../Engine/Plugins/Experimental/VirtualHeightfieldMesh/VirtualHeightfieldMesh.uplugin" 536
"../../../Engine/Plugins/Experimental/WaveFunctionCollapse/WaveFunctionCollapse.uplugin" 537
"../../../Engine/Plugins/Experimental/Water/Water.uplugin" 538
"../../../Engine/Plugins/Experimental/WebSocketMessaging/WebSocketMessaging.uplugin" 539
"../../../Engine/Plugins/Experimental/Workspace/Workspace.uplugin" 540
"../../../Engine/Plugins/Experimental/WebSocketNetworking/WebSocketNetworking.uplugin" 541
"../../../Engine/Plugins/Experimental/WidgetEditorToolPalette/WidgetEditorToolPalette.uplugin" 542
"../../../Engine/Plugins/Experimental/XRCreativeFramework/XRCreativeFramework.uplugin" 543
"../../../Engine/Plugins/MovieScene/CustomizableSequencerTracks/CustomizableSequencerTracks.uplugin" 544
"../../../Engine/Plugins/MovieScene/ActorSequence/ActorSequence.uplugin" 545
"../../../Engine/Plugins/MovieScene/LevelSequenceEditor/LevelSequenceEditor.uplugin" 546
"../../../Engine/Plugins/Experimental/SVGImporter/SVGImporter.uplugin" 547
"../../../Engine/Plugins/MovieScene/MovieSceneTextTrack/MovieSceneTextTrack.uplugin" 548
"../../../Engine/Plugins/MovieScene/MoviePipelineMaskRenderPass/MoviePipelineMaskRenderPass.uplugin" 549
"../../../Engine/Plugins/MovieScene/MovieRenderPipeline/MovieRenderPipeline.uplugin" 550
"../../../Engine/Plugins/MovieScene/ReplayTracks/ReplayTracks.uplugin" 551
"../../../Engine/Plugins/MovieScene/SequencerScripting/SequencerScripting.uplugin" 552
"../../../Engine/Plugins/MovieScene/TemplateSequence/TemplateSequence.uplugin" 553
"../../../Engine/Plugins/NNE/NNEDenoiser/NNEDenoiser.uplugin" 554
"../../../Engine/Plugins/NNE/NNERuntimeORT/NNERuntimeORT.uplugin" 555
"../../../Engine/Plugins/PCGInterops/PCGGeometryScriptInterop/PCGGeometryScriptInterop.uplugin" 556
"../../../Engine/Plugins/PCGInterops/PCGExternalDataInterop/PCGExternalDataInterop.uplugin" 557
"../../../Engine/Plugins/Slate/SlateScripting/SlateScripting.uplugin" 558
"../../../Engine/Plugins/Experimental/StructUtils/StructUtils.uplugin" 559
"../../../Engine/Plugins/Portal/LauncherChunkInstaller/LauncherChunkInstaller.uplugin" 560
"../../../Engine/Plugins/Slate/SlateInsights/SlateInsights.uplugin" 561
"../../../Engine/Plugins/Online/IOS/OnlineSubsystemIOS/OnlineSubsystemIOS.uplugin" 562
"../../../Engine/Plugins/Online/VoiceChat/EOSVoiceChat/EOSVoiceChat.uplugin" 563
"../../../Engine/Plugins/Online/VoiceChat/VoiceChat/VoiceChat.uplugin" 564
"../../../Engine/Plugins/Runtime/AR/ARUtilities/ARUtilities.uplugin" 565
"../../../Engine/Plugins/Runtime/Nvidia/GeForceNOWWrapper/GeForceNOWWrapper.uplugin" 566
"../../../Engine/Plugins/Runtime/Nvidia/Reflex/Reflex.uplugin" 567
"../../../Engine/Plugins/Runtime/XR/XRScribe/XRScribe.uplugin" 568
"../../../Engine/Plugins/Runtime/XR/XRVisualization/XRVisualization.uplugin" 569
"../../../Engine/Plugins/Runtime/Analytics/Adjust/Adjust.uplugin" 570
"../../../Engine/Plugins/Runtime/Analytics/AnalyticsBlueprintLibrary/AnalyticsBlueprintLibrary.uplugin" 571
"../../../Engine/Plugins/Runtime/Analytics/AnalyticsMulticast/AnalyticsMulticast.uplugin" 572
"../../../Engine/Plugins/Runtime/Analytics/FileLogging/FileLogging.uplugin" 573
"../../../Engine/Plugins/Runtime/Analytics/Flurry/Flurry.uplugin" 574
"../../../Engine/Plugins/Runtime/PacketHandlers/AESGCMHandlerComponent/AESGCMHandlerComponent.uplugin" 575
"../../../Engine/Plugins/Runtime/PacketHandlers/AESHandlerComponent/AESHandlerComponent.uplugin" 576
"../../../Engine/Plugins/Experimental/AVCodecs/AMFCodecs/AMFCodecs.uplugin" 577
"../../../Engine/Plugins/Runtime/PacketHandlers/DTLSHandlerComponent/DTLSHandlerComponent.uplugin" 578
"../../../Engine/Plugins/Experimental/AVCodecs/AVCodecsCore/AVCodecsCore.uplugin" 579
"../../../Engine/Plugins/Experimental/AVCodecs/NVCodecs/NVCodecs.uplugin" 580
"../../../Engine/Plugins/Experimental/AVCodecs/LibVpxCodecs/LibVpxCodecs.uplugin" 581
"../../../Engine/Plugins/Experimental/AVCodecs/VTCodecs/VTCodecs.uplugin" 582
"../../../Engine/Plugins/Experimental/Compositing/HoldoutComposite/HoldoutComposite.uplugin" 583
"../../../Engine/Plugins/Experimental/AVCodecs/WMFCodecs/WMFCodecs.uplugin" 584
"../../../Engine/Plugins/Editor/ObjectMixer/LightMixer/LightMixer.uplugin" 585
"../../../Engine/Plugins/Runtime/Advertising/IOSTapJoy/IOSTapJoy.uplugin" 586
"../../../Engine/Plugins/Animation/MLDeformer/ChaosClothGenerator/ChaosClothGenerator.uplugin" 587
"../../../Engine/Plugins/Animation/MLDeformer/ChaosFleshGenerator/ChaosFleshGenerator.uplugin" 588
"../../../Engine/Plugins/Animation/MLDeformer/MLDeformerFramework/MLDeformerFramework.uplugin" 589
"../../../Engine/Plugins/Animation/MLDeformer/NearestNeighborModel/NearestNeighborModel.uplugin" 590
"../../../Engine/Plugins/Animation/MLDeformer/NeuralMorphModel/NeuralMorphModel.uplugin" 591
"../../../Engine/Plugins/Animation/MLDeformer/VertexDeltaModel/VertexDeltaModel.uplugin" 592
"../../../Engine/Plugins/Experimental/CharacterFXEditor/BaseCharacterFXEditor/BaseCharacterFXEditor.uplugin" 593
"../../../Engine/Plugins/Experimental/CharacterFXEditor/ExampleCharacterFXEditor/ExampleCharacterFXEditor.uplugin" 594
"../../../Engine/Plugins/Editor/ObjectMixer/ObjectMixer/ObjectMixer.uplugin" 595
"../../../Engine/Plugins/Editor/Localization/PortableObjectFileDataSource/PortableObjectFileDataSource.uplugin" 596
"../../../Engine/Plugins/VirtualProduction/Rivermax/RivermaxCore/RivermaxCore.uplugin" 597
"../../../Engine/Plugins/VirtualProduction/Rivermax/RivermaxMedia/RivermaxMedia.uplugin" 598
"../../../Engine/Plugins/Online/Android/AndroidFetchBackgroundDownload/AndroidFetchBackgroundDownload.uplugin" 599
"../../../Engine/Plugins/VirtualProduction/Rivermax/RivermaxSync/RivermaxSync.uplugin" 600
"../../../Engine/Plugins/Online/Android/OnlineSubsystemGooglePlay/OnlineSubsystemGooglePlay.uplugin" 601
"../../../Engine/Plugins/Runtime/Database/DatabaseSupport/DatabaseSupport.uplugin" 602
"../../../Engine/Plugins/Developer/Concert/ConcertMain/ConcertMain.uplugin" 603
"../../../Engine/Plugins/Runtime/Database/SQLiteCore/SQLiteCore.uplugin" 604
"../../../Engine/Plugins/Runtime/Database/RemoteDatabaseSupport/RemoteDatabaseSupport.uplugin" 605
"../../../Engine/Plugins/Runtime/Database/SQLiteSupport/SQLiteSupport.uplugin" 606
"../../../Engine/Plugins/Experimental/Animation/CurveExpression/CurveExpression.uplugin" 607
"../../../Engine/Plugins/Experimental/Animation/ContextualAnimation/ContextualAnimation.uplugin" 608
"../../../Engine/Plugins/Experimental/Animation/HierarchyTable/HierarchyTable.uplugin" 609
"../../../Engine/Plugins/Experimental/Animation/HierarchyTableBuiltin/HierarchyTableBuiltin.uplugin" 610
"../../../Engine/Plugins/Experimental/Animation/MotionTrajectory/MotionTrajectory.uplugin" 611
"../../../Engine/Plugins/Experimental/Animation/Optimus/Optimus.uplugin" 612
"../../../Engine/Plugins/Experimental/Animation/SkeletalMeshModelingTools/SkeletalMeshModelingTools.uplugin" 613
"../../../Engine/Plugins/Runtime/Database/ADOSupport/ADOSupport.uplugin" 614
"../../../Engine/Plugins/Experimental/PCGInterops/PCGNiagaraInterop/PCGNiagaraInterop.uplugin" 615
"../../../Engine/Plugins/Experimental/Enterprise/DataprepGeometryOperations/DataprepGeometryOperations.uplugin" 616
"../../../Engine/Plugins/Experimental/PCGInterops/PCGWaterInterop/PCGWaterInterop.uplugin" 617
"../../../Engine/Plugins/Experimental/Enterprise/DatasmithRuntime/DatasmithRuntime.uplugin" 618
"../../../Engine/Plugins/Experimental/VirtualProduction/LedWallCalibration/LedWallCalibration.uplugin" 619
"../../../Engine/Plugins/Experimental/VirtualProduction/VPRoles/VPRoles.uplugin" 620
"../../../Engine/Plugins/Experimental/Enterprise/DatasmithInterchange/DatasmithInterchange.uplugin" 621
"../../../Engine/Plugins/Experimental/VirtualProduction/VPSettings/VPSettings.uplugin" 622
"../../../Engine/Plugins/VirtualProduction/DMX/DatasmithMVR/DatasmithMVR.uplugin" 623
"../../../Engine/Plugins/VirtualProduction/DMX/DMXControlConsole/DMXControlConsole.uplugin" 624
"../../../Engine/Plugins/VirtualProduction/DMX/DMXDisplayCluster/DMXDisplayCluster.uplugin" 625
"../../../Engine/Plugins/VirtualProduction/DMX/DMXEngine/DMXEngine.uplugin" 626
"../../../Engine/Plugins/VirtualProduction/DMX/DMXModularFeatures/DMXModularFeatures.uplugin" 627
"../../../Engine/Plugins/VirtualProduction/DMX/DMXGDTF/DMXGDTF.uplugin" 628
"../../../Engine/Plugins/VirtualProduction/DMX/DMXFixtures/DMXFixtures.uplugin" 629
"../../../Engine/Plugins/VirtualProduction/DMX/DMXProtocol/DMXProtocol.uplugin" 630
"../../../Engine/Plugins/VirtualProduction/DMX/DMXPixelMapping/DMXPixelMapping.uplugin" 631
"../../../Engine/Plugins/Experimental/MetaHuman/MetaHumanRuntime/MetaHumanRuntime.uplugin" 632
"../../../Engine/Plugins/Experimental/MetaHuman/MetaHumanSDK/MetaHumanSDK.uplugin" 633
"../../../Engine/Plugins/Runtime/MeshReconstruction/DummyMeshReconstructor/DummyMeshReconstructor.uplugin" 634
"../../../Engine/Plugins/Runtime/Windows/XInputDevice/XInputDevice.uplugin" 635
"../../../Engine/Plugins/Runtime/Windows/WinDualShock/WinDualShock.uplugin" 636
"../../../Engine/Plugins/Experimental/Web/WebAPI/WebAPI.uplugin" 637
"../../../Engine/Plugins/Editor/ContentBrowser/ContentBrowserAliasDataSource/ContentBrowserAliasDataSource.uplugin" 638
"../../../Engine/Plugins/Editor/ContentBrowser/ContentBrowserAssetDataSource/ContentBrowserAssetDataSource.uplugin" 639
"../../../Engine/Plugins/Editor/ContentBrowser/ContentBrowserClassDataSource/ContentBrowserClassDataSource.uplugin" 640
"../../../Engine/Plugins/Editor/ContentBrowser/ContentBrowserFileDataSource/ContentBrowserFileDataSource.uplugin" 641
"../../../Engine/Plugins/Runtime/Steam/SteamController/SteamController.uplugin" 642
"../../../Engine/Plugins/Runtime/Steam/SteamShared/SteamShared.uplugin" 643
"../../../Engine/Plugins/Runtime/Steam/SteamAudio/SteamAudio.uplugin" 644
"../../../Engine/Plugins/Runtime/Steam/SteamSockets/SteamSockets.uplugin" 645
"../../../Engine/Plugins/Developer/Concert/ConcertSync/ConcertSyncClient/ConcertSyncClient.uplugin" 646
"../../../Engine/Plugins/Developer/Concert/ConcertSync/ConcertSyncServer/ConcertSyncServer.uplugin" 647
"../../../Engine/Plugins/Developer/Concert/ConcertSync/ConcertSyncTest/ConcertSyncTest.uplugin" 648
"../../../Engine/Plugins/Runtime/AR/AppleAR/AppleARKit/AppleARKit.uplugin" 649
"../../../Engine/Plugins/Developer/Concert/ConcertSync/ConcertSyncCore/ConcertSyncCore.uplugin" 650
"../../../Engine/Plugins/Developer/Concert/ConcertUI/ConcertClientSharedSlate/ConcertClientSharedSlate.uplugin" 651
"../../../Engine/Plugins/Developer/Concert/ConcertUI/ConcertSharedSlate/ConcertSharedSlate.uplugin" 652
"../../../Engine/Plugins/Developer/Concert/ConcertScripting/ConcertReplicationScripting/ConcertReplicationScripting.uplugin" 653
"../../../Engine/Plugins/Runtime/AR/AppleAR/AppleARKitFaceSupport/AppleARKitFaceSupport.uplugin" 654
"../../../Engine/Plugins/Developer/Concert/ConcertApp/DisasterRecoveryClient/DisasterRecoveryClient.uplugin" 655
"../../../Engine/Plugins/Developer/Concert/ConcertApp/MultiUserClient/MultiUserClient.uplugin" 656
"../../../Engine/Plugins/Developer/Concert/ConcertApp/MultiUserServer/MultiUserServer.uplugin" 657
"../../../Engine/Plugins/Runtime/AR/Google/GoogleARCore/GoogleARCore.uplugin" 658
"../../../Engine/Plugins/Runtime/AR/Google/GoogleARCoreServices/GoogleARCoreServices.uplugin" 659
"../../../Engine/Plugins/Developer/Concert/ConcertInsights/ConcertInsightsClient/ConcertInsightsClient.uplugin" 660
"../../../Engine/Plugins/Developer/Concert/ConcertInsights/ConcertInsightsCore/ConcertInsightsCore.uplugin" 661
"../../../Engine/Plugins/Developer/Concert/ConcertInsights/ConcertInsightsServer/ConcertInsightsServer.uplugin" 662
"../../../Engine/Plugins/Developer/Concert/ConcertInsights/ConcertInsightsVisualizer/ConcertInsightsVisualizer.uplugin" 663
"../../../Engine/Content/Internationalization/icudt64l/cnvalias.icu" 664
"../../../Engine/Content/Internationalization/icudt64l/res_index.res" 665
"../../../Engine/Content/Internationalization/icudt64l/plurals.res" 666
"../../../Engine/Content/Internationalization/icudt64l/lang/fr.res" 667
"../../../Engine/Content/Internationalization/icudt64l/lang/pool.res" 668
"../../../Engine/Content/Internationalization/icudt64l/lang/root.res" 669
"../../../Engine/Content/Internationalization/icudt64l/region/fr.res" 670
"../../../Engine/Content/Internationalization/icudt64l/region/pool.res" 671
"../../../Engine/Content/Internationalization/icudt64l/region/root.res" 672
"../../../Engine/Content/Internationalization/icudt64l/lang/en.res" 673
"../../../Engine/Content/Internationalization/icudt64l/region/en.res" 674
"../../../Engine/Content/Internationalization/icudt64l/windowsZones.res" 675
"../../../Engine/Content/Internationalization/icudt64l/zoneinfo64.res" 676
"../../../Engine/Content/Internationalization/icudt64l/keyTypeData.res" 677
"../../../Engine/Content/Internationalization/icudt64l/timezoneTypes.res" 678
"../../../Engine/Content/Internationalization/icudt64l/likelySubtags.res" 679
"../../../Engine/Content/Internationalization/icudt64l/fr_FR.res" 680
"../../../Engine/Content/Internationalization/icudt64l/pool.res" 681
"../../../Engine/Content/Internationalization/icudt64l/fr.res" 682
"../../../Engine/Content/Internationalization/icudt64l/root.res" 683
"../../../Engine/Content/Internationalization/icudt64l/supplementalData.res" 684
"../../../Engine/Config/ConfigRedirects.ini" 685
"C:/Users/tevaf/AppData/Local/UnrealEngine/5.5/Saved/Config/WindowsEditor/Manifest.ini" 686
"../../../Engine/Config/BaseEngine.ini" 687
"../../../Engine/Config/Windows/BaseWindowsEngine.ini" 688
"../../../../../Logiciels/Unreal Projects/Team6_Unreal/Config/DefaultEngine.ini" 689
"../../../Engine/Config/Windows/WindowsEngine.ini" 690
"../../../Engine/Config/BaseGame.ini" 691
"../../../../../Logiciels/Unreal Projects/Team6_Unreal/Config/DefaultGame.ini" 692
"../../../Engine/Config/Windows/WindowsGame.ini" 693
"C:/Users/tevaf/Desktop/Logiciels/Unreal Projects/Team6_Unreal/Saved/Config/WindowsEditor/Game.ini" 694
"../../../Engine/Config/BaseInput.ini" 695
"../../../Engine/Config/Windows/BaseWindowsInput.ini" 696
"../../../../../Logiciels/Unreal Projects/Team6_Unreal/Config/DefaultInput.ini" 697
"../../../Engine/Config/Windows/WindowsInput.ini" 698
"../../../Engine/Config/BaseDeviceProfiles.ini" 699
"../../../Engine/Config/BaseGameUserSettings.ini" 700
"C:/Users/tevaf/Desktop/Logiciels/Unreal Projects/Team6_Unreal/Saved/Config/WindowsEditor/GameUserSettings.ini" 701
"../../../Engine/Config/BaseScalability.ini" 702
"../../../Engine/Config/BaseRuntimeOptions.ini" 703
"../../../Engine/Config/BaseInstallBundle.ini" 704
"../../../Engine/Config/BaseHardware.ini" 705
"../../../Engine/Config/BaseLightmass.ini" 706
"../../../Engine/Config/BaseEditor.ini" 707
"../../../../../Logiciels/Unreal Projects/Team6_Unreal/Config/DefaultEditor.ini" 708
"C:/Users/tevaf/Desktop/Logiciels/Unreal Projects/Team6_Unreal/Saved/Config/WindowsEditor/Editor.ini" 709
"../../../Engine/Config/BaseEditorPerProjectUserSettings.ini" 710
"../../../../../Logiciels/Unreal Projects/Team6_Unreal/Config/DefaultEditorPerProjectUserSettings.ini" 711
"../../../Engine/Config/Windows/WindowsEditorPerProjectUserSettings.ini" 712
"C:/Users/tevaf/Desktop/Logiciels/Unreal Projects/Team6_Unreal/Saved/Config/WindowsEditor/EditorPerProjectUserSettings.ini" 713
"../../../Engine/Config/BaseEditorSettings.ini" 714
"C:/Users/tevaf/AppData/Local/UnrealEngine/5.5/Saved/Config/WindowsEditor/EditorSettings.ini" 715
"../../../Engine/Config/BaseEditorKeyBindings.ini" 716
"C:/Users/tevaf/AppData/Local/UnrealEngine/5.5/Saved/Config/WindowsEditor/EditorKeyBindings.ini" 717
"../../../Engine/Config/Android/BaseAndroidEngine.ini" 718
"../../../Engine/Config/LinuxArm64/BaseLinuxArm64Engine.ini" 719
"../../../Engine/Config/Linux/BaseLinuxEngine.ini" 720
"../../../Engine/Config/IOS/BaseIOSEngine.ini" 721
"../../../Engine/Config/Android/AndroidEngine.ini" 722
"../../../Engine/Config/Unix/UnixEngine.ini" 723
"../../../Engine/Config/Linux/LinuxEngine.ini" 724
"../../../Engine/Config/LinuxArm64/LinuxArm64Engine.ini" 725
"../../../Engine/Config/Android/BaseAndroidGame.ini" 726
"../../../Engine/Config/IOS/BaseIOSGame.ini" 727
"../../../Engine/Config/IOS/IOSGame.ini" 728
"../../../Engine/Config/Linux/LinuxGame.ini" 729
"../../../Engine/Binaries/Win64/BootstrapPackagedGame-Win64-Shipping.target" 730
"../../../Engine/Binaries/Win64/BuildPatchTool-Win64-Shipping.target" 731
"../../../Engine/Binaries/Win64/CrashReportClient-Win64-Shipping.target" 732
"../../../Engine/Config/Android/AndroidScalability.ini" 733
"../../../Engine/Config/IOS/IOSScalability.ini" 734
"../../../Engine/Binaries/Win64/CrashReportClientEditor-Win64-Shipping.target" 735
"../../../Engine/Config/IOS/BaseIOSInstallBundle.ini" 736
"../../../Engine/Config/Android/BaseAndroidInstallBundle.ini" 737
"../../../Engine/Binaries/Win64/DatasmithCADWorker.target" 738
"../../../Engine/Binaries/Win64/EpicWebHelper-Win64-Shipping.target" 739
"../../../Engine/Config/Mac/BaseMacEngine.ini" 740
"../../../Engine/Config/TVOS/TVOSEngine.ini" 741
"../../../Engine/Config/Mac/MacGame.ini" 742
"../../../Engine/Binaries/Win64/InterchangeWorker.target" 743
"../../../Engine/Binaries/Win64/LiveCodingConsole.target" 744
"../../../Engine/Config/Mac/BaseMacInput.ini" 745
"../../../Engine/Binaries/Win64/LiveLinkHub.target" 746
"../../../Engine/Platforms/VisionOS/Config/BaseVisionOSEngine.ini" 747
"../../../Engine/Platforms/VisionOS/Config/VisionOSEngine.ini" 748
"../../../Engine/Binaries/Win64/ShaderCompileWorker.target" 749
"../../../Engine/Binaries/Win64/SwitchboardListener.target" 750
"../../../Engine/Binaries/Win64/SwitchboardListenerHelper.target" 751
"../../../Engine/Binaries/Win64/UnrealEditor-Win64-DebugGame.target" 752
"../../../Engine/Binaries/Win64/UnrealEditor.target" 753
"../../../Engine/Config/PluginBase.ini" 754
"../../../Engine/Plugins/ChaosVD/Config/DefaultChaosVD.ini" 755
"../../../Engine/Plugins/EnhancedInput/Config/BaseEnhancedInput.ini" 756
"../../../Engine/Plugins/Fab/Config/BaseFab.ini" 757
"../../../Engine/Plugins/TraceUtilities/Config/BaseTraceUtilities.ini" 758
"../../../Engine/Plugins/Cameras/GameplayCameras/Config/BaseGameplayCameras.ini" 759
"../../../Engine/Plugins/Editor/EditorScriptingUtilities/Config/BaseEditorScriptingUtilities.ini" 760
"../../../Engine/Plugins/Enterprise/DatasmithContent/Config/BaseDatasmithContent.ini" 761
"../../../Engine/Plugins/Enterprise/GLTFExporter/Config/BaseGLTFExporter.ini" 762
"../../../Engine/Plugins/Enterprise/GLTFExporter/Config/DefaultGLTFExporter.ini" 763
"../../../Engine/Plugins/FX/Niagara/Config/BaseNiagara.ini" 764
"../../../Engine/Plugins/Enterprise/VariantManagerContent/Config/BaseVariantManagerContent.ini" 765
"../../../Engine/Plugins/VirtualProduction/Takes/Config/BaseTakes.ini" 766
"../../../Engine/Plugins/Interchange/Assets/Config/BaseInterchangeAssets.ini" 767
"../../../Engine/Plugins/Interchange/Runtime/Config/BaseInterchange.ini" 768
"../../../Engine/Plugins/Runtime/HairStrands/Config/BaseHairStrands.ini" 769
"../../../Engine/Plugins/Runtime/Metasound/Config/BaseMetasound.ini" 770
"../../../Engine/Plugins/Runtime/Metasound/Config/DefaultMetasound.ini" 771
"../../../Engine/Plugins/Runtime/RigVM/Config/BaseRigVM.ini" 772
"../../../Engine/Plugins/Runtime/StateTree/Config/BaseStateTree.ini" 773
"../../../Engine/Plugins/Runtime/Synthesis/Config/BaseSynthesis.ini" 774
"../../../Engine/Plugins/Runtime/USDCore/Config/BaseUSDCore.ini" 775
"../../../Engine/Plugins/2D/Paper2D/Config/BasePaper2D.ini" 776
"../../../Engine/Plugins/Animation/ControlRig/Config/BaseControlRig.ini" 777
"../../../Engine/Plugins/Animation/DeformerGraph/Config/BaseDeformerGraph.ini" 778
"../../../Engine/Plugins/Animation/IKRig/Config/BaseIKRig.ini" 779
"../../../Engine/Plugins/Animation/LiveLink/Config/BaseLiveLink.ini" 780
"../../../Engine/Plugins/Experimental/FullBodyIK/Config/BaseFullBodyIK.ini" 781
"../../../Engine/Plugins/Experimental/ToolPresets/Config/BaseToolPresets.ini" 782
"../../../Engine/Plugins/Experimental/Compositing/HoldoutComposite/Config/BaseHoldoutComposite.ini" 783
"../../../Engine/Plugins/Experimental/MetaHuman/MetaHumanSDK/Config/BaseMetaHumanSDK.ini" 784
"../../../Engine/Plugins/Developer/Concert/ConcertSync/ConcertSyncCore/Config/BaseConcertSyncCore.ini" 785
"../../../Engine/Plugins/ChaosVD/Config/Engine.ini" 786
"../../../Engine/Plugins/EnhancedInput/Config/Input.ini" 787
"../../../Engine/Plugins/Runtime/InputDebugging/Config/Input.ini" 788
"../../../Engine/Plugins/Runtime/RigVM/Config/Editor.ini" 789
"../../../Engine/Plugins/NNE/NNEDenoiser/Config/Game.ini" 790
"../../../Engine/Plugins/Runtime/Windows/XInputDevice/Config/Input.ini" 791
"../../../Engine/Plugins/Editor/ModelingToolsEditorMode/Binaries/Win64/UnrealEditor.modules" 792
"../../../Engine/Plugins/Runtime/MeshModelingToolset/Binaries/Win64/UnrealEditor.modules" 793
"../../../Engine/Plugins/Experimental/MeshModelingToolsetExp/Binaries/Win64/UnrealEditor.modules" 794
"../../../Engine/Plugins/Editor/MeshLODToolset/Binaries/Win64/UnrealEditor.modules" 795
"../../../Engine/Plugins/Experimental/ToolPresets/Binaries/Win64/UnrealEditor.modules" 796
"../../../Engine/Plugins/Editor/StylusInput/Binaries/Win64/UnrealEditor.modules" 797
"../../../Engine/Plugins/Runtime/GeometryProcessing/Binaries/Win64/UnrealEditor.modules" 798
"../../../Engine/Plugins/Editor/ProxyLODPlugin/Binaries/Win64/UnrealEditor.modules" 799
"../../../Engine/Plugins/Experimental/PlanarCutPlugin/Binaries/Win64/UnrealEditor.modules" 800
"../../../Engine/Plugins/Experimental/GeometryFlow/Binaries/Win64/UnrealEditor.modules" 801
"../../../Engine/Plugins/Editor/EditorScriptingUtilities/Binaries/Win64/UnrealEditor.modules" 802
"../../../Engine/Plugins/Bridge/Binaries/Win64/UnrealEditor.modules" 803
"../../../Engine/Plugins/Experimental/MetaHuman/MetaHumanSDK/Binaries/Win64/UnrealEditor.modules" 804
"../../../Engine/Plugins/Animation/ControlRig/Binaries/Win64/UnrealEditor.modules" 805
"../../../Engine/Plugins/Runtime/HairStrands/Binaries/Win64/UnrealEditor.modules" 806
"../../../Engine/Plugins/Animation/RigLogic/Binaries/Win64/UnrealEditor.modules" 807
"../../../Engine/Plugins/Runtime/RigVM/Binaries/Win64/UnrealEditor.modules" 808
"../../../Engine/Plugins/Experimental/PythonScriptPlugin/Binaries/Win64/UnrealEditor.modules" 809
"../../../Engine/Plugins/MovieScene/LevelSequenceEditor/Binaries/Win64/UnrealEditor.modules" 810
"../../../Engine/Plugins/Runtime/PropertyAccess/Binaries/Win64/UnrealEditor.modules" 811
"../../../Engine/Plugins/MovieScene/SequencerScripting/Binaries/Win64/UnrealEditor.modules" 812
"../../../Engine/Plugins/FX/Niagara/Binaries/Win64/UnrealEditor.modules" 813
"../../../Engine/Plugins/Runtime/GeometryCache/Binaries/Win64/UnrealEditor.modules" 814
"../../../Engine/Plugins/Animation/DeformerGraph/Binaries/Win64/UnrealEditor.modules" 815
"../../../Engine/Plugins/Editor/ContentBrowser/ContentBrowserFileDataSource/Binaries/Win64/UnrealEditor.modules" 816
"../../../Engine/Plugins/Runtime/ComputeFramework/Binaries/Win64/UnrealEditor.modules" 817
"../../../Engine/Plugins/ChaosCloth/Binaries/Win64/UnrealEditor.modules" 818
"../../../Engine/Plugins/Experimental/ChaosCaching/Binaries/Win64/UnrealEditor.modules" 819
"../../../Engine/Plugins/VirtualProduction/Takes/Binaries/Win64/UnrealEditor.modules" 820
"../../../Engine/Plugins/Runtime/AudioCapture/Binaries/Win64/UnrealEditor.modules" 821
"../../../Engine/Plugins/ChaosVD/Binaries/Win64/UnrealEditor.modules" 822
"../../../Engine/Plugins/CmdLinkServer/Binaries/Win64/UnrealEditor.modules" 823
"../../../Engine/Plugins/EnhancedInput/Binaries/Win64/UnrealEditor.modules" 824
"../../../Engine/Plugins/Editor/DataValidation/Binaries/Win64/UnrealEditor.modules" 825
"../../../Engine/Plugins/Fab/Binaries/Win64/UnrealEditor.modules" 826
"../../../Engine/Plugins/Interchange/Runtime/Binaries/Win64/UnrealEditor.modules" 827
"../../../Engine/Plugins/Online/EOSShared/Binaries/Win64/UnrealEditor.modules" 828
"../../../Engine/Plugins/Runtime/USDCore/Binaries/Win64/UnrealEditor.modules" 829
"../../../Engine/Plugins/Enterprise/VariantManagerContent/Binaries/Win64/UnrealEditor.modules" 830
"../../../Engine/Plugins/Enterprise/VariantManager/Binaries/Win64/UnrealEditor.modules" 831
"../../../Engine/Plugins/Animation/LiveLink/Binaries/Win64/UnrealEditor.modules" 832
"../../../Engine/Plugins/Developer/Concert/ConcertSync/ConcertSyncClient/Binaries/Win64/UnrealEditor.modules" 833
"../../../Engine/Plugins/Editor/ContentBrowser/ContentBrowserAssetDataSource/Binaries/Win64/UnrealEditor.modules" 834
"../../../Engine/Plugins/Developer/Concert/ConcertSync/ConcertSyncCore/Binaries/Win64/UnrealEditor.modules" 835
"../../../Engine/Plugins/Developer/Concert/ConcertMain/Binaries/Win64/UnrealEditor.modules" 836
"../../../Engine/Plugins/Runtime/Database/SQLiteCore/Binaries/Win64/UnrealEditor.modules" 837
"../../../Engine/Plugins/FastBuildController/Binaries/Win64/UnrealEditor.modules" 838
"../../../Engine/Plugins/MeshPainting/Binaries/Win64/UnrealEditor.modules" 839
"../../../Engine/Plugins/Interchange/Editor/Binaries/Win64/UnrealEditor.modules" 840
"../../../Engine/Plugins/RenderGraphInsights/Binaries/Win64/UnrealEditor.modules" 841
"../../../Engine/Plugins/TraceUtilities/Binaries/Win64/UnrealEditor.modules" 842
"../../../Engine/Plugins/UbaController/Binaries/Win64/UnrealEditor.modules" 843
"../../../Engine/Plugins/WorldMetrics/Binaries/Win64/UnrealEditor.modules" 844
"../../../Engine/Plugins/XGEController/Binaries/Win64/UnrealEditor.modules" 845
"../../../Engine/Plugins/Cameras/CameraShakePreviewer/Binaries/Win64/UnrealEditor.modules" 846
"../../../Engine/Plugins/Cameras/GameplayCameras/Binaries/Win64/UnrealEditor.modules" 847
"../../../Engine/Plugins/Runtime/StateTree/Binaries/Win64/UnrealEditor.modules" 848
"../../../Engine/Plugins/MovieScene/TemplateSequence/Binaries/Win64/UnrealEditor.modules" 849
"../../../Engine/Plugins/Cameras/EngineCameras/Binaries/Win64/UnrealEditor.modules" 850
"../../../Engine/Plugins/Developer/AnimationSharing/Binaries/Win64/UnrealEditor.modules" 851
"../../../Engine/Plugins/Runtime/SignificanceManager/Binaries/Win64/UnrealEditor.modules" 852
"../../../Engine/Plugins/Developer/CLionSourceCodeAccess/Binaries/Win64/UnrealEditor.modules" 853
"../../../Engine/Plugins/Developer/DumpGPUServices/Binaries/Win64/UnrealEditor.modules" 854
"../../../Engine/Plugins/Developer/GitSourceControl/Binaries/Win64/UnrealEditor.modules" 855
"../../../Engine/Plugins/Developer/N10XSourceCodeAccess/Binaries/Win64/UnrealEditor.modules" 856
"../../../Engine/Plugins/Developer/PerforceSourceControl/Binaries/Win64/UnrealEditor.modules" 857
"../../../Engine/Plugins/Developer/PixWinPlugin/Binaries/Win64/UnrealEditor.modules" 858
"../../../Engine/Plugins/Developer/PlasticSourceControl/Binaries/Win64/UnrealEditor.modules" 859
"../../../Engine/Plugins/Developer/PluginUtils/Binaries/Win64/UnrealEditor.modules" 860
"../../../Engine/Plugins/Developer/PropertyAccessNode/Binaries/Win64/UnrealEditor.modules" 861
"../../../Engine/Plugins/Developer/RenderDocPlugin/Binaries/Win64/UnrealEditor.modules" 862
"../../../Engine/Plugins/Developer/RiderSourceCodeAccess/Binaries/Win64/UnrealEditor.modules" 863
"../../../Engine/Plugins/Developer/SubversionSourceControl/Binaries/Win64/UnrealEditor.modules" 864
"../../../Engine/Plugins/Developer/TextureFormatOodle/Binaries/Win64/UnrealEditor.modules" 865
"../../../Engine/Plugins/Developer/UObjectPlugin/Binaries/Win64/UnrealEditor.modules" 866
"../../../Engine/Plugins/Developer/VisualStudioCodeSourceCodeAccess/Binaries/Win64/UnrealEditor.modules" 867
"../../../Engine/Plugins/Developer/VisualStudioSourceCodeAccess/Binaries/Win64/UnrealEditor.modules" 868
"../../../Engine/Plugins/Editor/AssetManagerEditor/Binaries/Win64/UnrealEditor.modules" 869
"../../../Engine/Plugins/Editor/BlueprintHeaderView/Binaries/Win64/UnrealEditor.modules" 870
"../../../Engine/Plugins/Editor/ChangelistReview/Binaries/Win64/UnrealEditor.modules" 871
"../../../Engine/Plugins/Editor/ColorGrading/Binaries/Win64/UnrealEditor.modules" 872
"../../../Engine/Plugins/Editor/ObjectMixer/ObjectMixer/Binaries/Win64/UnrealEditor.modules" 873
"../../../Engine/Plugins/Editor/CryptoKeys/Binaries/Win64/UnrealEditor.modules" 874
"../../../Engine/Plugins/Editor/CurveEditorTools/Binaries/Win64/UnrealEditor.modules" 875
"../../../Engine/Plugins/Editor/EditorDebugTools/Binaries/Win64/UnrealEditor.modules" 876
"../../../Engine/Plugins/Editor/FacialAnimation/Binaries/Win64/UnrealEditor.modules" 877
"../../../Engine/Plugins/Editor/EngineAssetDefinitions/Binaries/Win64/UnrealEditor.modules" 878
"../../../Engine/Plugins/Editor/GameplayTagsEditor/Binaries/Win64/UnrealEditor.modules" 879
"../../../Engine/Plugins/Editor/MaterialAnalyzer/Binaries/Win64/UnrealEditor.modules" 880
"../../../Engine/Plugins/Editor/MobileLauncherProfileWizard/Binaries/Win64/UnrealEditor.modules" 881
"../../../Engine/Plugins/Editor/PluginBrowser/Binaries/Win64/UnrealEditor.modules" 882
"../../../Engine/Plugins/Editor/SequencerAnimTools/Binaries/Win64/UnrealEditor.modules" 883
"../../../Engine/Plugins/Editor/SpeedTreeImporter/Binaries/Win64/UnrealEditor.modules" 884
"../../../Engine/Plugins/Editor/UMGWidgetPreview/Binaries/Win64/UnrealEditor.modules" 885
"../../../Engine/Plugins/Editor/UVEditor/Binaries/Win64/UnrealEditor.modules" 886
"../../../Engine/Plugins/Editor/WorldPartitionHLODUtilities/Binaries/Win64/UnrealEditor.modules" 887
"../../../Engine/Plugins/Enterprise/DatasmithContent/Binaries/Win64/UnrealEditor.modules" 888
"../../../Engine/Plugins/Enterprise/GLTFExporter/Binaries/Win64/UnrealEditor.modules" 889
"../../../Engine/Plugins/Editor/GeometryMode/Binaries/Win64/UnrealEditor.modules" 890
"../../../Engine/Plugins/Importers/AlembicImporter/Binaries/Win64/UnrealEditor.modules" 891
"../../../Engine/Plugins/Messaging/TcpMessaging/Binaries/Win64/UnrealEditor.modules" 892
"../../../Engine/Plugins/Messaging/UdpMessaging/Binaries/Win64/UnrealEditor.modules" 893
"../../../Engine/Plugins/FX/NiagaraSimCaching/Binaries/Win64/UnrealEditor.modules" 894
"../../../Engine/Plugins/Media/AndroidMedia/Binaries/Win64/UnrealEditor.modules" 895
"../../../Engine/Plugins/Media/AvfMedia/Binaries/Win64/UnrealEditor.modules" 896
"../../../Engine/Plugins/Media/ImgMedia/Binaries/Win64/UnrealEditor.modules" 897
"../../../Engine/Plugins/Media/MediaPlayerEditor/Binaries/Win64/UnrealEditor.modules" 898
"../../../Engine/Plugins/Media/MediaCompositing/Binaries/Win64/UnrealEditor.modules" 899
"../../../Engine/Plugins/Media/MediaPlate/Binaries/Win64/UnrealEditor.modules" 900
"../../../Engine/Plugins/Experimental/Compositing/HoldoutComposite/Binaries/Win64/UnrealEditor.modules" 901
"../../../Engine/Plugins/Media/WmfMedia/Binaries/Win64/UnrealEditor.modules" 902
"../../../Engine/Plugins/Online/OnlineBase/Binaries/Win64/UnrealEditor.modules" 903
"../../../Engine/Plugins/Online/OnlineSubsystem/Binaries/Win64/UnrealEditor.modules" 904
"../../../Engine/Plugins/Online/OnlineSubsystemNull/Binaries/Win64/UnrealEditor.modules" 905
"../../../Engine/Plugins/Online/OnlineSubsystemUtils/Binaries/Win64/UnrealEditor.modules" 906
"../../../Engine/Plugins/Online/OnlineServices/Binaries/Win64/UnrealEditor.modules" 907
"../../../Engine/Plugins/Runtime/ActorLayerUtilities/Binaries/Win64/UnrealEditor.modules" 908
"../../../Engine/Plugins/Runtime/AndroidDeviceProfileSelector/Binaries/Win64/UnrealEditor.modules" 909
"../../../Engine/Plugins/Runtime/AndroidFileServer/Binaries/Win64/UnrealEditor.modules" 910
"../../../Engine/Plugins/Runtime/AndroidPermission/Binaries/Win64/UnrealEditor.modules" 911
"../../../Engine/Plugins/Runtime/AppleImageUtils/Binaries/Win64/UnrealEditor.modules" 912
"../../../Engine/Plugins/Runtime/ArchVisCharacter/Binaries/Win64/UnrealEditor.modules" 913
"../../../Engine/Plugins/Runtime/AssetTags/Binaries/Win64/UnrealEditor.modules" 914
"../../../Engine/Plugins/Runtime/CableComponent/Binaries/Win64/UnrealEditor.modules" 915
"../../../Engine/Plugins/Runtime/ChunkDownloader/Binaries/Win64/UnrealEditor.modules" 916
"../../../Engine/Plugins/Runtime/CustomMeshComponent/Binaries/Win64/UnrealEditor.modules" 917
"../../../Engine/Plugins/Runtime/ExampleDeviceProfileSelector/Binaries/Win64/UnrealEditor.modules" 918
"../../../Engine/Plugins/Runtime/GooglePAD/Binaries/Win64/UnrealEditor.modules" 919
"../../../Engine/Plugins/Runtime/InputDebugging/Binaries/Win64/UnrealEditor.modules" 920
"../../../Engine/Plugins/Runtime/LocationServicesBPLibrary/Binaries/Win64/UnrealEditor.modules" 921
"../../../Engine/Plugins/Runtime/Metasound/Binaries/Win64/UnrealEditor.modules" 922
"../../../Engine/Plugins/Runtime/AudioWidgets/Binaries/Win64/UnrealEditor.modules" 923
"../../../Engine/Plugins/Runtime/AudioSynesthesia/Binaries/Win64/UnrealEditor.modules" 924
"../../../Engine/Plugins/Runtime/WaveTable/Binaries/Win64/UnrealEditor.modules" 925
"../../../Engine/Plugins/Runtime/MobilePatchingUtils/Binaries/Win64/UnrealEditor.modules" 926
"../../../Engine/Plugins/Runtime/MsQuic/Binaries/Win64/UnrealEditor.modules" 927
"../../../Engine/Plugins/Runtime/ProceduralMeshComponent/Binaries/Win64/UnrealEditor.modules" 928
"../../../Engine/Plugins/Runtime/ResonanceAudio/Binaries/Win64/UnrealEditor.modules" 929
"../../../Engine/Plugins/Runtime/SoundFields/Binaries/Win64/UnrealEditor.modules" 930
"../../../Engine/Plugins/Runtime/Synthesis/Binaries/Win64/UnrealEditor.modules" 931
"../../../Engine/Plugins/Runtime/WebMMoviePlayer/Binaries/Win64/UnrealEditor.modules" 932
"../../../Engine/Plugins/Media/WebMMedia/Binaries/Win64/UnrealEditor.modules" 933
"../../../Engine/Plugins/Runtime/WindowsDeviceProfileSelector/Binaries/Win64/UnrealEditor.modules" 934
"../../../Engine/Plugins/Runtime/WindowsMoviePlayer/Binaries/Win64/UnrealEditor.modules" 935
"../../../Engine/Plugins/Tests/InterchangeTests/Binaries/Win64/UnrealEditor.modules" 936
"../../../Engine/Plugins/2D/Paper2D/Binaries/Win64/UnrealEditor.modules" 937
"../../../Engine/Plugins/AI/AISupport/Binaries/Win64/UnrealEditor.modules" 938
"../../../Engine/Plugins/AI/EnvironmentQueryEditor/Binaries/Win64/UnrealEditor.modules" 939
"../../../Engine/Plugins/Animation/ACLPlugin/Binaries/Win64/UnrealEditor.modules" 940
"../../../Engine/Plugins/Animation/AnimationData/Binaries/Win64/UnrealEditor.modules" 941
"../../../Engine/Plugins/Animation/AnimationModifierLibrary/Binaries/Win64/UnrealEditor.modules" 942
"../../../Engine/Plugins/Animation/BlendSpaceMotionAnalysis/Binaries/Win64/UnrealEditor.modules" 943
"../../../Engine/Plugins/Animation/ControlRigSpline/Binaries/Win64/UnrealEditor.modules" 944
"../../../Engine/Plugins/Animation/IKRig/Binaries/Win64/UnrealEditor.modules" 945
"../../../Engine/Plugins/Experimental/FullBodyIK/Binaries/Win64/UnrealEditor.modules" 946
"../../../Engine/Plugins/Compression/OodleNetwork/Binaries/Win64/UnrealEditor.modules" 947
"../../../Engine/Plugins/Experimental/AdvancedRenamer/Binaries/Win64/UnrealEditor.modules" 948
"../../../Engine/Plugins/Experimental/AutomationUtils/Binaries/Win64/UnrealEditor.modules" 949
"../../../Engine/Plugins/Experimental/BackChannel/Binaries/Win64/UnrealEditor.modules" 950
"../../../Engine/Plugins/Experimental/ChaosNiagara/Binaries/Win64/UnrealEditor.modules" 951
"../../../Engine/Plugins/Experimental/ChaosSolverPlugin/Binaries/Win64/UnrealEditor.modules" 952
"../../../Engine/Plugins/Experimental/ChaosUserDataPT/Binaries/Win64/UnrealEditor.modules" 953
"../../../Engine/Plugins/Experimental/ChaosEditor/Binaries/Win64/UnrealEditor.modules" 954
"../../../Engine/Plugins/Experimental/GeometryCollectionPlugin/Binaries/Win64/UnrealEditor.modules" 955
"../../../Engine/Plugins/Experimental/Fracture/Binaries/Win64/UnrealEditor.modules" 956
"../../../Engine/Plugins/Experimental/Dataflow/Binaries/Win64/UnrealEditor.modules" 957
"../../../Engine/Plugins/Experimental/CharacterFXEditor/BaseCharacterFXEditor/Binaries/Win64/UnrealEditor.modules" 958
"../../../Engine/Plugins/Experimental/CharacterAI/Binaries/Win64/UnrealEditor.modules" 959
"../../../Engine/Plugins/Experimental/EditorDataStorage/Binaries/Win64/UnrealEditor.modules" 960
"../../../Engine/Plugins/Experimental/EditorPerformance/Binaries/Win64/UnrealEditor.modules" 961
"../../../Engine/Plugins/Experimental/StudioTelemetry/Binaries/Win64/UnrealEditor.modules" 962
"../../../Engine/Plugins/Experimental/EditorTelemetry/Binaries/Win64/UnrealEditor.modules" 963
"../../../Engine/Plugins/Experimental/LocalizableMessage/Binaries/Win64/UnrealEditor.modules" 964
"../../../Engine/Plugins/Experimental/NFORDenoise/Binaries/Win64/UnrealEditor.modules" 965
"../../../Engine/Plugins/Experimental/PlatformCrypto/Binaries/Win64/UnrealEditor.modules" 966
"../../../Engine/Plugins/Experimental/SkeletalReduction/Binaries/Win64/UnrealEditor.modules" 967
"../../../Engine/Plugins/MovieScene/ActorSequence/Binaries/Win64/UnrealEditor.modules" 968
"../../../Engine/Plugins/NNE/NNEDenoiser/Binaries/Win64/UnrealEditor.modules" 969
"../../../Engine/Plugins/NNE/NNERuntimeORT/Binaries/Win64/UnrealEditor.modules" 970
"../../../Engine/Plugins/Portal/LauncherChunkInstaller/Binaries/Win64/UnrealEditor.modules" 971
"../../../Engine/Plugins/Editor/ObjectMixer/LightMixer/Binaries/Win64/UnrealEditor.modules" 972
"../../../Engine/Plugins/Editor/Localization/PortableObjectFileDataSource/Binaries/Win64/UnrealEditor.modules" 973
"../../../Engine/Plugins/Experimental/Animation/SkeletalMeshModelingTools/Binaries/Win64/UnrealEditor.modules" 974
"../../../Engine/Plugins/Runtime/Windows/XInputDevice/Binaries/Win64/UnrealEditor.modules" 975
"../../../Engine/Plugins/Editor/ContentBrowser/ContentBrowserClassDataSource/Binaries/Win64/UnrealEditor.modules" 976
"../../../Engine/Config/BaseSourceControlSettings.ini" 977
"../../../Engine/Content/Internationalization/icudt64l/coll/ucadata.icu" 978
"../../../Engine/Content/Internationalization/icudt64l/coll/fr.res" 979
"../../../Engine/Content/Internationalization/icudt64l/coll/root.res" 980
"../../../Engine/Content/Certificates/ThirdParty/cacert.pem" 981
"../../../Engine/Config/ConsoleVariables.ini" 982
"../../../Engine/Binaries/Win64/Android/UnrealEditor.modules" 983
"../../../Engine/Binaries/Win64/IOS/UnrealEditor.modules" 984
"../../../Engine/Binaries/Win64/Linux/UnrealEditor.modules" 985
"../../../Engine/Binaries/Win64/LinuxArm64/UnrealEditor.modules" 986
"../../../Engine/Content/Localization/Editor/en/Editor.locres" 987
"../../../Engine/Content/Localization/EditorTutorials/en/EditorTutorials.locres" 988
"../../../Engine/Content/Localization/Keywords/en/Keywords.locres" 989
"../../../Engine/Content/Localization/Category/en/Category.locres" 990
"../../../Engine/Content/Localization/ToolTips/en/ToolTips.locres" 991
"../../../Engine/Content/Localization/PropertyNames/en/PropertyNames.locres" 992
"../../../Engine/Content/Localization/Engine/en/Engine.locres" 993
"../../../Engine/Plugins/Online/OnlineSubsystem/Content/Localization/OnlineSubsystem/en/OnlineSubsystem.locres" 994
"../../../Engine/Plugins/Online/OnlineSubsystemUtils/Content/Localization/OnlineSubsystemUtils/en/OnlineSubsystemUtils.locres" 995
"../../../Engine/Plugins/Online/IOS/OnlineSubsystemIOS/Content/Localization/OnlineSubsystemIOS/en/OnlineSubsystemIOS.locres" 996
"../../../Engine/Plugins/Online/Android/OnlineSubsystemGooglePlay/Content/Localization/OnlineSubsystemGooglePlay/en/OnlineSubsystemGooglePlay.locres" 997
"../../../Engine/Content/Internationalization/icudt64l/numberingSystems.res" 998
"../../../Engine/Content/Internationalization/icudt64l/curr/supplementalData.res" 999
"../../../Engine/Content/Internationalization/icudt64l/curr/fr.res" 1000
"../../../Engine/Content/Internationalization/icudt64l/curr/pool.res" 1001
"../../../Engine/Content/Internationalization/icudt64l/curr/root.res" 1002
"../../../Engine/Content/Internationalization/icudt64l/lang/af.res" 1003
"../../../Engine/Content/Internationalization/icudt64l/region/af.res" 1004
"../../../Engine/Content/Internationalization/icudt64l/lang/agq.res" 1005
"../../../Engine/Content/Internationalization/icudt64l/region/agq.res" 1006
"../../../Engine/Content/Internationalization/icudt64l/lang/ak.res" 1007
"../../../Engine/Content/Internationalization/icudt64l/region/ak.res" 1008
"../../../Engine/Content/Internationalization/icudt64l/lang/am.res" 1009
"../../../Engine/Content/Internationalization/icudt64l/region/am.res" 1010
"../../../Engine/Content/Internationalization/icudt64l/lang/ar.res" 1011
"../../../Engine/Content/Internationalization/icudt64l/region/ar.res" 1012
"../../../Engine/Content/Internationalization/icudt64l/region/ar_AE.res" 1013
"../../../Engine/Content/Internationalization/icudt64l/lang/ar_EG.res" 1014
"../../../Engine/Content/Internationalization/icudt64l/lang/ar_LY.res" 1015
"../../../Engine/Content/Internationalization/icudt64l/region/ar_LY.res" 1016
"../../../Engine/Content/Internationalization/icudt64l/lang/ar_SA.res" 1017
"../../../Engine/Content/Internationalization/icudt64l/region/ar_SA.res" 1018
"../../../Engine/Content/Internationalization/icudt64l/lang/as.res" 1019
"../../../Engine/Content/Internationalization/icudt64l/region/as.res" 1020
"../../../Engine/Content/Internationalization/icudt64l/lang/asa.res" 1021
"../../../Engine/Content/Internationalization/icudt64l/region/asa.res" 1022
"../../../Engine/Content/Internationalization/icudt64l/lang/ast.res" 1023
"../../../Engine/Content/Internationalization/icudt64l/region/ast.res" 1024
"../../../Engine/Content/Internationalization/icudt64l/lang/az.res" 1025
"../../../Engine/Content/Internationalization/icudt64l/lang/az_Cyrl.res" 1026
"../../../Engine/Content/Internationalization/icudt64l/lang/az_AZ.res" 1027
"../../../Engine/Content/Internationalization/icudt64l/lang/az_Latn_AZ.res" 1028
"../../../Engine/Content/Internationalization/icudt64l/lang/az_Latn.res" 1029
"../../../Engine/Content/Internationalization/icudt64l/region/az_AZ.res" 1030
"../../../Engine/Content/Internationalization/icudt64l/region/az_Latn_AZ.res" 1031
"../../../Engine/Content/Internationalization/icudt64l/region/az_Latn.res" 1032
"../../../Engine/Content/Internationalization/icudt64l/region/az.res" 1033
"../../../Engine/Content/Internationalization/icudt64l/region/az_Cyrl.res" 1034
"../../../Engine/Content/Internationalization/icudt64l/lang/bas.res" 1035
"../../../Engine/Content/Internationalization/icudt64l/region/bas.res" 1036
"../../../Engine/Content/Internationalization/icudt64l/lang/be.res" 1037
"../../../Engine/Content/Internationalization/icudt64l/region/be.res" 1038
"../../../Engine/Content/Internationalization/icudt64l/lang/bem.res" 1039
"../../../Engine/Content/Internationalization/icudt64l/region/bem.res" 1040
"../../../Engine/Content/Internationalization/icudt64l/lang/bez.res" 1041
"../../../Engine/Content/Internationalization/icudt64l/region/bez.res" 1042
"../../../Engine/Content/Internationalization/icudt64l/lang/bg.res" 1043
"../../../Engine/Content/Internationalization/icudt64l/region/bg.res" 1044
"../../../Engine/Content/Internationalization/icudt64l/lang/bm.res" 1045
"../../../Engine/Content/Internationalization/icudt64l/region/bm.res" 1046
"../../../Engine/Content/Internationalization/icudt64l/lang/bn.res" 1047
"../../../Engine/Content/Internationalization/icudt64l/region/bn.res" 1048
"../../../Engine/Content/Internationalization/icudt64l/lang/bn_IN.res" 1049
"../../../Engine/Content/Internationalization/icudt64l/region/bn_IN.res" 1050
"../../../Engine/Content/Internationalization/icudt64l/lang/bo.res" 1051
"../../../Engine/Content/Internationalization/icudt64l/region/bo.res" 1052
"../../../Engine/Content/Internationalization/icudt64l/region/bo_IN.res" 1053
"../../../Engine/Content/Internationalization/icudt64l/lang/br.res" 1054
"../../../Engine/Content/Internationalization/icudt64l/region/br.res" 1055
"../../../Engine/Content/Internationalization/icudt64l/lang/brx.res" 1056
"../../../Engine/Content/Internationalization/icudt64l/region/brx.res" 1057
"../../../Engine/Content/Internationalization/icudt64l/lang/bs.res" 1058
"../../../Engine/Content/Internationalization/icudt64l/lang/bs_Cyrl.res" 1059
"../../../Engine/Content/Internationalization/icudt64l/lang/bs_BA.res" 1060
"../../../Engine/Content/Internationalization/icudt64l/lang/bs_Latn_BA.res" 1061
"../../../Engine/Content/Internationalization/icudt64l/lang/bs_Latn.res" 1062
"../../../Engine/Content/Internationalization/icudt64l/region/bs_BA.res" 1063
"../../../Engine/Content/Internationalization/icudt64l/region/bs_Latn_BA.res" 1064
"../../../Engine/Content/Internationalization/icudt64l/region/bs_Latn.res" 1065
"../../../Engine/Content/Internationalization/icudt64l/region/bs.res" 1066
"../../../Engine/Content/Internationalization/icudt64l/region/bs_Cyrl.res" 1067
"../../../Engine/Content/Internationalization/icudt64l/lang/ca.res" 1068
"../../../Engine/Content/Internationalization/icudt64l/region/ca.res" 1069
"../../../Engine/Content/Internationalization/icudt64l/lang/ccp.res" 1070
"../../../Engine/Content/Internationalization/icudt64l/region/ccp.res" 1071
"../../../Engine/Content/Internationalization/icudt64l/lang/ce.res" 1072
"../../../Engine/Content/Internationalization/icudt64l/region/ce.res" 1073
"../../../Engine/Content/Internationalization/icudt64l/lang/ceb.res" 1074
"../../../Engine/Content/Internationalization/icudt64l/region/ceb.res" 1075
"../../../Engine/Content/Internationalization/icudt64l/lang/cgg.res" 1076
"../../../Engine/Content/Internationalization/icudt64l/region/cgg.res" 1077
"../../../Engine/Content/Internationalization/icudt64l/lang/chr.res" 1078
"../../../Engine/Content/Internationalization/icudt64l/region/chr.res" 1079
"../../../Engine/Content/Internationalization/icudt64l/lang/ckb.res" 1080
"../../../Engine/Content/Internationalization/icudt64l/region/ckb.res" 1081
"../../../Engine/Content/Internationalization/icudt64l/lang/cs.res" 1082
"../../../Engine/Content/Internationalization/icudt64l/region/cs.res" 1083
"../../../Engine/Content/Internationalization/icudt64l/lang/cy.res" 1084
"../../../Engine/Content/Internationalization/icudt64l/region/cy.res" 1085
"../../../Engine/Content/Internationalization/icudt64l/lang/da.res" 1086
"../../../Engine/Content/Internationalization/icudt64l/region/da.res" 1087
"../../../Engine/Content/Internationalization/icudt64l/lang/dav.res" 1088
"../../../Engine/Content/Internationalization/icudt64l/region/dav.res" 1089
"../../../Engine/Content/Internationalization/icudt64l/lang/de.res" 1090
"../../../Engine/Content/Internationalization/icudt64l/lang/de_AT.res" 1091
"../../../Engine/Content/Internationalization/icudt64l/region/de_AT.res" 1092
"../../../Engine/Content/Internationalization/icudt64l/region/de.res" 1093
"../../../Engine/Content/Internationalization/icudt64l/lang/de_CH.res" 1094
"../../../Engine/Content/Internationalization/icudt64l/region/de_CH.res" 1095
"../../../Engine/Content/Internationalization/icudt64l/lang/de_LU.res" 1096
"../../../Engine/Content/Internationalization/icudt64l/lang/dje.res" 1097
"../../../Engine/Content/Internationalization/icudt64l/region/dje.res" 1098
"../../../Engine/Content/Internationalization/icudt64l/lang/dsb.res" 1099
"../../../Engine/Content/Internationalization/icudt64l/region/dsb.res" 1100
"../../../Engine/Content/Internationalization/icudt64l/lang/dua.res" 1101
"../../../Engine/Content/Internationalization/icudt64l/region/dua.res" 1102
"../../../Engine/Content/Internationalization/icudt64l/lang/dyo.res" 1103
"../../../Engine/Content/Internationalization/icudt64l/region/dyo.res" 1104
"../../../Engine/Content/Internationalization/icudt64l/lang/dz.res" 1105
"../../../Engine/Content/Internationalization/icudt64l/region/dz.res" 1106
"../../../Engine/Content/Internationalization/icudt64l/lang/ebu.res" 1107
"../../../Engine/Content/Internationalization/icudt64l/region/ebu.res" 1108
"../../../Engine/Content/Internationalization/icudt64l/lang/ee.res" 1109
"../../../Engine/Content/Internationalization/icudt64l/region/ee.res" 1110
"../../../Engine/Content/Internationalization/icudt64l/lang/el.res" 1111
"../../../Engine/Content/Internationalization/icudt64l/region/el.res" 1112
"../../../Engine/Content/Internationalization/icudt64l/lang/en_001.res" 1113
"../../../Engine/Content/Internationalization/icudt64l/lang/en_150.res" 1114
"../../../Engine/Content/Internationalization/icudt64l/region/en_150.res" 1115
"../../../Engine/Content/Internationalization/icudt64l/lang/en_AG.res" 1116
"../../../Engine/Content/Internationalization/icudt64l/region/en_AG.res" 1117
"../../../Engine/Content/Internationalization/icudt64l/lang/en_AI.res" 1118
"../../../Engine/Content/Internationalization/icudt64l/region/en_AI.res" 1119
"../../../Engine/Content/Internationalization/icudt64l/lang/en_AT.res" 1120
"../../../Engine/Content/Internationalization/icudt64l/region/en_AT.res" 1121
"../../../Engine/Content/Internationalization/icudt64l/lang/en_AU.res" 1122
"../../../Engine/Content/Internationalization/icudt64l/region/en_AU.res" 1123
"../../../Engine/Content/Internationalization/icudt64l/lang/en_BB.res" 1124
"../../../Engine/Content/Internationalization/icudt64l/region/en_BB.res" 1125
"../../../Engine/Content/Internationalization/icudt64l/lang/en_BE.res" 1126
"../../../Engine/Content/Internationalization/icudt64l/region/en_BE.res" 1127
"../../../Engine/Content/Internationalization/icudt64l/lang/en_BM.res" 1128
"../../../Engine/Content/Internationalization/icudt64l/region/en_BM.res" 1129
"../../../Engine/Content/Internationalization/icudt64l/lang/en_BS.res" 1130
"../../../Engine/Content/Internationalization/icudt64l/region/en_BS.res" 1131
"../../../Engine/Content/Internationalization/icudt64l/lang/en_BW.res" 1132
"../../../Engine/Content/Internationalization/icudt64l/region/en_BW.res" 1133
"../../../Engine/Content/Internationalization/icudt64l/lang/en_BZ.res" 1134
"../../../Engine/Content/Internationalization/icudt64l/region/en_BZ.res" 1135
"../../../Engine/Content/Internationalization/icudt64l/lang/en_CA.res" 1136
"../../../Engine/Content/Internationalization/icudt64l/region/en_CA.res" 1137
"../../../Engine/Content/Internationalization/icudt64l/lang/en_CC.res" 1138
"../../../Engine/Content/Internationalization/icudt64l/region/en_CC.res" 1139
"../../../Engine/Content/Internationalization/icudt64l/lang/en_CH.res" 1140
"../../../Engine/Content/Internationalization/icudt64l/region/en_CH.res" 1141
"../../../Engine/Content/Internationalization/icudt64l/lang/en_CK.res" 1142
"../../../Engine/Content/Internationalization/icudt64l/region/en_CK.res" 1143
"../../../Engine/Content/Internationalization/icudt64l/lang/en_CM.res" 1144
"../../../Engine/Content/Internationalization/icudt64l/region/en_CM.res" 1145
"../../../Engine/Content/Internationalization/icudt64l/lang/en_CX.res" 1146
"../../../Engine/Content/Internationalization/icudt64l/region/en_CX.res" 1147
"../../../Engine/Content/Internationalization/icudt64l/lang/en_CY.res" 1148
"../../../Engine/Content/Internationalization/icudt64l/region/en_CY.res" 1149
"../../../Engine/Content/Internationalization/icudt64l/lang/en_DE.res" 1150
"../../../Engine/Content/Internationalization/icudt64l/region/en_DE.res" 1151
"../../../Engine/Content/Internationalization/icudt64l/lang/en_DG.res" 1152
"../../../Engine/Content/Internationalization/icudt64l/region/en_DG.res" 1153
"../../../Engine/Content/Internationalization/icudt64l/lang/en_DK.res" 1154
"../../../Engine/Content/Internationalization/icudt64l/region/en_DK.res" 1155
"../../../Engine/Content/Internationalization/icudt64l/lang/en_DM.res" 1156
"../../../Engine/Content/Internationalization/icudt64l/region/en_DM.res" 1157
"../../../Engine/Content/Internationalization/icudt64l/lang/en_ER.res" 1158
"../../../Engine/Content/Internationalization/icudt64l/region/en_ER.res" 1159
"../../../Engine/Content/Internationalization/icudt64l/lang/en_FI.res" 1160
"../../../Engine/Content/Internationalization/icudt64l/region/en_FI.res" 1161
"../../../Engine/Content/Internationalization/icudt64l/lang/en_FJ.res" 1162
"../../../Engine/Content/Internationalization/icudt64l/region/en_FJ.res" 1163
"../../../Engine/Content/Internationalization/icudt64l/lang/en_FK.res" 1164
"../../../Engine/Content/Internationalization/icudt64l/region/en_FK.res" 1165
"../../../Engine/Content/Internationalization/icudt64l/lang/en_FM.res" 1166
"../../../Engine/Content/Internationalization/icudt64l/region/en_FM.res" 1167
"../../../Engine/Content/Internationalization/icudt64l/lang/en_GB.res" 1168
"../../../Engine/Content/Internationalization/icudt64l/region/en_GB.res" 1169
"../../../Engine/Content/Internationalization/icudt64l/lang/en_GD.res" 1170
"../../../Engine/Content/Internationalization/icudt64l/region/en_GD.res" 1171
"../../../Engine/Content/Internationalization/icudt64l/lang/en_GG.res" 1172
"../../../Engine/Content/Internationalization/icudt64l/region/en_GG.res" 1173
"../../../Engine/Content/Internationalization/icudt64l/lang/en_GH.res" 1174
"../../../Engine/Content/Internationalization/icudt64l/region/en_GH.res" 1175
"../../../Engine/Content/Internationalization/icudt64l/lang/en_GI.res" 1176
"../../../Engine/Content/Internationalization/icudt64l/region/en_GI.res" 1177
"../../../Engine/Content/Internationalization/icudt64l/lang/en_GM.res" 1178
"../../../Engine/Content/Internationalization/icudt64l/region/en_GM.res" 1179
"../../../Engine/Content/Internationalization/icudt64l/lang/en_GY.res" 1180
"../../../Engine/Content/Internationalization/icudt64l/region/en_GY.res" 1181
"../../../Engine/Content/Internationalization/icudt64l/lang/en_HK.res" 1182
"../../../Engine/Content/Internationalization/icudt64l/region/en_HK.res" 1183
"../../../Engine/Content/Internationalization/icudt64l/lang/en_IE.res" 1184
"../../../Engine/Content/Internationalization/icudt64l/region/en_IE.res" 1185
"../../../Engine/Content/Internationalization/icudt64l/lang/en_IL.res" 1186
"../../../Engine/Content/Internationalization/icudt64l/region/en_IL.res" 1187
"../../../Engine/Content/Internationalization/icudt64l/lang/en_IM.res" 1188
"../../../Engine/Content/Internationalization/icudt64l/region/en_IM.res" 1189
"../../../Engine/Content/Internationalization/icudt64l/lang/en_IN.res" 1190
"../../../Engine/Content/Internationalization/icudt64l/region/en_IN.res" 1191
"../../../Engine/Content/Internationalization/icudt64l/lang/en_IO.res" 1192
"../../../Engine/Content/Internationalization/icudt64l/region/en_IO.res" 1193
"../../../Engine/Content/Internationalization/icudt64l/lang/en_JE.res" 1194
"../../../Engine/Content/Internationalization/icudt64l/region/en_JE.res" 1195
"../../../Engine/Content/Internationalization/icudt64l/lang/en_JM.res" 1196
"../../../Engine/Content/Internationalization/icudt64l/region/en_JM.res" 1197
"../../../Engine/Content/Internationalization/icudt64l/lang/en_KE.res" 1198
"../../../Engine/Content/Internationalization/icudt64l/region/en_KE.res" 1199
"../../../Engine/Content/Internationalization/icudt64l/lang/en_KI.res" 1200
"../../../Engine/Content/Internationalization/icudt64l/region/en_KI.res" 1201
"../../../Engine/Content/Internationalization/icudt64l/lang/en_KN.res" 1202
"../../../Engine/Content/Internationalization/icudt64l/region/en_KN.res" 1203
"../../../Engine/Content/Internationalization/icudt64l/lang/en_KY.res" 1204
"../../../Engine/Content/Internationalization/icudt64l/region/en_KY.res" 1205
"../../../Engine/Content/Internationalization/icudt64l/lang/en_LC.res" 1206
"../../../Engine/Content/Internationalization/icudt64l/region/en_LC.res" 1207
"../../../Engine/Content/Internationalization/icudt64l/lang/en_LR.res" 1208
"../../../Engine/Content/Internationalization/icudt64l/region/en_LR.res" 1209
"../../../Engine/Content/Internationalization/icudt64l/lang/en_LS.res" 1210
"../../../Engine/Content/Internationalization/icudt64l/region/en_LS.res" 1211
"../../../Engine/Content/Internationalization/icudt64l/lang/en_MG.res" 1212
"../../../Engine/Content/Internationalization/icudt64l/region/en_MG.res" 1213
"../../../Engine/Content/Internationalization/icudt64l/lang/en_MO.res" 1214
"../../../Engine/Content/Internationalization/icudt64l/region/en_MO.res" 1215
"../../../Engine/Content/Internationalization/icudt64l/lang/en_MS.res" 1216
"../../../Engine/Content/Internationalization/icudt64l/region/en_MS.res" 1217
"../../../Engine/Content/Internationalization/icudt64l/lang/en_MT.res" 1218
"../../../Engine/Content/Internationalization/icudt64l/region/en_MT.res" 1219
"../../../Engine/Content/Internationalization/icudt64l/lang/en_MU.res" 1220
"../../../Engine/Content/Internationalization/icudt64l/region/en_MU.res" 1221
"../../../Engine/Content/Internationalization/icudt64l/lang/en_MW.res" 1222
"../../../Engine/Content/Internationalization/icudt64l/region/en_MW.res" 1223
"../../../Engine/Content/Internationalization/icudt64l/lang/en_MY.res" 1224
"../../../Engine/Content/Internationalization/icudt64l/region/en_MY.res" 1225
"../../../Engine/Content/Internationalization/icudt64l/lang/en_NA.res" 1226
"../../../Engine/Content/Internationalization/icudt64l/region/en_NA.res" 1227
"../../../Engine/Content/Internationalization/icudt64l/lang/en_NF.res" 1228
"../../../Engine/Content/Internationalization/icudt64l/region/en_NF.res" 1229
"../../../Engine/Content/Internationalization/icudt64l/lang/en_NG.res" 1230
"../../../Engine/Content/Internationalization/icudt64l/region/en_NG.res" 1231
"../../../Engine/Content/Internationalization/icudt64l/lang/en_NL.res" 1232
"../../../Engine/Content/Internationalization/icudt64l/region/en_NL.res" 1233
"../../../Engine/Content/Internationalization/icudt64l/lang/en_NR.res" 1234
"../../../Engine/Content/Internationalization/icudt64l/region/en_NR.res" 1235
"../../../Engine/Content/Internationalization/icudt64l/lang/en_NU.res" 1236
"../../../Engine/Content/Internationalization/icudt64l/region/en_NU.res" 1237
"../../../Engine/Content/Internationalization/icudt64l/lang/en_NZ.res" 1238
"../../../Engine/Content/Internationalization/icudt64l/region/en_NZ.res" 1239
"../../../Engine/Content/Internationalization/icudt64l/lang/en_PG.res" 1240
"../../../Engine/Content/Internationalization/icudt64l/region/en_PG.res" 1241
"../../../Engine/Content/Internationalization/icudt64l/lang/en_PH.res" 1242
"../../../Engine/Content/Internationalization/icudt64l/region/en_PH.res" 1243
"../../../Engine/Content/Internationalization/icudt64l/lang/en_PK.res" 1244
"../../../Engine/Content/Internationalization/icudt64l/region/en_PK.res" 1245
"../../../Engine/Content/Internationalization/icudt64l/lang/en_PN.res" 1246
"../../../Engine/Content/Internationalization/icudt64l/region/en_PN.res" 1247
"../../../Engine/Content/Internationalization/icudt64l/lang/en_PW.res" 1248
"../../../Engine/Content/Internationalization/icudt64l/region/en_PW.res" 1249
"../../../Engine/Content/Internationalization/icudt64l/lang/en_RW.res" 1250
"../../../Engine/Content/Internationalization/icudt64l/region/en_RW.res" 1251
"../../../Engine/Content/Internationalization/icudt64l/lang/en_SB.res" 1252
"../../../Engine/Content/Internationalization/icudt64l/region/en_SB.res" 1253
"../../../Engine/Content/Internationalization/icudt64l/lang/en_SC.res" 1254
"../../../Engine/Content/Internationalization/icudt64l/region/en_SC.res" 1255
"../../../Engine/Content/Internationalization/icudt64l/lang/en_SD.res" 1256
"../../../Engine/Content/Internationalization/icudt64l/region/en_SD.res" 1257
"../../../Engine/Content/Internationalization/icudt64l/lang/en_SE.res" 1258
"../../../Engine/Content/Internationalization/icudt64l/region/en_SE.res" 1259
"../../../Engine/Content/Internationalization/icudt64l/lang/en_SG.res" 1260
"../../../Engine/Content/Internationalization/icudt64l/region/en_SG.res" 1261
"../../../Engine/Content/Internationalization/icudt64l/lang/en_SH.res" 1262
"../../../Engine/Content/Internationalization/icudt64l/region/en_SH.res" 1263
"../../../Engine/Content/Internationalization/icudt64l/lang/en_SI.res" 1264
"../../../Engine/Content/Internationalization/icudt64l/region/en_SI.res" 1265
"../../../Engine/Content/Internationalization/icudt64l/lang/en_SL.res" 1266
"../../../Engine/Content/Internationalization/icudt64l/region/en_SL.res" 1267
"../../../Engine/Content/Internationalization/icudt64l/lang/en_SS.res" 1268
"../../../Engine/Content/Internationalization/icudt64l/region/en_SS.res" 1269
"../../../Engine/Content/Internationalization/icudt64l/lang/en_SX.res" 1270
"../../../Engine/Content/Internationalization/icudt64l/region/en_SX.res" 1271
"../../../Engine/Content/Internationalization/icudt64l/lang/en_SZ.res" 1272
"../../../Engine/Content/Internationalization/icudt64l/region/en_SZ.res" 1273
"../../../Engine/Content/Internationalization/icudt64l/lang/en_TC.res" 1274
"../../../Engine/Content/Internationalization/icudt64l/region/en_TC.res" 1275
"../../../Engine/Content/Internationalization/icudt64l/lang/en_TK.res" 1276
"../../../Engine/Content/Internationalization/icudt64l/region/en_TK.res" 1277
"../../../Engine/Content/Internationalization/icudt64l/lang/en_TO.res" 1278
"../../../Engine/Content/Internationalization/icudt64l/region/en_TO.res" 1279
"../../../Engine/Content/Internationalization/icudt64l/lang/en_TT.res" 1280
"../../../Engine/Content/Internationalization/icudt64l/region/en_TT.res" 1281
"../../../Engine/Content/Internationalization/icudt64l/lang/en_TV.res" 1282
"../../../Engine/Content/Internationalization/icudt64l/region/en_TV.res" 1283
"../../../Engine/Content/Internationalization/icudt64l/lang/en_TZ.res" 1284
"../../../Engine/Content/Internationalization/icudt64l/region/en_TZ.res" 1285
"../../../Engine/Content/Internationalization/icudt64l/lang/en_UG.res" 1286
"../../../Engine/Content/Internationalization/icudt64l/region/en_UG.res" 1287
"../../../Engine/Content/Internationalization/icudt64l/lang/en_VC.res" 1288
"../../../Engine/Content/Internationalization/icudt64l/region/en_VC.res" 1289
"../../../Engine/Content/Internationalization/icudt64l/lang/en_VG.res" 1290
"../../../Engine/Content/Internationalization/icudt64l/region/en_VG.res" 1291
"../../../Engine/Content/Internationalization/icudt64l/lang/en_VU.res" 1292
"../../../Engine/Content/Internationalization/icudt64l/region/en_VU.res" 1293
"../../../Engine/Content/Internationalization/icudt64l/lang/en_WS.res" 1294
"../../../Engine/Content/Internationalization/icudt64l/region/en_WS.res" 1295
"../../../Engine/Content/Internationalization/icudt64l/lang/en_ZA.res" 1296
"../../../Engine/Content/Internationalization/icudt64l/region/en_ZA.res" 1297
"../../../Engine/Content/Internationalization/icudt64l/lang/en_ZM.res" 1298
"../../../Engine/Content/Internationalization/icudt64l/region/en_ZM.res" 1299
"../../../Engine/Content/Internationalization/icudt64l/lang/en_ZW.res" 1300
"../../../Engine/Content/Internationalization/icudt64l/region/en_ZW.res" 1301
"../../../Engine/Content/Internationalization/icudt64l/lang/eo.res" 1302
"../../../Engine/Content/Internationalization/icudt64l/region/eo.res" 1303
"../../../Engine/Content/Internationalization/icudt64l/lang/es.res" 1304
"../../../Engine/Content/Internationalization/icudt64l/lang/es_419.res" 1305
"../../../Engine/Content/Internationalization/icudt64l/region/es_419.res" 1306
"../../../Engine/Content/Internationalization/icudt64l/region/es.res" 1307
"../../../Engine/Content/Internationalization/icudt64l/lang/es_AR.res" 1308
"../../../Engine/Content/Internationalization/icudt64l/region/es_AR.res" 1309
"../../../Engine/Content/Internationalization/icudt64l/lang/es_BO.res" 1310
"../../../Engine/Content/Internationalization/icudt64l/region/es_BO.res" 1311
"../../../Engine/Content/Internationalization/icudt64l/lang/es_BR.res" 1312
"../../../Engine/Content/Internationalization/icudt64l/region/es_BR.res" 1313
"../../../Engine/Content/Internationalization/icudt64l/lang/es_BZ.res" 1314
"../../../Engine/Content/Internationalization/icudt64l/region/es_BZ.res" 1315
"../../../Engine/Content/Internationalization/icudt64l/lang/es_CL.res" 1316
"../../../Engine/Content/Internationalization/icudt64l/region/es_CL.res" 1317
"../../../Engine/Content/Internationalization/icudt64l/lang/es_CO.res" 1318
"../../../Engine/Content/Internationalization/icudt64l/region/es_CO.res" 1319
"../../../Engine/Content/Internationalization/icudt64l/lang/es_CR.res" 1320
"../../../Engine/Content/Internationalization/icudt64l/region/es_CR.res" 1321
"../../../Engine/Content/Internationalization/icudt64l/lang/es_CU.res" 1322
"../../../Engine/Content/Internationalization/icudt64l/region/es_CU.res" 1323
"../../../Engine/Content/Internationalization/icudt64l/lang/es_DO.res" 1324
"../../../Engine/Content/Internationalization/icudt64l/region/es_DO.res" 1325
"../../../Engine/Content/Internationalization/icudt64l/lang/es_EC.res" 1326
"../../../Engine/Content/Internationalization/icudt64l/region/es_EC.res" 1327
"../../../Engine/Content/Internationalization/icudt64l/lang/es_GT.res" 1328
"../../../Engine/Content/Internationalization/icudt64l/region/es_GT.res" 1329
"../../../Engine/Content/Internationalization/icudt64l/lang/es_HN.res" 1330
"../../../Engine/Content/Internationalization/icudt64l/region/es_HN.res" 1331
"../../../Engine/Content/Internationalization/icudt64l/lang/es_MX.res" 1332
"../../../Engine/Content/Internationalization/icudt64l/region/es_MX.res" 1333
"../../../Engine/Content/Internationalization/icudt64l/lang/es_NI.res" 1334
"../../../Engine/Content/Internationalization/icudt64l/region/es_NI.res" 1335
"../../../Engine/Content/Internationalization/icudt64l/lang/es_PA.res" 1336
"../../../Engine/Content/Internationalization/icudt64l/region/es_PA.res" 1337
"../../../Engine/Content/Internationalization/icudt64l/lang/es_PE.res" 1338
"../../../Engine/Content/Internationalization/icudt64l/region/es_PE.res" 1339
"../../../Engine/Content/Internationalization/icudt64l/lang/es_PR.res" 1340
"../../../Engine/Content/Internationalization/icudt64l/region/es_PR.res" 1341
"../../../Engine/Content/Internationalization/icudt64l/lang/es_PY.res" 1342
"../../../Engine/Content/Internationalization/icudt64l/region/es_PY.res" 1343
"../../../Engine/Content/Internationalization/icudt64l/lang/es_SV.res" 1344
"../../../Engine/Content/Internationalization/icudt64l/region/es_SV.res" 1345
"../../../Engine/Content/Internationalization/icudt64l/lang/es_US.res" 1346
"../../../Engine/Content/Internationalization/icudt64l/region/es_US.res" 1347
"../../../Engine/Content/Internationalization/icudt64l/lang/es_UY.res" 1348
"../../../Engine/Content/Internationalization/icudt64l/region/es_UY.res" 1349
"../../../Engine/Content/Internationalization/icudt64l/lang/es_VE.res" 1350
"../../../Engine/Content/Internationalization/icudt64l/region/es_VE.res" 1351
"../../../Engine/Content/Internationalization/icudt64l/lang/et.res" 1352
"../../../Engine/Content/Internationalization/icudt64l/region/et.res" 1353
"../../../Engine/Content/Internationalization/icudt64l/lang/eu.res" 1354
"../../../Engine/Content/Internationalization/icudt64l/region/eu.res" 1355
"../../../Engine/Content/Internationalization/icudt64l/lang/ewo.res" 1356
"../../../Engine/Content/Internationalization/icudt64l/region/ewo.res" 1357
"../../../Engine/Content/Internationalization/icudt64l/lang/fa.res" 1358
"../../../Engine/Content/Internationalization/icudt64l/lang/fa_AF.res" 1359
"../../../Engine/Content/Internationalization/icudt64l/region/fa_AF.res" 1360
"../../../Engine/Content/Internationalization/icudt64l/region/fa.res" 1361
"../../../Engine/Content/Internationalization/icudt64l/lang/ff.res" 1362
"../../../Engine/Content/Internationalization/icudt64l/lang/ff_Latn.res" 1363
"../../../Engine/Content/Internationalization/icudt64l/region/ff.res" 1364
"../../../Engine/Content/Internationalization/icudt64l/region/ff_Latn.res" 1365
"../../../Engine/Content/Internationalization/icudt64l/lang/ff_CM.res" 1366
"../../../Engine/Content/Internationalization/icudt64l/lang/ff_Latn_CM.res" 1367
"../../../Engine/Content/Internationalization/icudt64l/region/ff_CM.res" 1368
"../../../Engine/Content/Internationalization/icudt64l/region/ff_Latn_CM.res" 1369
"../../../Engine/Content/Internationalization/icudt64l/lang/ff_GN.res" 1370
"../../../Engine/Content/Internationalization/icudt64l/lang/ff_Latn_GN.res" 1371
"../../../Engine/Content/Internationalization/icudt64l/region/ff_GN.res" 1372
"../../../Engine/Content/Internationalization/icudt64l/region/ff_Latn_GN.res" 1373
"../../../Engine/Content/Internationalization/icudt64l/lang/ff_MR.res" 1374
"../../../Engine/Content/Internationalization/icudt64l/lang/ff_Latn_MR.res" 1375
"../../../Engine/Content/Internationalization/icudt64l/region/ff_MR.res" 1376
"../../../Engine/Content/Internationalization/icudt64l/region/ff_Latn_MR.res" 1377
"../../../Engine/Content/Internationalization/icudt64l/lang/ff_SN.res" 1378
"../../../Engine/Content/Internationalization/icudt64l/lang/ff_Latn_SN.res" 1379
"../../../Engine/Content/Internationalization/icudt64l/region/ff_SN.res" 1380
"../../../Engine/Content/Internationalization/icudt64l/region/ff_Latn_SN.res" 1381
"../../../Engine/Content/Internationalization/icudt64l/lang/fi.res" 1382
"../../../Engine/Content/Internationalization/icudt64l/region/fi.res" 1383
"../../../Engine/Content/Internationalization/icudt64l/lang/fil.res" 1384
"../../../Engine/Content/Internationalization/icudt64l/lang/fil_PH.res" 1385
"../../../Engine/Content/Internationalization/icudt64l/region/fil_PH.res" 1386
"../../../Engine/Content/Internationalization/icudt64l/region/fil.res" 1387
"../../../Engine/Content/Internationalization/icudt64l/lang/fo.res" 1388
"../../../Engine/Content/Internationalization/icudt64l/region/fo.res" 1389
"../../../Engine/Content/Internationalization/icudt64l/lang/fr_BE.res" 1390
"../../../Engine/Content/Internationalization/icudt64l/region/fr_BE.res" 1391
"../../../Engine/Content/Internationalization/icudt64l/lang/fr_CA.res" 1392
"../../../Engine/Content/Internationalization/icudt64l/region/fr_CA.res" 1393
"../../../Engine/Content/Internationalization/icudt64l/lang/fr_CH.res" 1394
"../../../Engine/Content/Internationalization/icudt64l/lang/fur.res" 1395
"../../../Engine/Content/Internationalization/icudt64l/region/fur.res" 1396
"../../../Engine/Content/Internationalization/icudt64l/lang/fy.res" 1397
"../../../Engine/Content/Internationalization/icudt64l/region/fy.res" 1398
"../../../Engine/Content/Internationalization/icudt64l/lang/ga.res" 1399
"../../../Engine/Content/Internationalization/icudt64l/region/ga.res" 1400
"../../../Engine/Content/Internationalization/icudt64l/lang/gd.res" 1401
"../../../Engine/Content/Internationalization/icudt64l/region/gd.res" 1402
"../../../Engine/Content/Internationalization/icudt64l/lang/gl.res" 1403
"../../../Engine/Content/Internationalization/icudt64l/region/gl.res" 1404
"../../../Engine/Content/Internationalization/icudt64l/lang/gsw.res" 1405
"../../../Engine/Content/Internationalization/icudt64l/region/gsw.res" 1406
"../../../Engine/Content/Internationalization/icudt64l/lang/gu.res" 1407
"../../../Engine/Content/Internationalization/icudt64l/region/gu.res" 1408
"../../../Engine/Content/Internationalization/icudt64l/lang/guz.res" 1409
"../../../Engine/Content/Internationalization/icudt64l/region/guz.res" 1410
"../../../Engine/Content/Internationalization/icudt64l/lang/gv.res" 1411
"../../../Engine/Content/Internationalization/icudt64l/region/gv.res" 1412
"../../../Engine/Content/Internationalization/icudt64l/lang/ha.res" 1413
"../../../Engine/Content/Internationalization/icudt64l/region/ha.res" 1414
"../../../Engine/Content/Internationalization/icudt64l/lang/ha_NE.res" 1415
"../../../Engine/Content/Internationalization/icudt64l/region/ha_NE.res" 1416
"../../../Engine/Content/Internationalization/icudt64l/lang/haw.res" 1417
"../../../Engine/Content/Internationalization/icudt64l/region/haw.res" 1418
"../../../Engine/Content/Internationalization/icudt64l/lang/he.res" 1419
"../../../Engine/Content/Internationalization/icudt64l/lang/he_IL.res" 1420
"../../../Engine/Content/Internationalization/icudt64l/region/he_IL.res" 1421
"../../../Engine/Content/Internationalization/icudt64l/region/he.res" 1422
"../../../Engine/Content/Internationalization/icudt64l/lang/hi.res" 1423
"../../../Engine/Content/Internationalization/icudt64l/region/hi.res" 1424
"../../../Engine/Content/Internationalization/icudt64l/lang/hr.res" 1425
"../../../Engine/Content/Internationalization/icudt64l/region/hr.res" 1426
"../../../Engine/Content/Internationalization/icudt64l/lang/hsb.res" 1427
"../../../Engine/Content/Internationalization/icudt64l/region/hsb.res" 1428
"../../../Engine/Content/Internationalization/icudt64l/lang/hu.res" 1429
"../../../Engine/Content/Internationalization/icudt64l/region/hu.res" 1430
"../../../Engine/Content/Internationalization/icudt64l/lang/hy.res" 1431
"../../../Engine/Content/Internationalization/icudt64l/region/hy.res" 1432
"../../../Engine/Content/Internationalization/icudt64l/lang/ia.res" 1433
"../../../Engine/Content/Internationalization/icudt64l/region/ia.res" 1434
"../../../Engine/Content/Internationalization/icudt64l/lang/id.res" 1435
"../../../Engine/Content/Internationalization/icudt64l/lang/id_ID.res" 1436
"../../../Engine/Content/Internationalization/icudt64l/region/id_ID.res" 1437
"../../../Engine/Content/Internationalization/icudt64l/region/id.res" 1438
"../../../Engine/Content/Internationalization/icudt64l/lang/ig.res" 1439
"../../../Engine/Content/Internationalization/icudt64l/region/ig.res" 1440
"../../../Engine/Content/Internationalization/icudt64l/lang/ii.res" 1441
"../../../Engine/Content/Internationalization/icudt64l/region/ii.res" 1442
"../../../Engine/Content/Internationalization/icudt64l/lang/is.res" 1443
"../../../Engine/Content/Internationalization/icudt64l/region/is.res" 1444
"../../../Engine/Content/Internationalization/icudt64l/lang/it.res" 1445
"../../../Engine/Content/Internationalization/icudt64l/region/it.res" 1446
"../../../Engine/Content/Internationalization/icudt64l/lang/ja.res" 1447
"../../../Engine/Content/Internationalization/icudt64l/lang/ja_JP.res" 1448
"../../../Engine/Content/Internationalization/icudt64l/region/ja_JP.res" 1449
"../../../Engine/Content/Internationalization/icudt64l/region/ja.res" 1450
"../../../Engine/Content/Internationalization/icudt64l/lang/jgo.res" 1451
"../../../Engine/Content/Internationalization/icudt64l/region/jgo.res" 1452
"../../../Engine/Content/Internationalization/icudt64l/lang/jmc.res" 1453
"../../../Engine/Content/Internationalization/icudt64l/region/jmc.res" 1454
"../../../Engine/Content/Internationalization/icudt64l/lang/jv.res" 1455
"../../../Engine/Content/Internationalization/icudt64l/region/jv.res" 1456
"../../../Engine/Content/Internationalization/icudt64l/lang/ka.res" 1457
"../../../Engine/Content/Internationalization/icudt64l/region/ka.res" 1458
"../../../Engine/Content/Internationalization/icudt64l/lang/kab.res" 1459
"../../../Engine/Content/Internationalization/icudt64l/region/kab.res" 1460
"../../../Engine/Content/Internationalization/icudt64l/lang/kam.res" 1461
"../../../Engine/Content/Internationalization/icudt64l/region/kam.res" 1462
"../../../Engine/Content/Internationalization/icudt64l/lang/kde.res" 1463
"../../../Engine/Content/Internationalization/icudt64l/region/kde.res" 1464
"../../../Engine/Content/Internationalization/icudt64l/lang/kea.res" 1465
"../../../Engine/Content/Internationalization/icudt64l/region/kea.res" 1466
"../../../Engine/Content/Internationalization/icudt64l/lang/khq.res" 1467
"../../../Engine/Content/Internationalization/icudt64l/region/khq.res" 1468
"../../../Engine/Content/Internationalization/icudt64l/lang/ki.res" 1469
"../../../Engine/Content/Internationalization/icudt64l/region/ki.res" 1470
"../../../Engine/Content/Internationalization/icudt64l/lang/kk.res" 1471
"../../../Engine/Content/Internationalization/icudt64l/region/kk.res" 1472
"../../../Engine/Content/Internationalization/icudt64l/lang/kkj.res" 1473
"../../../Engine/Content/Internationalization/icudt64l/region/kkj.res" 1474
"../../../Engine/Content/Internationalization/icudt64l/lang/kl.res" 1475
"../../../Engine/Content/Internationalization/icudt64l/region/kl.res" 1476
"../../../Engine/Content/Internationalization/icudt64l/lang/kln.res" 1477
"../../../Engine/Content/Internationalization/icudt64l/region/kln.res" 1478
"../../../Engine/Content/Internationalization/icudt64l/lang/km.res" 1479
"../../../Engine/Content/Internationalization/icudt64l/region/km.res" 1480
"../../../Engine/Content/Internationalization/icudt64l/lang/kn.res" 1481
"../../../Engine/Content/Internationalization/icudt64l/region/kn.res" 1482
"../../../Engine/Content/Internationalization/icudt64l/lang/ko.res" 1483
"../../../Engine/Content/Internationalization/icudt64l/region/ko_KP.res" 1484
"../../../Engine/Content/Internationalization/icudt64l/region/ko.res" 1485
"../../../Engine/Content/Internationalization/icudt64l/lang/kok.res" 1486
"../../../Engine/Content/Internationalization/icudt64l/region/kok.res" 1487
"../../../Engine/Content/Internationalization/icudt64l/lang/ks.res" 1488
"../../../Engine/Content/Internationalization/icudt64l/region/ks.res" 1489
"../../../Engine/Content/Internationalization/icudt64l/lang/ksb.res" 1490
"../../../Engine/Content/Internationalization/icudt64l/region/ksb.res" 1491
"../../../Engine/Content/Internationalization/icudt64l/lang/ksf.res" 1492
"../../../Engine/Content/Internationalization/icudt64l/region/ksf.res" 1493
"../../../Engine/Content/Internationalization/icudt64l/lang/ksh.res" 1494
"../../../Engine/Content/Internationalization/icudt64l/region/ksh.res" 1495
"../../../Engine/Content/Internationalization/icudt64l/lang/ku.res" 1496
"../../../Engine/Content/Internationalization/icudt64l/region/ku.res" 1497
"../../../Engine/Content/Internationalization/icudt64l/lang/kw.res" 1498
"../../../Engine/Content/Internationalization/icudt64l/region/kw.res" 1499
"../../../Engine/Content/Internationalization/icudt64l/lang/ky.res" 1500
"../../../Engine/Content/Internationalization/icudt64l/region/ky.res" 1501
"../../../Engine/Content/Internationalization/icudt64l/lang/lag.res" 1502
"../../../Engine/Content/Internationalization/icudt64l/region/lag.res" 1503
"../../../Engine/Content/Internationalization/icudt64l/lang/lb.res" 1504
"../../../Engine/Content/Internationalization/icudt64l/region/lb.res" 1505
"../../../Engine/Content/Internationalization/icudt64l/lang/lg.res" 1506
"../../../Engine/Content/Internationalization/icudt64l/region/lg.res" 1507
"../../../Engine/Content/Internationalization/icudt64l/lang/lkt.res" 1508
"../../../Engine/Content/Internationalization/icudt64l/region/lkt.res" 1509
"../../../Engine/Content/Internationalization/icudt64l/lang/ln.res" 1510
"../../../Engine/Content/Internationalization/icudt64l/region/ln.res" 1511
"../../../Engine/Content/Internationalization/icudt64l/lang/lo.res" 1512
"../../../Engine/Content/Internationalization/icudt64l/region/lo.res" 1513
"../../../Engine/Content/Internationalization/icudt64l/lang/lrc.res" 1514
"../../../Engine/Content/Internationalization/icudt64l/region/lrc.res" 1515
"../../../Engine/Content/Internationalization/icudt64l/lang/lt.res" 1516
"../../../Engine/Content/Internationalization/icudt64l/region/lt.res" 1517
"../../../Engine/Content/Internationalization/icudt64l/lang/lu.res" 1518
"../../../Engine/Content/Internationalization/icudt64l/region/lu.res" 1519
"../../../Engine/Content/Internationalization/icudt64l/lang/luo.res" 1520
"../../../Engine/Content/Internationalization/icudt64l/region/luo.res" 1521
"../../../Engine/Content/Internationalization/icudt64l/lang/luy.res" 1522
"../../../Engine/Content/Internationalization/icudt64l/region/luy.res" 1523
"../../../Engine/Content/Internationalization/icudt64l/lang/lv.res" 1524
"../../../Engine/Content/Internationalization/icudt64l/region/lv.res" 1525
"../../../Engine/Content/Internationalization/icudt64l/lang/mas.res" 1526
"../../../Engine/Content/Internationalization/icudt64l/region/mas.res" 1527
"../../../Engine/Content/Internationalization/icudt64l/lang/mer.res" 1528
"../../../Engine/Content/Internationalization/icudt64l/region/mer.res" 1529
"../../../Engine/Content/Internationalization/icudt64l/lang/mfe.res" 1530
"../../../Engine/Content/Internationalization/icudt64l/region/mfe.res" 1531
"../../../Engine/Content/Internationalization/icudt64l/lang/mg.res" 1532
"../../../Engine/Content/Internationalization/icudt64l/region/mg.res" 1533
"../../../Engine/Content/Internationalization/icudt64l/lang/mgh.res" 1534
"../../../Engine/Content/Internationalization/icudt64l/region/mgh.res" 1535
"../../../Engine/Content/Internationalization/icudt64l/lang/mgo.res" 1536
"../../../Engine/Content/Internationalization/icudt64l/region/mgo.res" 1537
"../../../Engine/Content/Internationalization/icudt64l/lang/mi.res" 1538
"../../../Engine/Content/Internationalization/icudt64l/region/mi.res" 1539
"../../../Engine/Content/Internationalization/icudt64l/lang/mk.res" 1540
"../../../Engine/Content/Internationalization/icudt64l/region/mk.res" 1541
"../../../Engine/Content/Internationalization/icudt64l/lang/ml.res" 1542
"../../../Engine/Content/Internationalization/icudt64l/region/ml.res" 1543
"../../../Engine/Content/Internationalization/icudt64l/lang/mn.res" 1544
"../../../Engine/Content/Internationalization/icudt64l/region/mn.res" 1545
"../../../Engine/Content/Internationalization/icudt64l/lang/mr.res" 1546
"../../../Engine/Content/Internationalization/icudt64l/region/mr.res" 1547
"../../../Engine/Content/Internationalization/icudt64l/lang/ms.res" 1548
"../../../Engine/Content/Internationalization/icudt64l/region/ms.res" 1549
"../../../Engine/Content/Internationalization/icudt64l/lang/mt.res" 1550
"../../../Engine/Content/Internationalization/icudt64l/region/mt.res" 1551
"../../../Engine/Content/Internationalization/icudt64l/lang/mua.res" 1552
"../../../Engine/Content/Internationalization/icudt64l/region/mua.res" 1553
"../../../Engine/Content/Internationalization/icudt64l/lang/my.res" 1554
"../../../Engine/Content/Internationalization/icudt64l/region/my.res" 1555
"../../../Engine/Content/Internationalization/icudt64l/lang/mzn.res" 1556
"../../../Engine/Content/Internationalization/icudt64l/region/mzn.res" 1557
"../../../Engine/Content/Internationalization/icudt64l/lang/naq.res" 1558
"../../../Engine/Content/Internationalization/icudt64l/region/naq.res" 1559
"../../../Engine/Content/Internationalization/icudt64l/lang/nb.res" 1560
"../../../Engine/Content/Internationalization/icudt64l/lang/nb_NO.res" 1561
"../../../Engine/Content/Internationalization/icudt64l/region/nb_NO.res" 1562
"../../../Engine/Content/Internationalization/icudt64l/region/nb.res" 1563
"../../../Engine/Content/Internationalization/icudt64l/lang/nd.res" 1564
"../../../Engine/Content/Internationalization/icudt64l/region/nd.res" 1565
"../../../Engine/Content/Internationalization/icudt64l/lang/nds.res" 1566
"../../../Engine/Content/Internationalization/icudt64l/region/nds.res" 1567
"../../../Engine/Content/Internationalization/icudt64l/lang/ne.res" 1568
"../../../Engine/Content/Internationalization/icudt64l/region/ne.res" 1569
"../../../Engine/Content/Internationalization/icudt64l/lang/nl.res" 1570
"../../../Engine/Content/Internationalization/icudt64l/region/nl.res" 1571
"../../../Engine/Content/Internationalization/icudt64l/lang/nmg.res" 1572
"../../../Engine/Content/Internationalization/icudt64l/region/nmg.res" 1573
"../../../Engine/Content/Internationalization/icudt64l/lang/nn.res" 1574
"../../../Engine/Content/Internationalization/icudt64l/lang/nn_NO.res" 1575
"../../../Engine/Content/Internationalization/icudt64l/region/nn_NO.res" 1576
"../../../Engine/Content/Internationalization/icudt64l/region/nn.res" 1577
"../../../Engine/Content/Internationalization/icudt64l/lang/nnh.res" 1578
"../../../Engine/Content/Internationalization/icudt64l/region/nnh.res" 1579
"../../../Engine/Content/Internationalization/icudt64l/lang/nus.res" 1580
"../../../Engine/Content/Internationalization/icudt64l/region/nus.res" 1581
"../../../Engine/Content/Internationalization/icudt64l/lang/nyn.res" 1582
"../../../Engine/Content/Internationalization/icudt64l/region/nyn.res" 1583
"../../../Engine/Content/Internationalization/icudt64l/lang/om.res" 1584
"../../../Engine/Content/Internationalization/icudt64l/region/om.res" 1585
"../../../Engine/Content/Internationalization/icudt64l/lang/or.res" 1586
"../../../Engine/Content/Internationalization/icudt64l/region/or.res" 1587
"../../../Engine/Content/Internationalization/icudt64l/lang/os.res" 1588
"../../../Engine/Content/Internationalization/icudt64l/region/os.res" 1589
"../../../Engine/Content/Internationalization/icudt64l/lang/pa.res" 1590
"../../../Engine/Content/Internationalization/icudt64l/lang/pa_Arab.res" 1591
"../../../Engine/Content/Internationalization/icudt64l/lang/pa_PK.res" 1592
"../../../Engine/Content/Internationalization/icudt64l/lang/pa_Arab_PK.res" 1593
"../../../Engine/Content/Internationalization/icudt64l/region/pa_PK.res" 1594
"../../../Engine/Content/Internationalization/icudt64l/region/pa_Arab_PK.res" 1595
"../../../Engine/Content/Internationalization/icudt64l/region/pa_Arab.res" 1596
"../../../Engine/Content/Internationalization/icudt64l/lang/pa_Guru.res" 1597
"../../../Engine/Content/Internationalization/icudt64l/lang/pa_IN.res" 1598
"../../../Engine/Content/Internationalization/icudt64l/lang/pa_Guru_IN.res" 1599
"../../../Engine/Content/Internationalization/icudt64l/region/pa_IN.res" 1600
"../../../Engine/Content/Internationalization/icudt64l/region/pa_Guru_IN.res" 1601
"../../../Engine/Content/Internationalization/icudt64l/region/pa_Guru.res" 1602
"../../../Engine/Content/Internationalization/icudt64l/region/pa.res" 1603
"../../../Engine/Content/Internationalization/icudt64l/lang/pl.res" 1604
"../../../Engine/Content/Internationalization/icudt64l/region/pl.res" 1605
"../../../Engine/Content/Internationalization/icudt64l/lang/ps.res" 1606
"../../../Engine/Content/Internationalization/icudt64l/region/ps.res" 1607
"../../../Engine/Content/Internationalization/icudt64l/lang/ps_PK.res" 1608
"../../../Engine/Content/Internationalization/icudt64l/region/ps_PK.res" 1609
"../../../Engine/Content/Internationalization/icudt64l/lang/pt.res" 1610
"../../../Engine/Content/Internationalization/icudt64l/lang/pt_AO.res" 1611
"../../../Engine/Content/Internationalization/icudt64l/lang/pt_PT.res" 1612
"../../../Engine/Content/Internationalization/icudt64l/region/pt_AO.res" 1613
"../../../Engine/Content/Internationalization/icudt64l/region/pt_PT.res" 1614
"../../../Engine/Content/Internationalization/icudt64l/region/pt.res" 1615
"../../../Engine/Content/Internationalization/icudt64l/lang/pt_CH.res" 1616
"../../../Engine/Content/Internationalization/icudt64l/region/pt_CH.res" 1617
"../../../Engine/Content/Internationalization/icudt64l/lang/pt_CV.res" 1618
"../../../Engine/Content/Internationalization/icudt64l/region/pt_CV.res" 1619
"../../../Engine/Content/Internationalization/icudt64l/lang/pt_GQ.res" 1620
"../../../Engine/Content/Internationalization/icudt64l/region/pt_GQ.res" 1621
"../../../Engine/Content/Internationalization/icudt64l/lang/pt_GW.res" 1622
"../../../Engine/Content/Internationalization/icudt64l/region/pt_GW.res" 1623
"../../../Engine/Content/Internationalization/icudt64l/lang/pt_LU.res" 1624
"../../../Engine/Content/Internationalization/icudt64l/region/pt_LU.res" 1625
"../../../Engine/Content/Internationalization/icudt64l/lang/pt_MO.res" 1626
"../../../Engine/Content/Internationalization/icudt64l/region/pt_MO.res" 1627
"../../../Engine/Content/Internationalization/icudt64l/lang/pt_MZ.res" 1628
"../../../Engine/Content/Internationalization/icudt64l/region/pt_MZ.res" 1629
"../../../Engine/Content/Internationalization/icudt64l/lang/pt_ST.res" 1630
"../../../Engine/Content/Internationalization/icudt64l/region/pt_ST.res" 1631
"../../../Engine/Content/Internationalization/icudt64l/lang/pt_TL.res" 1632
"../../../Engine/Content/Internationalization/icudt64l/region/pt_TL.res" 1633
"../../../Engine/Content/Internationalization/icudt64l/lang/qu.res" 1634
"../../../Engine/Content/Internationalization/icudt64l/region/qu.res" 1635
"../../../Engine/Content/Internationalization/icudt64l/lang/rm.res" 1636
"../../../Engine/Content/Internationalization/icudt64l/region/rm.res" 1637
"../../../Engine/Content/Internationalization/icudt64l/lang/rn.res" 1638
"../../../Engine/Content/Internationalization/icudt64l/region/rn.res" 1639
"../../../Engine/Content/Internationalization/icudt64l/lang/ro.res" 1640
"../../../Engine/Content/Internationalization/icudt64l/lang/ro_MD.res" 1641
"../../../Engine/Content/Internationalization/icudt64l/region/ro_MD.res" 1642
"../../../Engine/Content/Internationalization/icudt64l/region/ro.res" 1643
"../../../Engine/Content/Internationalization/icudt64l/lang/rof.res" 1644
"../../../Engine/Content/Internationalization/icudt64l/region/rof.res" 1645
"../../../Engine/Content/Internationalization/icudt64l/lang/ru.res" 1646
"../../../Engine/Content/Internationalization/icudt64l/region/ru.res" 1647
"../../../Engine/Content/Internationalization/icudt64l/region/ru_UA.res" 1648
"../../../Engine/Content/Internationalization/icudt64l/lang/rw.res" 1649
"../../../Engine/Content/Internationalization/icudt64l/region/rw.res" 1650
"../../../Engine/Content/Internationalization/icudt64l/lang/rwk.res" 1651
"../../../Engine/Content/Internationalization/icudt64l/region/rwk.res" 1652
"../../../Engine/Content/Internationalization/icudt64l/lang/sah.res" 1653
"../../../Engine/Content/Internationalization/icudt64l/region/sah.res" 1654
"../../../Engine/Content/Internationalization/icudt64l/lang/saq.res" 1655
"../../../Engine/Content/Internationalization/icudt64l/region/saq.res" 1656
"../../../Engine/Content/Internationalization/icudt64l/lang/sbp.res" 1657
"../../../Engine/Content/Internationalization/icudt64l/region/sbp.res" 1658
"../../../Engine/Content/Internationalization/icudt64l/lang/sd.res" 1659
"../../../Engine/Content/Internationalization/icudt64l/region/sd.res" 1660
"../../../Engine/Content/Internationalization/icudt64l/lang/se.res" 1661
"../../../Engine/Content/Internationalization/icudt64l/lang/se_FI.res" 1662
"../../../Engine/Content/Internationalization/icudt64l/region/se_FI.res" 1663
"../../../Engine/Content/Internationalization/icudt64l/region/se.res" 1664
"../../../Engine/Content/Internationalization/icudt64l/lang/seh.res" 1665
"../../../Engine/Content/Internationalization/icudt64l/region/seh.res" 1666
"../../../Engine/Content/Internationalization/icudt64l/lang/ses.res" 1667
"../../../Engine/Content/Internationalization/icudt64l/region/ses.res" 1668
"../../../Engine/Content/Internationalization/icudt64l/lang/sg.res" 1669
"../../../Engine/Content/Internationalization/icudt64l/region/sg.res" 1670
"../../../Engine/Content/Internationalization/icudt64l/lang/shi.res" 1671
"../../../Engine/Content/Internationalization/icudt64l/lang/shi_Latn.res" 1672
"../../../Engine/Content/Internationalization/icudt64l/lang/shi_MA.res" 1673
"../../../Engine/Content/Internationalization/icudt64l/lang/shi_Tfng_MA.res" 1674
"../../../Engine/Content/Internationalization/icudt64l/lang/shi_Tfng.res" 1675
"../../../Engine/Content/Internationalization/icudt64l/region/shi_MA.res" 1676
"../../../Engine/Content/Internationalization/icudt64l/region/shi_Tfng_MA.res" 1677
"../../../Engine/Content/Internationalization/icudt64l/region/shi_Tfng.res" 1678
"../../../Engine/Content/Internationalization/icudt64l/region/shi.res" 1679
"../../../Engine/Content/Internationalization/icudt64l/region/shi_Latn.res" 1680
"../../../Engine/Content/Internationalization/icudt64l/lang/si.res" 1681
"../../../Engine/Content/Internationalization/icudt64l/region/si.res" 1682
"../../../Engine/Content/Internationalization/icudt64l/lang/sk.res" 1683
"../../../Engine/Content/Internationalization/icudt64l/region/sk.res" 1684
"../../../Engine/Content/Internationalization/icudt64l/lang/sl.res" 1685
"../../../Engine/Content/Internationalization/icudt64l/region/sl.res" 1686
"../../../Engine/Content/Internationalization/icudt64l/lang/smn.res" 1687
"../../../Engine/Content/Internationalization/icudt64l/region/smn.res" 1688
"../../../Engine/Content/Internationalization/icudt64l/lang/sn.res" 1689
"../../../Engine/Content/Internationalization/icudt64l/region/sn.res" 1690
"../../../Engine/Content/Internationalization/icudt64l/lang/so.res" 1691
"../../../Engine/Content/Internationalization/icudt64l/region/so.res" 1692
"../../../Engine/Content/Internationalization/icudt64l/lang/sq.res" 1693
"../../../Engine/Content/Internationalization/icudt64l/region/sq.res" 1694
"../../../Engine/Content/Internationalization/icudt64l/lang/sr.res" 1695
"../../../Engine/Content/Internationalization/icudt64l/lang/sr_Cyrl.res" 1696
"../../../Engine/Content/Internationalization/icudt64l/lang/sr_BA.res" 1697
"../../../Engine/Content/Internationalization/icudt64l/lang/sr_Cyrl_BA.res" 1698
"../../../Engine/Content/Internationalization/icudt64l/region/sr_BA.res" 1699
"../../../Engine/Content/Internationalization/icudt64l/region/sr_Cyrl_BA.res" 1700
"../../../Engine/Content/Internationalization/icudt64l/region/sr_Cyrl.res" 1701
"../../../Engine/Content/Internationalization/icudt64l/region/sr.res" 1702
"../../../Engine/Content/Internationalization/icudt64l/lang/sr_ME.res" 1703
"../../../Engine/Content/Internationalization/icudt64l/lang/sr_Latn_ME.res" 1704
"../../../Engine/Content/Internationalization/icudt64l/lang/sr_Latn.res" 1705
"../../../Engine/Content/Internationalization/icudt64l/region/sr_ME.res" 1706
"../../../Engine/Content/Internationalization/icudt64l/region/sr_Latn_ME.res" 1707
"../../../Engine/Content/Internationalization/icudt64l/region/sr_Latn.res" 1708
"../../../Engine/Content/Internationalization/icudt64l/lang/sr_Cyrl_ME.res" 1709
"../../../Engine/Content/Internationalization/icudt64l/region/sr_Cyrl_ME.res" 1710
"../../../Engine/Content/Internationalization/icudt64l/lang/sr_RS.res" 1711
"../../../Engine/Content/Internationalization/icudt64l/lang/sr_Cyrl_RS.res" 1712
"../../../Engine/Content/Internationalization/icudt64l/region/sr_RS.res" 1713
"../../../Engine/Content/Internationalization/icudt64l/region/sr_Cyrl_RS.res" 1714
"../../../Engine/Content/Internationalization/icudt64l/lang/sr_XK.res" 1715
"../../../Engine/Content/Internationalization/icudt64l/lang/sr_Cyrl_XK.res" 1716
"../../../Engine/Content/Internationalization/icudt64l/region/sr_XK.res" 1717
"../../../Engine/Content/Internationalization/icudt64l/region/sr_Cyrl_XK.res" 1718
"../../../Engine/Content/Internationalization/icudt64l/lang/sr_Latn_BA.res" 1719
"../../../Engine/Content/Internationalization/icudt64l/region/sr_Latn_BA.res" 1720
"../../../Engine/Content/Internationalization/icudt64l/lang/sr_Latn_RS.res" 1721
"../../../Engine/Content/Internationalization/icudt64l/region/sr_Latn_RS.res" 1722
"../../../Engine/Content/Internationalization/icudt64l/lang/sr_Latn_XK.res" 1723
"../../../Engine/Content/Internationalization/icudt64l/region/sr_Latn_XK.res" 1724
"../../../Engine/Content/Internationalization/icudt64l/lang/sv.res" 1725
"../../../Engine/Content/Internationalization/icudt64l/region/sv.res" 1726
"../../../Engine/Content/Internationalization/icudt64l/lang/sv_FI.res" 1727
"../../../Engine/Content/Internationalization/icudt64l/lang/sw.res" 1728
"../../../Engine/Content/Internationalization/icudt64l/lang/sw_CD.res" 1729
"../../../Engine/Content/Internationalization/icudt64l/region/sw_CD.res" 1730
"../../../Engine/Content/Internationalization/icudt64l/region/sw.res" 1731
"../../../Engine/Content/Internationalization/icudt64l/lang/sw_KE.res" 1732
"../../../Engine/Content/Internationalization/icudt64l/region/sw_KE.res" 1733
"../../../Engine/Content/Internationalization/icudt64l/lang/ta.res" 1734
"../../../Engine/Content/Internationalization/icudt64l/region/ta.res" 1735
"../../../Engine/Content/Internationalization/icudt64l/lang/te.res" 1736
"../../../Engine/Content/Internationalization/icudt64l/region/te.res" 1737
"../../../Engine/Content/Internationalization/icudt64l/lang/teo.res" 1738
"../../../Engine/Content/Internationalization/icudt64l/region/teo.res" 1739
"../../../Engine/Content/Internationalization/icudt64l/lang/tg.res" 1740
"../../../Engine/Content/Internationalization/icudt64l/region/tg.res" 1741
"../../../Engine/Content/Internationalization/icudt64l/lang/th.res" 1742
"../../../Engine/Content/Internationalization/icudt64l/lang/th_TH.res" 1743
"../../../Engine/Content/Internationalization/icudt64l/region/th_TH.res" 1744
"../../../Engine/Content/Internationalization/icudt64l/region/th.res" 1745
"../../../Engine/Content/Internationalization/icudt64l/lang/ti.res" 1746
"../../../Engine/Content/Internationalization/icudt64l/region/ti.res" 1747
"../../../Engine/Content/Internationalization/icudt64l/lang/tk.res" 1748
"../../../Engine/Content/Internationalization/icudt64l/region/tk.res" 1749
"../../../Engine/Content/Internationalization/icudt64l/lang/to.res" 1750
"../../../Engine/Content/Internationalization/icudt64l/region/to.res" 1751
"../../../Engine/Content/Internationalization/icudt64l/lang/tr.res" 1752
"../../../Engine/Content/Internationalization/icudt64l/region/tr.res" 1753
"../../../Engine/Content/Internationalization/icudt64l/lang/tt.res" 1754
"../../../Engine/Content/Internationalization/icudt64l/region/tt.res" 1755
"../../../Engine/Content/Internationalization/icudt64l/lang/twq.res" 1756
"../../../Engine/Content/Internationalization/icudt64l/region/twq.res" 1757
"../../../Engine/Content/Internationalization/icudt64l/lang/tzm.res" 1758
"../../../Engine/Content/Internationalization/icudt64l/region/tzm.res" 1759
"../../../Engine/Content/Internationalization/icudt64l/lang/ug.res" 1760
"../../../Engine/Content/Internationalization/icudt64l/region/ug.res" 1761
"../../../Engine/Content/Internationalization/icudt64l/lang/uk.res" 1762
"../../../Engine/Content/Internationalization/icudt64l/region/uk.res" 1763
"../../../Engine/Content/Internationalization/icudt64l/lang/ur.res" 1764
"../../../Engine/Content/Internationalization/icudt64l/lang/ur_IN.res" 1765
"../../../Engine/Content/Internationalization/icudt64l/region/ur_IN.res" 1766
"../../../Engine/Content/Internationalization/icudt64l/region/ur.res" 1767
"../../../Engine/Content/Internationalization/icudt64l/lang/uz.res" 1768
"../../../Engine/Content/Internationalization/icudt64l/lang/uz_Arab.res" 1769
"../../../Engine/Content/Internationalization/icudt64l/lang/uz_AF.res" 1770
"../../../Engine/Content/Internationalization/icudt64l/lang/uz_Arab_AF.res" 1771
"../../../Engine/Content/Internationalization/icudt64l/region/uz_AF.res" 1772
"../../../Engine/Content/Internationalization/icudt64l/region/uz_Arab_AF.res" 1773
"../../../Engine/Content/Internationalization/icudt64l/region/uz_Arab.res" 1774
"../../../Engine/Content/Internationalization/icudt64l/lang/uz_Cyrl.res" 1775
"../../../Engine/Content/Internationalization/icudt64l/lang/uz_UZ.res" 1776
"../../../Engine/Content/Internationalization/icudt64l/lang/uz_Latn_UZ.res" 1777
"../../../Engine/Content/Internationalization/icudt64l/lang/uz_Latn.res" 1778
"../../../Engine/Content/Internationalization/icudt64l/region/uz_UZ.res" 1779
"../../../Engine/Content/Internationalization/icudt64l/region/uz_Latn_UZ.res" 1780
"../../../Engine/Content/Internationalization/icudt64l/region/uz_Latn.res" 1781
"../../../Engine/Content/Internationalization/icudt64l/region/uz.res" 1782
"../../../Engine/Content/Internationalization/icudt64l/region/uz_Cyrl.res" 1783
"../../../Engine/Content/Internationalization/icudt64l/lang/vai.res" 1784
"../../../Engine/Content/Internationalization/icudt64l/lang/vai_Latn.res" 1785
"../../../Engine/Content/Internationalization/icudt64l/lang/vai_LR.res" 1786
"../../../Engine/Content/Internationalization/icudt64l/lang/vai_Vaii_LR.res" 1787
"../../../Engine/Content/Internationalization/icudt64l/lang/vai_Vaii.res" 1788
"../../../Engine/Content/Internationalization/icudt64l/region/vai_LR.res" 1789
"../../../Engine/Content/Internationalization/icudt64l/region/vai_Vaii_LR.res" 1790
"../../../Engine/Content/Internationalization/icudt64l/region/vai_Vaii.res" 1791
"../../../Engine/Content/Internationalization/icudt64l/region/vai.res" 1792
"../../../Engine/Content/Internationalization/icudt64l/region/vai_Latn.res" 1793
"../../../Engine/Content/Internationalization/icudt64l/lang/vi.res" 1794
"../../../Engine/Content/Internationalization/icudt64l/region/vi.res" 1795
"../../../Engine/Content/Internationalization/icudt64l/lang/vun.res" 1796
"../../../Engine/Content/Internationalization/icudt64l/region/vun.res" 1797
"../../../Engine/Content/Internationalization/icudt64l/lang/wae.res" 1798
"../../../Engine/Content/Internationalization/icudt64l/region/wae.res" 1799
"../../../Engine/Content/Internationalization/icudt64l/lang/wo.res" 1800
"../../../Engine/Content/Internationalization/icudt64l/region/wo.res" 1801
"../../../Engine/Content/Internationalization/icudt64l/lang/xh.res" 1802
"../../../Engine/Content/Internationalization/icudt64l/region/xh.res" 1803
"../../../Engine/Content/Internationalization/icudt64l/lang/xog.res" 1804
"../../../Engine/Content/Internationalization/icudt64l/region/xog.res" 1805
"../../../Engine/Content/Internationalization/icudt64l/lang/yav.res" 1806
"../../../Engine/Content/Internationalization/icudt64l/region/yav.res" 1807
"../../../Engine/Content/Internationalization/icudt64l/lang/yi.res" 1808
"../../../Engine/Content/Internationalization/icudt64l/region/yi.res" 1809
"../../../Engine/Content/Internationalization/icudt64l/lang/yo.res" 1810
"../../../Engine/Content/Internationalization/icudt64l/lang/yo_BJ.res" 1811
"../../../Engine/Content/Internationalization/icudt64l/region/yo_BJ.res" 1812
"../../../Engine/Content/Internationalization/icudt64l/region/yo.res" 1813
"../../../Engine/Content/Internationalization/icudt64l/lang/yue.res" 1814
"../../../Engine/Content/Internationalization/icudt64l/lang/yue_Hans.res" 1815
"../../../Engine/Content/Internationalization/icudt64l/lang/yue_CN.res" 1816
"../../../Engine/Content/Internationalization/icudt64l/lang/yue_Hans_CN.res" 1817
"../../../Engine/Content/Internationalization/icudt64l/region/yue_CN.res" 1818
"../../../Engine/Content/Internationalization/icudt64l/region/yue_Hans_CN.res" 1819
"../../../Engine/Content/Internationalization/icudt64l/region/yue_Hans.res" 1820
"../../../Engine/Content/Internationalization/icudt64l/lang/yue_Hant.res" 1821
"../../../Engine/Content/Internationalization/icudt64l/lang/yue_HK.res" 1822
"../../../Engine/Content/Internationalization/icudt64l/lang/yue_Hant_HK.res" 1823
"../../../Engine/Content/Internationalization/icudt64l/region/yue_HK.res" 1824
"../../../Engine/Content/Internationalization/icudt64l/region/yue_Hant_HK.res" 1825
"../../../Engine/Content/Internationalization/icudt64l/region/yue_Hant.res" 1826
"../../../Engine/Content/Internationalization/icudt64l/region/yue.res" 1827
"../../../Engine/Content/Internationalization/icudt64l/lang/zgh.res" 1828
"../../../Engine/Content/Internationalization/icudt64l/region/zgh.res" 1829
"../../../Engine/Content/Internationalization/icudt64l/lang/zh.res" 1830
"../../../Engine/Content/Internationalization/icudt64l/lang/zh_Hans.res" 1831
"../../../Engine/Content/Internationalization/icudt64l/lang/zh_CN.res" 1832
"../../../Engine/Content/Internationalization/icudt64l/lang/zh_Hans_CN.res" 1833
"../../../Engine/Content/Internationalization/icudt64l/region/zh_CN.res" 1834
"../../../Engine/Content/Internationalization/icudt64l/region/zh_Hans_CN.res" 1835
"../../../Engine/Content/Internationalization/icudt64l/region/zh_Hans.res" 1836
"../../../Engine/Content/Internationalization/icudt64l/region/zh.res" 1837
"../../../Engine/Content/Internationalization/icudt64l/lang/zh_HK.res" 1838
"../../../Engine/Content/Internationalization/icudt64l/lang/zh_Hant_HK.res" 1839
"../../../Engine/Content/Internationalization/icudt64l/lang/zh_Hant.res" 1840
"../../../Engine/Content/Internationalization/icudt64l/region/zh_HK.res" 1841
"../../../Engine/Content/Internationalization/icudt64l/region/zh_Hant_HK.res" 1842
"../../../Engine/Content/Internationalization/icudt64l/region/zh_Hant.res" 1843
"../../../Engine/Content/Internationalization/icudt64l/lang/zh_MO.res" 1844
"../../../Engine/Content/Internationalization/icudt64l/lang/zh_Hant_MO.res" 1845
"../../../Engine/Content/Internationalization/icudt64l/region/zh_MO.res" 1846
"../../../Engine/Content/Internationalization/icudt64l/region/zh_Hant_MO.res" 1847
"../../../Engine/Content/Internationalization/icudt64l/lang/zh_SG.res" 1848
"../../../Engine/Content/Internationalization/icudt64l/lang/zh_Hans_SG.res" 1849
"../../../Engine/Content/Internationalization/icudt64l/region/zh_SG.res" 1850
"../../../Engine/Content/Internationalization/icudt64l/region/zh_Hans_SG.res" 1851
"../../../Engine/Content/Internationalization/icudt64l/lang/zh_TW.res" 1852
"../../../Engine/Content/Internationalization/icudt64l/lang/zh_Hant_TW.res" 1853
"../../../Engine/Content/Internationalization/icudt64l/region/zh_TW.res" 1854
"../../../Engine/Content/Internationalization/icudt64l/region/zh_Hant_TW.res" 1855
"../../../Engine/Content/Internationalization/icudt64l/lang/zu.res" 1856
"../../../Engine/Content/Internationalization/icudt64l/region/zu.res" 1857
"../../../Engine/Content/Internationalization/icudt64l/lang/no.res" 1858
"../../../Engine/Content/Internationalization/icudt64l/lang/tl.res" 1859
"../../../Engine/Config/Android/DataDrivenPlatformInfo.ini" 1860
"../../../Engine/Config/IOS/DataDrivenPlatformInfo.ini" 1861
"../../../Engine/Config/Linux/DataDrivenPlatformInfo.ini" 1862
"../../../Engine/Config/LinuxArm64/DataDrivenPlatformInfo.ini" 1863
"../../../Engine/Config/Mac/DataDrivenPlatformInfo.ini" 1864
"../../../Engine/Config/TVOS/DataDrivenPlatformInfo.ini" 1865
"../../../Engine/Config/Unix/DataDrivenPlatformInfo.ini" 1866
"../../../Engine/Config/VulkanPC/DataDrivenPlatformInfo.ini" 1867
"../../../Engine/Config/Windows/DataDrivenPlatformInfo.ini" 1868
"../../../Engine/Platforms/VisionOS/Config/DataDrivenPlatformInfo.ini" 1869
"../../../Engine/Content/Renderer/TessellationTable.bin" 1870
"../../../Engine/DerivedDataCache/Compressed.ddp" 1871
"C:/Users/tevaf/AppData/Local/UnrealEngine/5.5/Saved/Zen/zen.version" 1872
"C:/Users/tevaf/AppData/Local/UnrealEngine/Common/Zen/Install/zen.version" 1873
"C:/Users/tevaf/AppData/Local/UnrealEngine/Common/Zen/Install/zenserver.runcontext" 1874
"C:/Users/tevaf/AppData/Local/UnrealEngine/Common/DerivedDataCache/TestData/0/TestData_4kb.dat" 1875
"C:/Users/tevaf/AppData/Local/UnrealEngine/Common/DerivedDataCache/TestData/1/TestData_4kb.dat" 1876
"C:/Users/tevaf/AppData/Local/UnrealEngine/Common/DerivedDataCache/TestData/0/TestData_8kb.dat" 1877
"C:/Users/tevaf/AppData/Local/UnrealEngine/Common/DerivedDataCache/TestData/1/TestData_8kb.dat" 1878
"C:/Users/tevaf/AppData/Local/UnrealEngine/Common/DerivedDataCache/TestData/0/TestData_16kb.dat" 1879
"C:/Users/tevaf/AppData/Local/UnrealEngine/Common/DerivedDataCache/TestData/1/TestData_16kb.dat" 1880
"C:/Users/tevaf/AppData/Local/UnrealEngine/Common/DerivedDataCache/TestData/0/TestData_64kb.dat" 1881
"C:/Users/tevaf/AppData/Local/UnrealEngine/Common/DerivedDataCache/TestData/1/TestData_64kb.dat" 1882
"C:/Users/tevaf/AppData/Local/UnrealEngine/Common/DerivedDataCache/TestData/0/TestData_128kb.dat" 1883
"C:/Users/tevaf/AppData/Local/UnrealEngine/Common/DerivedDataCache/TestData/1/TestData_128kb.dat" 1884
"C:/Users/tevaf/AppData/Local/UnrealEngine/Common/DerivedDataCache/TestData/0/TestData_256kb.dat" 1885
"C:/Users/tevaf/AppData/Local/UnrealEngine/Common/DerivedDataCache/TestData/1/TestData_256kb.dat" 1886
"../../../../../Logiciels/Unreal Projects/Team6_Unreal/Intermediate/ShaderAutogen/PCD3D_SM6/AutogenShaderHeaders.ush" 1887
"../../../Engine/Shaders/Private/HairStrands/HairStrandsVertexFactory.ush" 1888
"../../../Engine/Shaders/Private/VertexFactoryCommon.ush" 1889
"../../../Engine/Shaders/Private/Common.ush" 1890
"../../../Engine/Shaders/Public/Platform.ush" 1891
"../../../Engine/Shaders/Public/FP16Math.ush" 1892
"../../../Engine/Shaders/Public/Platform/D3D/D3DCommon.ush" 1893
"../../../Engine/Shaders/Shared/HLSLReservedSpaces.h" 1894
"../../../Engine/Shaders/Shared/RayTracingBuiltInResources.h" 1895
"../../../Engine/Shaders/Shared/RayTracingDefinitions.h" 1896
"../../../Engine/Shaders/Public/BindlessResources.ush" 1897
"../../../Engine/Shaders/Public/OverloadMacros.ush" 1898
"../../../Engine/Shaders/Public/ShaderVersion.ush" 1899
"../../../Engine/Shaders/Private/PackUnpack.ush" 1900
"../../../Engine/Shaders/Private/GeneratedUniformBufferTypes.ush" 1901
"../../../Engine/Shaders/Private/Nanite/NanitePackedNaniteView.ush" 1902
"../../../Engine/Shaders/Private/HairStrands/HairStrandsVisibilityCommonStruct.ush" 1903
"../../../Engine/Shaders/Private/HairStrands/HairStrandsVoxelPageCommonStruct.ush" 1904
"../../../Engine/Shaders/Private/HairStrands/HairStrandsDeepShadowCommonStruct.ush" 1905
"../../../Engine/Shaders/Shared/LightSceneData.h" 1906
"../../../Engine/Shaders/Shared/HLSLTypeAliases.h" 1907
"../../../Engine/Shaders/Private/LargeWorldCoordinates.ush" 1908
"../../../Engine/Shaders/Private/DoubleFloat.ush" 1909
"../../../Engine/Shaders/Private/RandomPCG.ush" 1910
"../../../Engine/Shaders/Private/DoubleFloatOperations.ush" 1911
"../../../Engine/Shaders/Private/DoubleFloatVectorDefinition.ush" 1912
"../../../Engine/Shaders/Private/LWCOperations.ush" 1913
"../../../Engine/Shaders/Shared/RayTracingTypes.h" 1914
"../../../Engine/Shaders/Shared/HLSLStaticAssert.h" 1915
"../../../Engine/Shaders/Private/CommonViewUniformBuffer.ush" 1916
"../../../Engine/Shaders/Private/InstancedStereo.ush" 1917
"../../../Engine/Shaders/Private/Definitions.usf" 1918
"../../../Engine/Shaders/Private/AssertionMacros.ush" 1919
"../../../Engine/Shaders/Private/FastMath.ush" 1920
"../../../Engine/Shaders/Private/FastMathThirdParty.ush" 1921
"../../../Engine/Shaders/Private/Random.ush" 1922
"../../../Engine/Shaders/Private/RandomInterleavedGradientNoise.ush" 1923
"../../../Engine/Shaders/Private/SceneData.ush" 1924
"../../../Engine/Shaders/Private/OctahedralCommon.ush" 1925
"../../../Engine/Shaders/Private/WaveOpUtil.ush" 1926
"../../../Engine/Shaders/Shared/SceneDefinitions.h" 1927
"../../../Engine/Shaders/Private/SceneDataMobileLoader.ush" 1928
"../../../Engine/Shaders/Private/LocalVertexFactoryCommon.ush" 1929
"../../../Engine/Shaders/Private/HairStrands/HairStrandsVisibilityCommon.ush" 1930
"../../../Engine/Shaders/Shared/HairStrandsDefinitions.h" 1931
"../../../Engine/Shaders/Private/HairStrands/HairStrandsVertexFactoryCommon.ush" 1932
"../../../Engine/Shaders/Private/HairStrands/HairStrandsPack.ush" 1933
"../../../Engine/Shaders/Private/HairStrands/HairStrandsAttributeCommon.ush" 1934
"../../../Engine/Shaders/Private/HairStrands/HairStrandsAttributeTemplate.ush" 1935
"../../../Engine/Shaders/Private/VertexFactoryDefaultInterface.ush" 1936
"../../../Engine/Shaders/Private/HairStrands/HairCardsVertexFactory.ush" 1937
"../../../Engine/Shaders/Private/HairStrands/HairCardsAttributeCommon.ush" 1938
"../../../Engine/Shaders/Private/RayTracing/RayTracingCommon.ush" 1939
"../../../Engine/Shaders/Private/ShadingCommon.ush" 1940
"../../../Engine/Shaders/Shared/RayTracingPayloadType.h" 1941
"../../../Engine/Shaders/Private/RayTracing/RayTracingRayCone.ush" 1942
"../../../Engine/Shaders/Private/Substrate/Substrate.ush" 1943
"../../../Engine/Shaders/Private/ShadingEnergyConservation.ush" 1944
"../../../Engine/Shaders/Private/ShadingEnergyConservationTemplate.ush" 1945
"../../../Engine/Shaders/Private/BRDF.ush" 1946
"../../../Engine/Shaders/Private/ColorSpace.ush" 1947
"../../../Engine/Shaders/Private/DeferredShadingCommon.ush" 1948
"../../../Engine/Shaders/Private/LightAccumulator.ush" 1949
"../../../Engine/Shaders/Private/SceneTexturesCommon.ush" 1950
"../../../Engine/Shaders/Private/MonteCarlo.ush" 1951
"../../../Engine/Shaders/Private/GBufferHelpers.ush" 1952
"../../../Engine/Shaders/Private/SceneTextureParameters.ush" 1953
"C:/Users/tevaf/Desktop/Logiciels/Unreal Projects/Team6_Unreal/Intermediate/ShaderAutogen/PCD3D_SM6/AutogenShaderHeaders.ush" 1954
"../../../Engine/Shaders/Private/ParticipatingMediaCommon.ush" 1955
"../../../Engine/Shaders/Private/ThinFilmBSDF.ush" 1956
"../../../Engine/Shaders/Private/MortonCode.ush" 1957
"../../../Engine/Shaders/Private/SubsurfaceProfileCommon.ush" 1958
"../../../Engine/Shaders/Private/BurleyNormalizedSSSCommon.ush" 1959
"../../../Engine/Shaders/Private/GammaCorrectionCommon.ush" 1960
"../../../Engine/Shaders/Shared/SubstrateDefinitions.h" 1961
"../../../Engine/Shaders/Private/Substrate/SubstrateStatisticalOperators.ush" 1962
"../../../Engine/Shaders/Private/Substrate/SubstrateSubsurface.ush" 1963
"../../../Engine/Shaders/Private/TransmissionCommon.ush" 1964
"../../../Engine/Shaders/Private/SpecularProfileCommon.ush" 1965
"../../../Engine/Shaders/Private/RayTracing/RayTracingCommonMetal.ush" 1966
"../../../Engine/Shaders/Private/PositionReconstructionCommon.ush" 1967
"../../../Engine/Shaders/Private/RayTracing/TraceRayInline.ush" 1968
"../../../Engine/Shaders/Private/RayTracing/TraceRayInlineCommon.ush" 1969
"../../../Engine/Shaders/Private/RayTracing/TraceRayInlineVulkan.ush" 1970
"../../../Engine/Shaders/Private/RayTracing/TraceRayInlineMetal.ush" 1971
"../../../Engine/Shaders/Private/RayTracing/RayTracingHitGroupCommon.ush" 1972
"../../../Engine/Shaders/Private/Nanite/NaniteDataDecode.ush" 1973
"../../../Engine/Shaders/Private/BitPacking.ush" 1974
"../../../Engine/Shaders/Private/BitStreamReaderImplementation.ush" 1975
"../../../Engine/Shaders/Private/BoneTransform.ush" 1976
"../../../Engine/Shaders/Private/Quaternion.ush" 1977
"../../../Engine/Shaders/Shared/NaniteDefinitions.h" 1978
"../../../Engine/Shaders/Private/Nanite/NaniteAttributeDecode.ush" 1979
"../../../Engine/Shaders/Private/Barycentrics.ush" 1980
"../../../Engine/Shaders/Private/DualNumber.ush" 1981
"../../../Engine/Plugins/FX/Niagara/Shaders/Private/NiagaraSpriteVertexFactory.ush" 1982
"../../../Engine/Shaders/Private/ParticleVertexFactoryCommon.ush" 1983
"../../../Engine/Plugins/FX/Niagara/Shaders/Private/NiagaraVFCommon.usf" 1984
"../../../Engine/Plugins/FX/Niagara/Shaders/Private/NiagaraVFParticleAccess.usf" 1985
"../../../Engine/Plugins/FX/Niagara/Shaders/Private/NiagaraParticleAccess.ush" 1986
"../../../Engine/Plugins/FX/Niagara/Shaders/Private/NiagaraRibbonVertexFactory.ush" 1987
"../../../Engine/Plugins/FX/Niagara/Shaders/Private/NiagaraMeshVertexFactory.ush" 1988
"../../../Engine/Plugins/FX/Niagara/Shaders/Private/NiagaraCommon.ush" 1989
"../../../Engine/Plugins/FX/Niagara/Shaders/Private/NiagaraMeshParticleUtils.ush" 1990
"../../../Engine/Shaders/Private/VectorFieldVisualizationVertexFactory.ush" 1991
"../../../Engine/Shaders/Private/Nanite/NaniteVertexFactory.ush" 1992
"../../../Engine/Shaders/Private/LightmapData.ush" 1993
"../../../Engine/Shaders/Private/SplineMeshCommon.ush" 1994
"../../../Engine/Shaders/Shared/SplineMeshShaderParams.h" 1995
"../../../Engine/Shaders/Private/ShaderPrint.ush" 1996
"../../../Engine/Shaders/Private/ShaderPrintCommon.ush" 1997
"../../../Engine/Shaders/Private/MiniFontCommon.ush" 1998
"../../../Engine/Shaders/Private/Nanite/NaniteSceneCommon.ush" 1999
"../../../Engine/Shaders/Private/Nanite/NaniteVertexDeformation.ush" 2000
"../../../Engine/Shaders/Private/ParticleSpriteVertexFactory.ush" 2001
"../../../Engine/Shaders/Private/ParticleGPUSpriteVertexFactory.ush" 2002
"../../../Engine/Shaders/Private/ParticleSimulationCommon.ush" 2003
"../../../Engine/Shaders/Private/ParticleBeamTrailVertexFactory.ush" 2004
"../../../Engine/Shaders/Private/MeshParticleVertexFactory.ush" 2005
"../../../Engine/Shaders/Private/LocalVertexFactory.ush" 2006
"../../../Engine/Shaders/Private/GpuSkinCommon.ush" 2007
"../../../Engine/Shaders/Private/GpuSkinVertexFactory.ush" 2008
"../../../Engine/Shaders/Private/GeometryCollectionVertexFactory.ush" 2009
"../../../Engine/Shaders/Private/GeometryCacheVertexFactory.ush" 2010
"../../../Engine/Shaders/Private/LandscapeVertexFactory.ush" 2011
"../../../Engine/Plugins/Experimental/Compositing/HoldoutComposite/Shaders/Private/HoldoutCompositeFinal.usf" 2012
"../../../Engine/Shaders/Private/ScreenPass.ush" 2013
"../../../Engine/Shaders/Private/LensDistortion.ush" 2014
"../../../Engine/Plugins/Experimental/Compositing/HoldoutComposite/Shaders/Private/HoldoutCompositeSSRInput.usf" 2015
"../../../Engine/Plugins/Experimental/Compositing/HoldoutComposite/Shaders/Private/HoldoutCompositeDilate.usf" 2016
"../../../Engine/Plugins/NNE/NNEDenoiser/Shaders/NNEDenoiserShadersTransferFunctionOidn.usf" 2017
"../../../Engine/Plugins/NNE/NNEDenoiser/Shaders/NNEDenoiserShadersMappedCopy.usf" 2018
"../../../Engine/Plugins/NNE/NNEDenoiser/Shaders/NNEDenoiserShadersDefaultIOProcess.usf" 2019
"../../../Engine/Plugins/NNE/NNEDenoiser/Shaders/NNEDenoiserShadersAutoExposureReduceFinal.usf" 2020
"../../../Engine/Plugins/NNE/NNEDenoiser/Shaders/NNEDenoiserShadersAutoExposureReduce.usf" 2021
"../../../Engine/Plugins/NNE/NNEDenoiser/Shaders/NNEDenoiserShadersAutoExposureDownsample.usf" 2022
"../../../Engine/Plugins/Experimental/NFORDenoise/Shaders/NFORDenoise.usf" 2023
"../../../Engine/Plugins/Experimental/NFORDenoise/Shaders/NFORRegressionCommon.ush" 2024
"../../../Engine/Plugins/Experimental/NFORDenoise/Shaders/NFORRegression.ush" 2025
"../../../Engine/Plugins/Runtime/HairStrands/Shaders/Private/NiagaraCopyVelocityGrid.usf" 2026
"../../../Engine/Plugins/Runtime/HairStrands/Shaders/Private/NiagaraClearVelocityGrid.usf" 2027
"../../../Engine/Plugins/Runtime/HairStrands/Shaders/Private/NiagaraClearPressureGrid.usf" 2028
"../../../Engine/Plugins/Runtime/HairStrands/Shaders/Private/NiagaraInterpolateGroomGuides.usf" 2029
"../../../Engine/Plugins/Runtime/HairStrands/Shaders/Private/NiagaraGroomInterpolationUtils.ush" 2030
"../../../Engine/Plugins/FX/Niagara/Shaders/Private/NiagaraQuaternionUtils.ush" 2031
"../../../Engine/Shaders/Private/HairStrands/HairStrandsMesh.usf" 2032
"../../../Engine/Shaders/Private/HairStrands/HairStrandsBindingCommon.ush" 2033
"../../../Engine/Shaders/Private/HairStrands/HairStrandsFollicleMask.usf" 2034
"../../../Engine/Shaders/Private/HairStrands/HairStrandsSkinUpdate.usf" 2035
"../../../Engine/Shaders/Private/HairStrands/HairStrandsClusterCulling.usf" 2036
"../../../Engine/Shaders/Private/ColorMap.ush" 2037
"../../../Engine/Shaders/Private/HairStrands/HairStrandsAABBCommon.ush" 2038
"../../../Engine/Shaders/Private/HairStrands/HairStrandsClusterCommon.ush" 2039
"../../../Engine/Shaders/Private/ThreadGroupPrefixSum.ush" 2040
"../../../Engine/Shaders/Private/HairStrands/HairStrandsRaytracingGeometry.usf" 2041
"../../../Engine/Shaders/Private/HairStrands/HairStrandsTangent.usf" 2042
"../../../Engine/Shaders/Private/HairStrands/HairCardsDeformation.usf" 2043
"../../../Engine/Shaders/Private/HairStrands/HairStrandsInterpolation.usf" 2044
"../../../Engine/Shaders/Private/HairStrands/HairStrandsGuideDeform.usf" 2045
"../../../Engine/Shaders/Private/HairStrands/HairStrandsTexturesGeneration.usf" 2046
"../../../Engine/Shaders/Private/HairStrands/HairCardsTextureCommon.ush" 2047
"../../../Engine/Shaders/Private/HairStrands/HairStrandsTranscode.usf" 2048
"../../../Engine/Shaders/Private/HairStrands/HairStrandsDebug.usf" 2049
"../../../Engine/Shaders/Private/HairShadingCommon.ush" 2050
"../../../Engine/Shaders/Private/PostProcessCommon.ush" 2051
"../../../Engine/Shaders/Private/Matrices.ush" 2052
"../../../Engine/Shaders/Private/ShadingModels.ush" 2053
"../../../Engine/Shaders/Private/CapsuleLight.ush" 2054
"../../../Engine/Shaders/Private/RectLight.ush" 2055
"../../../Engine/Shaders/Private/LightData.ush" 2056
"../../../Engine/Shaders/Shared/LightDefinitions.h" 2057
"../../../Engine/Shaders/Private/AreaLightCommon.ush" 2058
"../../../Engine/Shaders/Private/HairBsdf.ush" 2059
"../../../Engine/Shaders/Private/MobileGGX.ush" 2060
"../../../Engine/Shaders/Private/HairStrands/HairStrandsCommon.ush" 2061
"../../../Engine/Shaders/Private/HairStrands/HairStrandsEnvironmentLightingCommon.ush" 2062
"../../../Engine/Shaders/Private/HairStrands/HairStrandsDeepTransmittanceCommon.ush" 2063
"../../../Engine/Shaders/Private/HairStrands/HairStrandsDeepTransmittanceDualScattering.ush" 2064
"../../../Engine/Shaders/Private/HairStrands/HairStrandsDeepShadowCommon.ush" 2065
"../../../Engine/Shaders/Private/HairStrands/HairStrandsDebugCommonStruct.ush" 2066
"../../../Engine/Plugins/Runtime/ComputeFramework/Shaders/Private/ComputeKernel.usf" 2067
"../../../Engine/Plugins/Runtime/ComputeFramework/Shaders/Private/ComputeKernelCommon.ush" 2068
"../../../Engine/Plugins/Media/WmfMedia/Shaders/Private/MediaHardwareVideoDecoding.usf" 2069
"../../../Engine/Shaders/Private/ColorUtils.ush" 2070
"../../../Engine/Plugins/Media/ImgMedia/Shaders/Private/ExrSwizzler.usf" 2071
"../../../Engine/Plugins/FX/Niagara/Shaders/Private/Stateless/NiagaraStatelessSimulationExample1.usf" 2072
"../../../Engine/Plugins/FX/Niagara/Shaders/Private/Stateless/NiagaraStatelessSimulationTemplate.ush" 2073
"../../../Engine/Plugins/FX/Niagara/Shaders/Private/Stateless/NiagaraStatelessCommon.ush" 2074
"../../../Engine/Plugins/FX/Niagara/Shaders/Shared/NiagaraStatelessDefinitions.h" 2075
"../../../Engine/Plugins/FX/Niagara/Shaders/Shared/NiagaraStatelessBuiltDistribution.h" 2076
"../../../Engine/Plugins/FX/Niagara/Shaders/Private/Stateless/NiagaraStatelessDistribution.ush" 2077
"../../../Engine/Shaders/Private/ComputeShaderUtils.ush" 2078
"../../../Engine/Plugins/FX/Niagara/Shaders/Private/Stateless/Modules/NiagaraStatelessModule_CalculateAccurateVelocity.ush" 2079
"../../../Engine/Plugins/FX/Niagara/Shaders/Private/Stateless/Modules/NiagaraStatelessModule_CameraOffset.ush" 2080
"../../../Engine/Plugins/FX/Niagara/Shaders/Private/Stateless/Modules/NiagaraStatelessModule_DynamicMaterialParameters.ush" 2081
"../../../Engine/Plugins/FX/Niagara/Shaders/Private/Stateless/Modules/NiagaraStatelessModule_InitializeParticle.ush" 2082
"../../../Engine/Plugins/FX/Niagara/Shaders/Private/Stateless/Modules/NiagaraStatelessModule_InitialMeshOrientation.ush" 2083
"../../../Engine/Plugins/FX/Niagara/Shaders/Private/Stateless/Modules/NiagaraStatelessModule_MeshIndex.ush" 2084
"../../../Engine/Plugins/FX/Niagara/Shaders/Private/Stateless/Modules/NiagaraStatelessModule_MeshRotationRate.ush" 2085
"../../../Engine/Plugins/FX/Niagara/Shaders/Private/Stateless/Modules/NiagaraStatelessModule_RotateAroundPoint.ush" 2086
"../../../Engine/Plugins/FX/Niagara/Shaders/Private/Stateless/Modules/NiagaraStatelessModule_ShapeLocation.ush" 2087
"../../../Engine/Plugins/FX/Niagara/Shaders/Private/Stateless/Modules/NiagaraStatelessModule_ScaleColor.ush" 2088
"../../../Engine/Plugins/FX/Niagara/Shaders/Private/Stateless/Modules/NiagaraStatelessModule_ScaleSpriteSize.ush" 2089
"../../../Engine/Plugins/FX/Niagara/Shaders/Private/Stateless/Modules/NiagaraStatelessModule_ScaleSpriteSizeBySpeed.ush" 2090
"../../../Engine/Plugins/FX/Niagara/Shaders/Private/Stateless/Modules/NiagaraStatelessModule_ScaleMeshSize.ush" 2091
"../../../Engine/Plugins/FX/Niagara/Shaders/Private/Stateless/Modules/NiagaraStatelessModule_ScaleMeshSizebySpeed.ush" 2092
"../../../Engine/Plugins/FX/Niagara/Shaders/Private/Stateless/Modules/NiagaraStatelessModule_SolveVelocitiesAndForces.ush" 2093
"../../../Engine/Plugins/FX/Niagara/Shaders/Private/Stateless/Modules/NiagaraStatelessModule_SpriteFacingAndAlignment.ush" 2094
"../../../Engine/Plugins/FX/Niagara/Shaders/Private/Stateless/Modules/NiagaraStatelessModule_SpriteRotationRate.ush" 2095
"../../../Engine/Plugins/FX/Niagara/Shaders/Private/Stateless/Modules/NiagaraStatelessModule_SubUVAnimation.ush" 2096
"../../../Engine/Plugins/FX/Niagara/Shaders/Private/Stateless/NiagaraStatelessSimulationDefault.usf" 2097
"../../../Engine/Plugins/FX/Niagara/Shaders/Private/NiagaraSVTToDenseBuffer.usf" 2098
"../../../Engine/Shaders/Private/SparseVolumeTexture/SparseVolumeTextureCommon.ush" 2099
"../../../Engine/Plugins/FX/Niagara/Shaders/Private/NiagaraFillIntBuffer.usf" 2100
"../../../Engine/Plugins/FX/Niagara/Shaders/Private/NiagaraComputeFreeIDs.usf" 2101
"../../../Engine/Plugins/FX/Niagara/Shaders/Private/NiagaraInitFreeIDBuffer.usf" 2102
"../../../Engine/Plugins/FX/Niagara/Shaders/Private/NiagaraEmitterInstanceShader.usf" 2103
"../../../Engine/Plugins/FX/Niagara/Shaders/Private/NiagaraShaderVersion.ush" 2104
"../../../Engine/Shaders/Private/DistanceField/GlobalDistanceFieldShared.ush" 2105
"../../../Engine/Plugins/FX/Niagara/Shaders/Private/NiagaraPhysicsCommon.ush" 2106
"../../../Engine/Plugins/FX/Niagara/Shaders/Private/Ribbons/NiagaraRibbonGenerateIndices.usf" 2107
"../../../Engine/Plugins/FX/Niagara/Shaders/Private/Ribbons/NiagaraRibbonCommon.ush" 2108
"../../../Engine/Plugins/FX/Niagara/Shaders/Private/Ribbons/NiagaraRibbonInitializeIndices.usf" 2109
"../../../Engine/Plugins/FX/Niagara/Shaders/Private/Ribbons/NiagaraRibbonRibbonUVParamCalculation.usf" 2110
"../../../Engine/Plugins/FX/Niagara/Shaders/Private/Ribbons/NiagaraRibbonVertexReductionFinalization.usf" 2111
"../../../Engine/Plugins/FX/Niagara/Shaders/Private/Ribbons/NiagaraRibbonVertexReductionPropagation.usf" 2112
"../../../Engine/Plugins/FX/Niagara/Shaders/Private/Ribbons/NiagaraRibbonVertexReductionInitialization.usf" 2113
"../../../Engine/Plugins/FX/Niagara/Shaders/Private/Ribbons/NiagaraRibbonSortParticles.usf" 2114
"../../../Engine/Plugins/FX/Niagara/Shaders/Private/NiagaraUpdateMeshGPUSceneInstances.usf" 2115
"../../../Engine/Shaders/Private/GPUScene/GPUSceneWriter.ush" 2116
"../../../Engine/Plugins/FX/Niagara/Shaders/Private/NiagaraGenerateMips.usf" 2117
"../../../Engine/Plugins/FX/Niagara/Shaders/Private/NiagaraDebugDraw.usf" 2118
"../../../Engine/Plugins/FX/Niagara/Shaders/Private/NiagaraDebugDraw.ush" 2119
"../../../Engine/Plugins/FX/Niagara/Shaders/Private/NiagaraVisualizeTexture.usf" 2120
"../../../Engine/Plugins/FX/Niagara/Shaders/Private/NiagaraClearCounts.usf" 2121
"../../../Engine/Plugins/FX/Niagara/Shaders/Private/NiagaraBatchedElements.usf" 2122
"../../../Engine/Plugins/FX/Niagara/Shaders/Private/NiagaraRayTracingShaders.usf" 2123
"../../../Engine/Plugins/FX/Niagara/Shaders/Private/NiagaraAsyncGpuTraceCommon.ush" 2124
"../../../Engine/Shaders/Private/HashTable.ush" 2125
"../../../Engine/Shaders/Private/Hash.ush" 2126
"../../../Engine/Shaders/Private/RayTracing/VFXTraceRay.ush" 2127
"../../../Engine/Plugins/FX/Niagara/Shaders/Private/NiagaraRayMarchingShaders.usf" 2128
"../../../Engine/Plugins/FX/Niagara/Shaders/Private/NiagaraRayTraceCollisionGroupShaders.usf" 2129
"../../../Engine/Plugins/FX/Niagara/Shaders/Private/NiagaraAsyncGpuTraceUtils.usf" 2130
"../../../Engine/Plugins/FX/Niagara/Shaders/Private/NiagaraSortKeyGen.usf" 2131
"../../../Engine/Plugins/FX/Niagara/Shaders/Private/NiagaraGPURayTracingTransforms.usf" 2132
"../../../Engine/Plugins/FX/Niagara/Shaders/Private/NiagaraDrawIndirectArgsGen.usf" 2133
"../../../Engine/Plugins/FX/Niagara/Shaders/Private/NiagaraDispatchIndirectArgsGen.usf" 2134
"../../../Engine/Plugins/Enterprise/GLTFExporter/Shaders/Private/SimpleTexture2DPS.usf" 2135
"../../../Engine/Shaders/Private/SimpleElementNormalMapPixelShader.usf" 2136
"../../../Engine/Shaders/Private/VirtualTextureAdapter.usf" 2137
"../../../Engine/Shaders/Private/BlockCompressionCommon.ush" 2138
"../../../Engine/Shaders/Private/BCCompressionCommon.ush" 2139
"../../../Engine/Shaders/Private/TranslucentLightingShaders.usf" 2140
"../../../Engine/Shaders/Private/SHCommon.ush" 2141
"../../../Engine/Shaders/Private/ShadowProjectionCommon.ush" 2142
"../../../Engine/Shaders/Private/CubemapCommon.ush" 2143
"../../../Engine/Shaders/Private/VectorFieldCompositeShaders.usf" 2144
"../../../Engine/Shaders/Private/UpdateTextureShaders.usf" 2145
"../../../Engine/Shaders/Private/StereoLayerShader.usf" 2146
"../../../Engine/Shaders/Private/SparseVolumeTexture/UpdateSparseVolumeTexture.usf" 2147
"../../../Engine/Shaders/Private/MorphTargets.usf" 2148
"../../../Engine/Shaders/Private/SimpleElementColorChannelMaskPixelShader.usf" 2149
"../../../Engine/Shaders/Private/SimpleElementHitProxyPixelShader.usf" 2150
"../../../Engine/Shaders/Private/SimpleElementPixelShader.usf" 2151
"../../../Engine/Shaders/Private/IESLightProfilesCommon.ush" 2152
"../../../Engine/Shaders/Private/SimpleElementVertexShader.usf" 2153
"../../../Engine/Shaders/Private/ScreenPixelShaderOES.usf" 2154
"../../../Engine/Shaders/Private/ScreenVertexShader.usf" 2155
"../../../Engine/Shaders/Private/ScreenPixelShader.usf" 2156
"../../../Engine/Shaders/Private/SSProfilePreIntegratedMobile.usf" 2157
"../../../Engine/Shaders/Private/SpecularProfile.usf" 2158
"../../../Engine/Shaders/Private/Nanite/NaniteStreaming.usf" 2159
"../../../Engine/Shaders/Private/Nanite/NaniteStreaming.ush" 2160
"../../../Engine/Shaders/Private/Nanite/NaniteTranscode.usf" 2161
"../../../Engine/Shaders/Private/VolumetricLightmapStreaming.usf" 2162
"../../../Engine/Shaders/Private/PhysicsFieldReset.usf" 2163
"../../../Engine/Shaders/Private/PhysicsFieldBuilder.usf" 2164
"../../../Engine/Shaders/Private/PhysicsFieldEval.ush" 2165
"../../../Engine/Shaders/Private/ParticleSortKeyGen.usf" 2166
"../../../Engine/Shaders/Private/ParticleBoundsShader.usf" 2167
"../../../Engine/Shaders/Private/ParticleSimVisualizeShader.usf" 2168
"../../../Engine/Shaders/Private/ParticleInjectionShader.usf" 2169
"../../../Engine/Shaders/Private/ParticleSimulationShader.usf" 2170
"../../../Engine/Shaders/Private/ParticleCurveInjectionShader.usf" 2171
"../../../Engine/Shaders/Private/CopyUIntBuffer.usf" 2172
"../../../Engine/Shaders/Private/RadixSortShaders.usf" 2173
"../../../Engine/Shaders/Private/RecomputeTangentsPerVertexPass.usf" 2174
"../../../Engine/Shaders/Private/RecomputeTangentsCommon.ush" 2175
"../../../Engine/Shaders/Private/RecomputeTangentsPerTrianglePass.usf" 2176
"../../../Engine/Shaders/Private/GpuSkinCacheComputeShader.usf" 2177
"../../../Engine/Shaders/Private/HeightFieldAtlasManagement.usf" 2178
"../../../Engine/Shaders/Private/LandscapePhysicalMaterial.usf" 2179
"../../../Engine/Shaders/Private/MaterialTemplate.ush" 2180
"../../../Engine/Shaders/Private/WorldSpaceMath.ush" 2181
"../../../Engine/Shaders/Private/EyeAdaptationCommon.ush" 2182
"../../../Engine/Shaders/Private/SobolRandom.ush" 2183
"../../../Engine/Shaders/Private/DepthOfFieldCommon.ush" 2184
"../../../Engine/Shaders/Private/CircleDOFCommon.ush" 2185
"../../../Engine/Shaders/Private/PhysicsFieldSampler.ush" 2186
"../../../Engine/Shaders/Private/PhysicsFieldShared.ush" 2187
"../../../Engine/Shaders/Shared/EnvironmentComponentsFlags.h" 2188
"../../../Engine/Shaders/Private/MeshPaintTextureCommon.ush" 2189
"../../../Engine/Shaders/Private/SpeedTreeCommon.ush" 2190
"../../../Engine/Shaders/Private/VirtualTextureCommon.ush" 2191
"../../../Engine/Shaders/Private/MaterialTexture.ush" 2192
"../../../Engine/Shaders/Private/MinMaterialTexCoords.ush" 2193
"../../../Engine/Shaders/Private/SkyAtmosphereCommon.ush" 2194
"../../../Engine/Shaders/Private/SingleLayerWaterCommon.ush" 2195
"../../../Engine/Shaders/Private/TextureSampling.ush" 2196
"../../../Engine/Shaders/Private/PaniniProjection.ush" 2197
"../../../Engine/Shaders/Private/DBufferNormalReprojection.ush" 2198
"../../../Engine/Shaders/Public/SubstratePublic.ush" 2199
"../../../Engine/Shaders/Private/Substrate/SubstrateTree.ush" 2200
"../../../Engine/Shaders/Private/Substrate/SubstrateEvaluation.ush" 2201
"../../../Engine/Shaders/Private/Substrate/Glint/GlintThirdParty.ush" 2202
"../../../Engine/Shaders/Private/BlueNoise.ush" 2203
"../../../Engine/Shaders/Private/ShadingModelsSampling.ush" 2204
"../../../Engine/Shaders/Private/HairStrands/HairBsdfSample.ush" 2205
"../../../Engine/Shaders/Private/Substrate/SubstrateLegacyConversion.ush" 2206
"../../../Engine/Shaders/Private/DBufferDecalShared.ush" 2207
"../../../Engine/Shaders/Private/LandscapeGrassWeight.usf" 2208
"../../../Engine/Shaders/Private/Landscape/LandscapeEditLayersUtils.usf" 2209
"../../../Engine/Shaders/Private/Landscape/LandscapeCommon.ush" 2210
"../../../Engine/Shaders/Private/Landscape/LandscapeEditLayersWeightmaps.usf" 2211
"../../../Engine/Shaders/Private/Landscape/LandscapeEditLayersHeightmaps.usf" 2212
"../../../Engine/Shaders/Private/Landscape/LandscapeLayersWeightmapsPS.usf" 2213
"../../../Engine/Shaders/Private/Landscape/LandscapeLayersHeightmapsPS.usf" 2214
"../../../Engine/Shaders/Private/LandscapeLayersCS.usf" 2215
"../../../Engine/Shaders/Private/LandscapeLayersPS.usf" 2216
"../../../Engine/Shaders/Private/LandscapeLayersVS.usf" 2217
"../../../Engine/Shaders/Private/Landscape/LandscapeCulling.usf" 2218
"../../../Engine/Shaders/Private/Nanite/NaniteHZBCull.ush" 2219
"../../../Engine/Shaders/Private/Landscape/LandscapeMergeTexturesPS.usf" 2220
"../../../Engine/Shaders/Private/WideCustomResolveShaders.usf" 2221
"../../../Engine/Shaders/Private/WideCustomResolve_Wide.ush" 2222
"../../../Engine/Shaders/Private/WideCustomResolve_Wider.ush" 2223
"../../../Engine/Shaders/Private/WideCustomResolve_Widest.ush" 2224
"../../../Engine/Shaders/Private/WaterInfoTextureBlur.usf" 2225
"../../../Engine/Shaders/Private/WaterInfoTextureMerge.usf" 2226
"../../../Engine/Shaders/Private/PageTableUpdate.usf" 2227
"../../../Engine/Shaders/Private/VirtualTextureCompress.usf" 2228
"../../../Engine/Shaders/Private/ETCCompressionCommon.ush" 2229
"../../../Engine/Shaders/Private/VirtualTextureMaterial.usf" 2230
"../../../Engine/Shaders/Private/PixelShaderOutputCommon.ush" 2231
"../../../Engine/Shaders/Private/ShaderOutputCommon.ush" 2232
"../../../Engine/Shaders/Private/VolumetricRenderTarget.usf" 2233
"../../../Engine/Shaders/Private/HeightFogCommon.ush" 2234
"../../../Engine/Shaders/Private/LocalFogVolumes/LocalFogVolumeCommon.ush" 2235
"../../../Engine/Shaders/Private/ReflectionEnvironmentShared.ush" 2236
"../../../Engine/Shaders/Private/VolumetricFogVoxelization.usf" 2237
"../../../Engine/Shaders/Private/VolumetricCloudMaterialPixelCommon.ush" 2238
"../../../Engine/Shaders/Private/VolumetricFogLightFunction.usf" 2239
"../../../Engine/Shaders/Private/LightFunctionCommon.ush" 2240
"../../../Engine/Shaders/Private/VolumetricFog.usf" 2241
"../../../Engine/Shaders/Private/DeferredLightingCommon.ush" 2242
"../../../Engine/Shaders/Private/DynamicLightingCommon.ush" 2243
"../../../Engine/Shaders/Private/CapsuleLightIntegrate.ush" 2244
"../../../Engine/Shaders/Private/CapsuleLightSampling.ush" 2245
"../../../Engine/Shaders/Private/RectLightIntegrate.ush" 2246
"../../../Engine/Shaders/Private/ScreenSpaceShadowRayCast.ush" 2247
"../../../Engine/Shaders/Private/LightFunctionAtlas/LightFunctionAtlasCommon.usf" 2248
"../../../Engine/Shaders/Private/HeterogeneousVolumes/HeterogeneousVolumesAdaptiveVolumetricShadowMapSampling.ush" 2249
"../../../Engine/Shaders/Private/HeterogeneousVolumes/HeterogeneousVolumesAdaptiveVolumetricShadowMapUtils.ush" 2250
"../../../Engine/Shaders/Private/HeterogeneousVolumes/HeterogeneousVolumesRayMarchingUtils.ush" 2251
"../../../Engine/Shaders/Private/HeterogeneousVolumes/HeterogeneousVolumesRayMarchingTypes.ush" 2252
"../../../Engine/Shaders/Private/PathTracing/Utilities/PathTracingRandomSequence.ush" 2253
"../../../Engine/Shaders/Private/HeterogeneousVolumes/HeterogeneousVolumesTracingUtils.ush" 2254
"../../../Engine/Shaders/Private/VelocityCommon.ush" 2255
"../../../Engine/Shaders/Private/HeterogeneousVolumes/HeterogeneousVolumesTransmittanceVolumeUtils.ush" 2256
"../../../Engine/Shaders/Private/ForwardShadowingCommon.ush" 2257
"../../../Engine/Shaders/Private/ShadowFilteringCommon.ush" 2258
"../../../Engine/Shaders/Private/PixelQuadMessagePassing.ush" 2259
"../../../Engine/Shaders/Private/VolumeLightingCommon.ush" 2260
"../../../Engine/Shaders/Private/VolumeLightingCommonSampling.ush" 2261
"../../../Engine/Shaders/Private/Lumen/LumenTranslucencyVolumeShared.ush" 2262
"../../../Engine/Shaders/Private/Lumen/LumenRadianceCacheInterpolation.ush" 2263
"../../../Engine/Shaders/Private/HeterogeneousVolumes/HeterogeneousVolumesAdaptiveVolumetricShadowMapSampler.ush" 2264
"../../../Engine/Shaders/Private/LightGridCommon.ush" 2265
"../../../Engine/Shaders/Private/DistanceFieldAOShared.ush" 2266
"../../../Engine/Shaders/Private/IntersectionUtils.ush" 2267
"../../../Engine/Shaders/Private/VolumetricLightmapShared.ush" 2268
"../../../Engine/Shaders/Private/LightDataUniforms.ush" 2269
"../../../Engine/Shaders/Private/VirtualShadowMaps/VirtualShadowMapProjectionCommon.ush" 2270
"../../../Engine/Shaders/Private/VirtualShadowMaps/VirtualShadowMapPageAccessCommon.ush" 2271
"../../../Engine/Shaders/Shared/VirtualShadowMapDefinitions.h" 2272
"../../../Engine/Shaders/Shared/HLSLMathAliases.h" 2273
"../../../Engine/Shaders/Private/VirtualShadowMaps/VirtualShadowMapProjectionStructs.ush" 2274
"../../../Engine/Shaders/Private/VolumetricCloudCommon.ush" 2275
"../../../Engine/Shaders/Private/VolumetricCloud.usf" 2276
"../../../Engine/Shaders/Private/VisualizeVolumetricLightmap.usf" 2277
"../../../Engine/Shaders/Private/VirtualShadowMaps/VirtualShadowMapProjectionComposite.usf" 2278
"../../../Engine/Shaders/Private/LightShaderParameters.ush" 2279
"../../../Engine/Shaders/Private/VirtualShadowMaps/VirtualShadowMapMaskBitsCommon.ush" 2280
"../../../Engine/Shaders/Private/VirtualShadowMaps/VirtualShadowMapLightGrid.ush" 2281
"../../../Engine/Shaders/Private/VirtualShadowMaps/VirtualShadowMapProjection.usf" 2282
"../../../Engine/Shaders/Private/Visualization.ush" 2283
"../../../Engine/Shaders/Private/VirtualShadowMaps/VirtualShadowMapProjectionFilter.ush" 2284
"../../../Engine/Shaders/Private/VirtualShadowMaps/VirtualShadowMapProjectionDirectional.ush" 2285
"../../../Engine/Shaders/Private/VirtualShadowMaps/VirtualShadowMapSMRTCommon.ush" 2286
"../../../Engine/Shaders/Private/VirtualShadowMaps/VirtualShadowMapSMRTTemplate.ush" 2287
"../../../Engine/Shaders/Private/VirtualShadowMaps/VirtualShadowMapProjectionSpot.ush" 2288
"../../../Engine/Shaders/Private/VirtualShadowMaps/VirtualShadowMapTransmissionCommon.ush" 2289
"../../../Engine/Shaders/Private/VirtualShadowMaps/VirtualShadowMapScreenRayTrace.ush" 2290
"../../../Engine/Shaders/Private/VirtualShadowMaps/VirtualShadowMapStats.ush" 2291
"../../../Engine/Shaders/Private/HairStrands/HairStrandsVoxelPageCommon.ush" 2292
"../../../Engine/Shaders/Private/HairStrands/HairStrandsVoxelPageTraversal.ush" 2293
"../../../Engine/Shaders/Private/VirtualShadowMaps/VirtualShadowMapCacheLoadBalancer.usf" 2294
"../../../Engine/Shaders/Private/VirtualShadowMaps/VirtualShadowMapPageCacheCommon.ush" 2295
"../../../Engine/Shaders/Private/VirtualShadowMaps/VirtualShadowMapCacheInvalidation.ush" 2296
"../../../Engine/Shaders/Private/VirtualShadowMaps/VirtualShadowMapPageOverlap.ush" 2297
"../../../Engine/Shaders/Private/ScreenSpaceDenoise/SSDDefinitions.ush" 2298
"../../../Engine/Shaders/Private/InstanceCulling/InstanceCullingLoadBalancer.ush" 2299
"../../../Engine/Shaders/Private/VirtualShadowMaps/VirtualShadowMapCopyStats.usf" 2300
"../../../Engine/Shaders/Private/VirtualShadowMaps/VirtualShadowMapDebug.usf" 2301
"../../../Engine/Shaders/Private/VirtualShadowMaps/Desaturate.usf" 2302
"../../../Engine/Shaders/Private/VirtualShadowMaps/VirtualShadowMapPhysicalPageManagement.usf" 2303
"../../../Engine/Shaders/Private/ReductionCommon.ush" 2304
"../../../Engine/Shaders/Private/GPUMessaging.ush" 2305
"../../../Engine/Shaders/Private/VirtualShadowMaps/VirtualShadowMapPerPageDispatch.ush" 2306
"../../../Engine/Shaders/Private/VirtualShadowMaps/VirtualShadowMapBuildPerPageDrawCommands.usf" 2307
"../../../Engine/Shaders/Private/Nanite/NaniteCullingCommon.ush" 2308
"../../../Engine/Shaders/Private/Nanite/NaniteCulling.ush" 2309
"../../../Engine/Shaders/Private/Nanite/NaniteHierarchyTraversalCommon.ush" 2310
"../../../Engine/Shaders/Private/InstanceCulling/InstanceCullingCommon.ush" 2311
"../../../Engine/Shaders/Shared/InstanceCullingDefinitions.h" 2312
"../../../Engine/Shaders/Private/VirtualShadowMaps/VirtualShadowMapPrintStats.usf" 2313
"../../../Engine/Shaders/Private/VirtualShadowMaps/VirtualShadowMapPageManagement.usf" 2314
"../../../Engine/Shaders/Private/VirtualShadowMaps/VirtualShadowMapPageMarking.usf" 2315
"../../../Engine/Shaders/Shared/SingleLayerWaterDefinitions.h" 2316
"../../../Engine/Shaders/Private/HairStrands/HairStrandsTileCommon.ush" 2317
"../../../Engine/Shaders/Private/Froxel/Froxel.ush" 2318
"../../../Engine/Shaders/Shared/FroxelDefinitions.h" 2319
"../../../Engine/Shaders/Private/VariableRateShading/VRSShadingRatePreview.usf" 2320
"../../../Engine/Shaders/Private/VariableRateShading/VRSShadingRateCommon.ush" 2321
"../../../Engine/Shaders/Private/VariableRateShading/VRSShadingRateCombine.usf" 2322
"../../../Engine/Shaders/Private/VariableRateShading/VRSShadingRateFoveated.usf" 2323
"../../../Engine/Shaders/Private/VariableRateShading/VRSShadingRateReproject.usf" 2324
"../../../Engine/Shaders/Private/VariableRateShading/VRSShadingRateCalculate.usf" 2325
"../../../Engine/Shaders/Private/TranslucencyUpsampling.usf" 2326
"../../../Engine/Shaders/Private/ComposeSeparateTranslucency.usf" 2327
"../../../Engine/Shaders/Private/SeparateTranslucency.ush" 2328
"../../../Engine/Shaders/Private/TranslucentLightInjectionShaders.usf" 2329
"../../../Engine/Shaders/Private/TranslucentShadowDepthShaders.usf" 2330
"../../../Engine/Shaders/Private/ShadowDepthCommon.ush" 2331
"../../../Engine/Shaders/Private/RayTracing/RayTracingTest.usf" 2332
"../../../Engine/Shaders/Private/PostProcessSubsurfaceTile.usf" 2333
"../../../Engine/Shaders/Private/Substrate/SubstrateVisualize.usf" 2334
"../../../Engine/Shaders/Private/Substrate/SubstrateTile.ush" 2335
"../../../Engine/Shaders/Private/Substrate/SubstrateVisualizeCommon.ush" 2336
"../../../Engine/Shaders/Private/SkyLightingDiffuseShared.ush" 2337
"../../../Engine/Shaders/Private/SkyLightingShared.ush" 2338
"../../../Engine/Shaders/Private/ClearCoatCommon.ush" 2339
"../../../Engine/Shaders/Private/ReflectionEnvironmentComposite.ush" 2340
"../../../Engine/Shaders/Private/Substrate/SubstrateLightingCommon.ush" 2341
"../../../Engine/Shaders/Private/Substrate/SubstrateRoughRefraction.usf" 2342
"../../../Engine/Shaders/Private/PathTracing/Material/PathTracingFresnel.ush" 2343
"../../../Engine/Shaders/Private/PathTracing/Material/PathTracingGlossy.ush" 2344
"../../../Engine/Shaders/Private/Substrate/SubstrateTile.usf" 2345
"../../../Engine/Shaders/Private/Substrate/SubstrateMaterialClassification.usf" 2346
"../../../Engine/Shaders/Private/Substrate/SubstrateDBuffer.usf" 2347
"../../../Engine/Shaders/Private/StochasticLighting/StochasticLightingDenoising.usf" 2348
"../../../Engine/Shaders/Private/Lumen/LumenMaterial.ush" 2349
"../../../Engine/Shaders/Private/StochasticLighting/StochasticLightingCommon.ush" 2350
"../../../Engine/Shaders/Private/SplineMeshSceneTexture.usf" 2351
"../../../Engine/Shaders/Private/SparseVolumeTexture/VisualizeSparseVolumeTexture.usf" 2352
"../../../Engine/Shaders/Private/SkyAtmosphere.usf" 2353
"../../../Engine/Shaders/Private/CopyDepthTexture.usf" 2354
"../../../Engine/Shaders/Private/SingleLayerWaterComposite.usf" 2355
"../../../Engine/Shaders/Private/Froxel/FroxelBuild.ush" 2356
"../../../Engine/Shaders/Private/ScreenSpaceShadows.usf" 2357
"../../../Engine/Shaders/Private/bend_sss_gpu.ush" 2358
"../../../Engine/Shaders/Private/ShadowFactorsUpsampleCommon.ush" 2359
"../../../Engine/Shaders/Private/ShadowProjectionVertexShader.usf" 2360
"../../../Engine/Shaders/Private/ShadowProjectionPixelShader.usf" 2361
"../../../Engine/Shaders/Private/MobileLightingCommon.ush" 2362
"../../../Engine/Shaders/Private/PlanarReflectionShared.ush" 2363
"../../../Engine/Shaders/Private/MobileSSR.ush" 2364
"../../../Engine/Shaders/Private/SSRT/SSRTRayCast.ush" 2365
"../../../Engine/Shaders/Private/ShadowPercentageCloserFiltering.ush" 2366
"../../../Engine/Shaders/Private/TransmissionThickness.ush" 2367
"../../../Engine/Shaders/Private/CopyShadowMaps.usf" 2368
"../../../Engine/Shaders/Private/ShadowDepthPixelShader.usf" 2369
"../../../Engine/Shaders/Private/ShadowDepthVertexShader.usf" 2370
"../../../Engine/Shaders/Private/ShadingEnergyConservationTable.usf" 2371
"../../../Engine/Shaders/Shared/PathTracingDefinitions.h" 2372
"../../../Engine/Shaders/Private/ShadingFurnaceTest.usf" 2373
"../../../Engine/Shaders/Private/Substrate/SubstrateDeferredLighting.ush" 2374
"../../../Engine/Shaders/Private/ShaderPrintDraw.usf" 2375
"../../../Engine/Shaders/Private/ShaderPrintDrawPrimitive.usf" 2376
"../../../Engine/Shaders/Private/DefaultSSRTiles.usf" 2377
"../../../Engine/Shaders/Private/ScreenSpaceReflectionTileCommons.ush" 2378
"../../../Engine/Shaders/Private/SSRT/SSRTDiffuseIndirect.usf" 2379
"../../../Engine/Shaders/Private/SSRT/SSRTTileClassificationBuffer.ush" 2380
"../../../Engine/Shaders/Private/SSRT/SSRTReflections.usf" 2381
"../../../Engine/Shaders/Private/ScreenSpaceDenoise/SSDPublic.ush" 2382
"../../../Engine/Shaders/Private/SSRT/SSRTTileClassification.usf" 2383
"../../../Engine/Shaders/Private/SSRT/SSRTPrevFrameReduction.usf" 2384
"../../../Engine/Shaders/Private/ScreenSpaceDenoise/SSDComposeHarmonics.usf" 2385
"../../../Engine/Shaders/Private/ScreenSpaceDenoise/SSDPublicHarmonics.ush" 2386
"../../../Engine/Shaders/Private/ScreenSpaceDenoise/SSDSignalFramework.ush" 2387
"../../../Engine/Shaders/Private/ScreenSpaceDenoise/SSDCommon.ush" 2388
"../../../Engine/Shaders/Private/SphericalGaussian.ush" 2389
"../../../Engine/Shaders/Public/WaveBroadcastIntrinsics.ush" 2390
"../../../Engine/Shaders/Private/ScreenSpaceDenoise/SSDMetadata.ush" 2391
"../../../Engine/Shaders/Private/ScreenSpaceDenoise/SSDSignalCore.ush" 2392
"../../../Engine/Shaders/Private/ScreenSpaceDenoise/DenoisingCommon.ush" 2393
"../../../Engine/Shaders/Private/ScreenSpaceDenoise/SSDSignalArray.ush" 2394
"../../../Engine/Shaders/Private/ScreenSpaceDenoise/SSDSignalBufferEncoding.ush" 2395
"../../../Engine/Shaders/Private/ScreenSpaceDenoise/SSDPublicBufferEncoding.ush" 2396
"../../../Engine/Shaders/Private/Lumen/LumenBufferEncoding.ush" 2397
"../../../Engine/Shaders/Private/ScreenSpaceDenoise/SSDTemporalAccumulation.usf" 2398
"../../../Engine/Shaders/Private/ScreenSpaceDenoise/SSDSpatialKernel.ush" 2399
"../../../Engine/Shaders/Private/ScreenSpaceDenoise/SSDSignalAccumulatorArray.ush" 2400
"../../../Engine/Shaders/Private/ScreenSpaceDenoise/SSDSignalAccumulator.ush" 2401
"../../../Engine/Shaders/Private/ScreenSpaceDenoise/SSDSignalCompression.ush" 2402
"../../../Engine/Shaders/Private/ScreenSpaceDenoise/SSDSpatialAccumulation.usf" 2403
"../../../Engine/Shaders/Private/ScreenSpaceDenoise/SSDInjest.usf" 2404
"../../../Engine/Shaders/Private/ScreenSpaceDenoise/SSDCompressMetadata.usf" 2405
"../../../Engine/Shaders/Private/DownsampleDepthPixelShader.usf" 2406
"../../../Engine/Shaders/Private/ScreenPass.usf" 2407
"../../../Engine/Shaders/Private/HZB.usf" 2408
"../../../Engine/Shaders/Private/OcclusionFeedbackShaders.usf" 2409
"../../../Engine/Shaders/Private/HZBOcclusion.usf" 2410
"../../../Engine/Shaders/Private/OcclusionQueryPixelShader.usf" 2411
"../../../Engine/Shaders/Private/OcclusionQueryVertexShader.usf" 2412
"../../../Engine/Shaders/Private/HitProxyCopy.usf" 2413
"../../../Engine/Shaders/Private/HitProxyPixelShader.usf" 2414
"../../../Engine/Shaders/Private/HitProxyVertexShader.usf" 2415
"../../../Engine/Shaders/Private/SceneCulling/SceneCullingDebugRender.usf" 2416
"../../../Engine/Shaders/Private/SceneCulling/SceneCulling.ush" 2417
"../../../Engine/Shaders/Shared/SceneCullingDefinitions.h" 2418
"../../../Engine/Shaders/Private/SceneCulling/SceneCullingBuildExplicitBounds.usf" 2419
"../../../Engine/Shaders/Private/SceneCapturePixelShader.usf" 2420
"../../../Engine/Shaders/Private/RendererUtils.usf" 2421
"../../../Engine/Shaders/Private/RTWriteMaskDecode.usf" 2422
"../../../Engine/Shaders/Private/ReflectionEnvironmentShaders.usf" 2423
"../../../Engine/Shaders/Private/RectLightAtlas.usf" 2424
"../../../Engine/Shaders/Private/RayTracing/TraceRayInlineStatistics.usf" 2425
"../../../Engine/Shaders/Private/RayTracing/CompositeSkyLightPS.usf" 2426
"../../../Engine/Shaders/Private/RayTracing/GenerateSkyLightVisibilityRaysCS.usf" 2427
"../../../Engine/Shaders/Private/RayTracing/RayTracingSkyLightCommon.ush" 2428
"../../../Engine/Shaders/Private/RayTracing/SkyLightVisibilityRaysData.ush" 2429
"../../../Engine/Shaders/Private/Raytracing/RaytracingSkylightRGS.usf" 2430
"../../../Engine/Shaders/Private/HairStrands/HairStrandsRaytracing.ush" 2431
"../../../Engine/Shaders/Private/Raytracing/RayTracingSkyLightEvaluation.ush" 2432
"../../../Engine/Shaders/Private/Raytracing/RayTracingDeferredShadingCommon.ush" 2433
"../../../Engine/Shaders/Private/RayTracing/RayTracingOcclusionRGS.usf" 2434
"../../../Engine/Shaders/Private/RayTracing/RayTracingDirectionalLight.ush" 2435
"../../../Engine/Shaders/Private/RayTracing/RayTracingRectLight.ush" 2436
"../../../Engine/Shaders/Private/RayTracing/RayTracingSphereLight.ush" 2437
"../../../Engine/Shaders/Private/RayTracing/RayTracingCapsuleLight.ush" 2438
"../../../Engine/Shaders/Private/RayTracing/RayTracingPrimaryRays.usf" 2439
"../../../Engine/Shaders/Private/RayTracing/RayTracingLightingCommon.ush" 2440
"../../../Engine/Shaders/Private/RayTracing/RayTracingLightCullingCommon.ush" 2441
"../../../Engine/Shaders/Private/RayTracing/RayTracingMaterialDefaultHitShaders.usf" 2442
"../../../Engine/Shaders/Private/RayTracing/RayTracingMaterialHitShaders.usf" 2443
"../../../Engine/Shaders/Private/RayTracing/RayTracingShaderUtils.ush" 2444
"../../../Engine/Shaders/Private/RayTracing/RayTracingCalcInterpolants.ush" 2445
"../../../Engine/Shaders/Private/LightmapCommon.ush" 2446
"../../../Engine/Shaders/Private/Lumen/LumenHardwareRayTracingPayloadCommon.ush" 2447
"../../../Engine/Shaders/Shared/LumenDefinitions.h" 2448
"../../../Engine/Shaders/Private/Substrate/SubstrateExport.ush" 2449
"../../../Engine/Shaders/Private/RayTracing/RayTracingLightingMS.usf" 2450
"../../../Engine/Shaders/Private/RayTracing/RayTracingLightFunctionCommon.ush" 2451
"../../../Engine/Shaders/Private/RayTracing/RayTracingBuildLightGrid.usf" 2452
"../../../Engine/Shaders/Private/Raytracing/RayTracingInstanceBufferUtil.usf" 2453
"../../../Engine/Shaders/Private/RayTracing/RayTracingDynamicMesh.usf" 2454
"../../../Engine/Shaders/Private/RayTracing/RayTracingDefaultDecalHitShader.usf" 2455
"../../../Engine/Shaders/Private/RayTracing/RayTracingDecalMaterialShader.usf" 2456
"../../../Engine/Shaders/Private/PathTracing/PathTracingShaderUtils.ush" 2457
"../../../Engine/Shaders/Private/PathTracing/PathTracingCommon.ush" 2458
"../../../Engine/Shaders/Private/PathTracing/Material/PathTracingMaterialCommon.ush" 2459
"../../../Engine/Shaders/Private/RayTracing/RayTracingBuildDecalGrid.usf" 2460
"../../../Engine/Shaders/Private/RayTracing/RayTracingDebugHitStatsUtils.usf" 2461
"../../../Engine/Shaders/Private/RayTracing/RayTracingDebugInstanceOverlap.usf" 2462
"../../../Engine/Shaders/Private/RayTracing/RayTracingDebugPicking.usf" 2463
"../../../Engine/Shaders/Private/RayTracing/RayTracingDebugUtils.ush" 2464
"../../../Engine/Shaders/Shared/RayTracingDebugTypes.h" 2465
"../../../Engine/Shaders/Private/RayTracing/RayTracingDebugTraversal.usf" 2466
"../../../Engine/Shaders/Private/RayTracing/RayTracingDeferredMaterials.ush" 2467
"../../../Engine/Shaders/Shared/ThirdParty/AMD/ags_shader_intrinsics_dx12.h" 2468
"../../../Engine/Shaders/Shared/RayTracingDebugDefinitions.h" 2469
"../../../Engine/Shaders/Private/RayTracing/RayTracingDebugHitStatsCHS.usf" 2470
"../../../Engine/Shaders/Private/RayTracing/RayTracingDebugHitStats.usf" 2471
"../../../Engine/Shaders/Private/RayTracing/RayTracingDebugMS.usf" 2472
"../../../Engine/Shaders/Private/RayTracing/RayTracingDebugCHS.usf" 2473
"../../../Engine/Shaders/Private/RayTracing/RayTracingDebug.usf" 2474
"../../../Engine/Shaders/Private/RayTracing/RayTracingBuiltInShaders.usf" 2475
"../../../Engine/Shaders/Private/RayTracing/RayTracingBarycentrics.usf" 2476
"../../../Engine/Shaders/Private/RayTracing/RayTracingAmbientOcclusionRGS.usf" 2477
"../../../Engine/Shaders/Private/VisualizeShadingModels.usf" 2478
"../../../Engine/Shaders/Private/MotionBlur/VisualizeMotionVectors.usf" 2479
"../../../Engine/Shaders/Private/TemporalSuperResolution/TSRVisualize.usf" 2480
"../../../Engine/Shaders/Private/TemporalSuperResolution/TSRColorSpace.ush" 2481
"../../../Engine/Shaders/Private/TemporalSuperResolution/TSRCommon.ush" 2482
"../../../Engine/Shaders/Public/DualPixelVectorization.ush" 2483
"../../../Engine/Shaders/Private/TemporalSuperResolution/TSRReprojectionField.ush" 2484
"../../../Engine/Shaders/Private/TemporalSuperResolution/TSRResolveHistory.usf" 2485
"../../../Engine/Shaders/Private/TemporalSuperResolution/TSRConvolutionNetwork.ush" 2486
"../../../Engine/Shaders/Private/TemporalSuperResolution/TSRKernels.ush" 2487
"../../../Engine/Shaders/Public/LaneVectorization.ush" 2488
"../../../Engine/Shaders/Private/TemporalSuperResolution/TSRUpdateHistory.usf" 2489
"../../../Engine/Shaders/Private/TemporalSuperResolution/TSRSpatialAntiAliasing.ush" 2490
"../../../Engine/Shaders/Private/TemporalSuperResolution/TSRSpatialAntiAliasing.usf" 2491
"../../../Engine/Shaders/Private/TemporalSuperResolution/TSRRejectShading.usf" 2492
"../../../Engine/Shaders/Private/TemporalSuperResolution/TSRShadingAnalysis.ush" 2493
"../../../Engine/Shaders/Private/TemporalSuperResolution/TSRConvolutionNetworkPass.ush" 2494
"../../../Engine/Shaders/Private/TemporalSuperResolution/TSRDecimateHistory.usf" 2495
"../../../Engine/Shaders/Private/TemporalSuperResolution/TSRDepthVelocityAnalysis.ush" 2496
"../../../Engine/Shaders/Private/TemporalSuperResolution/TSRClosestOccluder.ush" 2497
"../../../Engine/Shaders/Private/TemporalSuperResolution/TSRDilateVelocity.usf" 2498
"../../../Engine/Shaders/Private/MotionBlur/MotionBlurVelocityFlatten.ush" 2499
"../../../Engine/Shaders/Private/MotionBlur/MotionBlurCommon.ush" 2500
"../../../Engine/Shaders/Private/TemporalSuperResolution/TSRClearPrevTextures.usf" 2501
"../../../Engine/Shaders/Private/TemporalSuperResolution/TSRMeasureFlickeringLuma.usf" 2502
"../../../Engine/Shaders/Private/TemporalAA.usf" 2503
"../../../Engine/Shaders/Private/FilterPixelShader.usf" 2504
"../../../Engine/Shaders/Private/FilterVertexShader.usf" 2505
"../../../Engine/Shaders/Private/PostProcessVisualizeBuffer.usf" 2506
"../../../Engine/Shaders/Private/PostProcessVisualizeLocalExposure.usf" 2507
"../../../Engine/Shaders/Private/PostProcessHistogramCommon.ush" 2508
"../../../Engine/Shaders/Private/TonemapCommon.ush" 2509
"../../../Engine/Shaders/Private/ACES.ush" 2510
"../../../Engine/Shaders/Private/PostProcessVisualizeLevelInstance.usf" 2511
"../../../Engine/Shaders/Private/PostProcessVisualizeHDR.usf" 2512
"../../../Engine/Shaders/Private/ShaderComplexityApplyPixelShader.usf" 2513
"../../../Engine/Shaders/Private/QuadOverdraw.ush" 2514
"../../../Engine/Shaders/Private/PostProcessUpscale.usf" 2515
"../../../Engine/Shaders/Private/PostProcessTonemap.usf" 2516
"../../../Engine/Shaders/Private/PostProcessing/FilmGrainPackConstants.usf" 2517
"../../../Engine/Shaders/Private/PostProcessing/FilmGrainReduce.usf" 2518
"../../../Engine/Shaders/Private/PostProcessTestImage.usf" 2519
"../../../Engine/Shaders/Private/PostProcessSubsurface.usf" 2520
"../../../Engine/Shaders/Private/SeparableSSS.ush" 2521
"../../../Engine/Shaders/Private/SubsurfaceBurleyNormalized.ush" 2522
"../../../Engine/Shaders/Private/PostProcessSelectionOutline.usf" 2523
"../../../Engine/Shaders/Private/PostProcessPixelProjectedReflectionMobile.usf" 2524
"../../../Engine/Shaders/Private/MotionBlur/MotionBlurVisualize.usf" 2525
"../../../Engine/Shaders/Private/MotionBlur/MotionBlurApply.usf" 2526
"../../../Engine/Shaders/Private/MotionBlur/MotionBlurFilterTileClassify.usf" 2527
"../../../Engine/Shaders/Private/MotionBlur/MotionBlurTileScatter.usf" 2528
"../../../Engine/Shaders/Private/MotionBlur/MotionBlurTileGather.usf" 2529
"../../../Engine/Shaders/Private/MotionBlur/MotionBlurVelocityFlatten.usf" 2530
"../../../Engine/Shaders/Private/PostProcessMobile.usf" 2531
"../../../Engine/Shaders/Private/PostProcessMitchellNetravali.usf" 2532
"../../../Engine/Shaders/Private/PostProcessMaterialShaders.usf" 2533
"../../../Engine/Shaders/Private/NeuralPostProcessCommon.usf" 2534
"../../../Engine/Shaders/Private/PostProcessLocalExposure.usf" 2535
"../../../Engine/Shaders/Private/PostProcessLensFlares.usf" 2536
"../../../Engine/Shaders/Private/PostProcessGBufferHints.usf" 2537
"../../../Engine/Shaders/Private/PostProcessHMD.usf" 2538
"../../../Engine/Shaders/Private/Histogram.usf" 2539
"../../../Engine/Shaders/Private/PostProcessHistogramReduce.usf" 2540
"../../../Engine/Shaders/Private/PostProcessHistogram.usf" 2541
"../../../Engine/Shaders/Private/Bloom/BloomFinalizeApplyConstants.usf" 2542
"../../../Engine/Shaders/Private/Bloom/BloomCommon.ush" 2543
"../../../Engine/Shaders/Private/Bloom/BloomResizeKernel.usf" 2544
"../../../Engine/Shaders/Private/Bloom/BloomDownsampleKernel.usf" 2545
"../../../Engine/Shaders/Private/Bloom/BloomClampKernel.usf" 2546
"../../../Engine/Shaders/Private/Bloom/BloomPackKernelConstants.usf" 2547
"../../../Engine/Shaders/Private/Bloom/BloomSumScatterDispersionEnergy.usf" 2548
"../../../Engine/Shaders/Private/Bloom/BloomReduceKernelSurvey.usf" 2549
"../../../Engine/Shaders/Private/Bloom/BloomSurveyKernelCenterEnergy.usf" 2550
"../../../Engine/Shaders/Private/Bloom/BloomSurveyMaxScatterDispersion.usf" 2551
"../../../Engine/Shaders/Private/Bloom/BloomFindKernelCenter.usf" 2552
"../../../Engine/Shaders/Private/PostProcessEyeAdaptation.usf" 2553
"../../../Engine/Shaders/Private/TranslucencyVolumeCommon.ush" 2554
"../../../Engine/Shaders/Private/PostProcessEyeAdaptationUtils.usf" 2555
"../../../Engine/Shaders/Private/PostProcessDownsample.usf" 2556
"../../../Engine/Shaders/Private/PostProcessDOF.usf" 2557
"../../../Engine/Shaders/Private/PostProcessDeviceEncodingOnly.usf" 2558
"../../../Engine/Shaders/Private/PostProcessCompositePrimitives.usf" 2559
"../../../Engine/Shaders/Private/PostProcessCombineLUTs.usf" 2560
"../../../Engine/Shaders/Private/PostProcessVisualizeDOF.usf" 2561
"../../../Engine/Shaders/Private/PostProcessBloom.usf" 2562
"../../../Engine/Shaders/Private/PostProcessAmbientOcclusionMobile.usf" 2563
"../../../Engine/Shaders/Private/PostProcessAmbientOcclusionCommon.ush" 2564
"../../../Engine/Shaders/Private/FXAAShader.usf" 2565
"../../../Engine/Shaders/Private/Fxaa3_11.ush" 2566
"../../../Engine/Shaders/Private/PaniniProjection.usf" 2567
"../../../Engine/Shaders/Private/DiaphragmDOF/DOFRecombine.usf" 2568
"../../../Engine/Shaders/Private/DiaphragmDOF/DOFCommon.ush" 2569
"../../../Engine/Shaders/Private/DiaphragmDOF/DOFHybridScatterPixelShader.usf" 2570
"../../../Engine/Shaders/Private/DiaphragmDOF/DOFHybridScatterCommon.ush" 2571
"../../../Engine/Shaders/Private/DiaphragmDOF/DOFHybridScatterVertexShader.usf" 2572
"../../../Engine/Shaders/Private/DiaphragmDOF/DOFPostfiltering.usf" 2573
"../../../Engine/Shaders/Private/DiaphragmDOF/DOFGatherTileSuggest.ush" 2574
"../../../Engine/Shaders/Private/DiaphragmDOF/DOFCocTileCommon.ush" 2575
"../../../Engine/Shaders/Private/DiaphragmDOF/DOFGatherPass.usf" 2576
"../../../Engine/Shaders/Private/DiaphragmDOF/DOFGatherCommon.ush" 2577
"../../../Engine/Shaders/Private/DiaphragmDOF/DOFGatherAccumulator.ush" 2578
"../../../Engine/Shaders/Private/DiaphragmDOF/DOFGatherKernel.ush" 2579
"../../../Engine/Shaders/Private/DiaphragmDOF/DOFBokehLUT.usf" 2580
"../../../Engine/Shaders/Private/DiaphragmDOF/DOFHybridScatterCompilation.usf" 2581
"../../../Engine/Shaders/Private/DiaphragmDOF/DOFReduce.usf" 2582
"../../../Engine/Shaders/Private/DiaphragmDOF/DOFDownsample.ush" 2583
"../../../Engine/Shaders/Private/DiaphragmDOF/DOFHybridScatterCompilation.ush" 2584
"../../../Engine/Shaders/Private/DiaphragmDOF/DOFDownsample.usf" 2585
"../../../Engine/Shaders/Private/DiaphragmDOF/DOFCocTileDilate.usf" 2586
"../../../Engine/Shaders/Private/DiaphragmDOF/DOFCocTileFlatten.usf" 2587
"../../../Engine/Shaders/Private/DiaphragmDOF/DOFSetup.usf" 2588
"../../../Engine/Shaders/Private/Tools/DebugAlphaChannel.usf" 2589
"../../../Engine/Shaders/Private/PlanarReflectionShaders.usf" 2590
"../../../Engine/Shaders/Private/PhysicsFieldVisualizer.usf" 2591
"../../../Engine/Shaders/Private/PathTracing/PathTracingSpatialTemporalDenoising.usf" 2592
"../../../Engine/Shaders/Private/ColorDifference.ush" 2593
"../../../Engine/Shaders/Private/PathTracing/PathTracingCompositingPixelShader.usf" 2594
"../../../Engine/Shaders/Private/PathTracing/PathTracingAdaptiveUtils.ush" 2595
"../../../Engine/Shaders/Private/PathTracing/PathTracingDefaultHitShader.usf" 2596
"../../../Engine/Shaders/Private/PathTracing/PathTracingGPULightmassMaterialHitShader.usf" 2597
"../../../Engine/Shaders/Private/PathTracing/PathTracingMaterialHitShader.usf" 2598
"../../../Engine/Shaders/Private/PathTracing/Material/PathTracingSubstrateCommon.ush" 2599
"../../../Engine/Shaders/Private/PathTracing/PathTracingLightingMissShader.usf" 2600
"../../../Engine/Shaders/Private/PathTracing/PathTracingMissShader.usf" 2601
"../../../Engine/Shaders/Private/PathTracing/PathTracingAdaptiveStart.usf" 2602
"../../../Engine/Shaders/Private/PathTracing/PathTracingBuildAdaptiveError.usf" 2603
"../../../Engine/Shaders/Private/PathTracing/PathTracingVolumetricCloudMaterialShader.usf" 2604
"../../../Engine/Shaders/Private/PathTracing/Volume/PathTracingCloudsMaterialCommon.ush" 2605
"../../../Engine/Shaders/Private/PathTracing/Volume/PathTracingVolumeCommon.ush" 2606
"../../../Engine/Shaders/Private/PathTracing/Volume/PathTracingCloudsCommon.ush" 2607
"../../../Engine/Shaders/Private/PathTracing/PathTracingBuildCloud.usf" 2608
"../../../Engine/Shaders/Private/PathTracing/Volume/PathTracingAtmosphereCommon.ush" 2609
"../../../Engine/Shaders/Private/PathTracing/PathTracingBuildCloudAccelerationMap.usf" 2610
"../../../Engine/Shaders/Private/PathTracing/PathTracingBuildAtmosphereLUT.usf" 2611
"../../../Engine/Shaders/Private/PathTracing/PathTracingSwizzleScanlines.usf" 2612
"../../../Engine/Shaders/Private/PathTracing/PathTracingInitExtinctionCoefficient.usf" 2613
"../../../Engine/Shaders/Private/PathTracing/PathTracingCopyDepth.usf" 2614
"../../../Engine/Shaders/Private/PathTracing/PathTracingDebug.usf" 2615
"../../../Engine/Shaders/Private/RayTracing/RayTracingDecalGrid.ush" 2616
"../../../Engine/Shaders/Private/PathTracing/Utilities/PathTracingRIS.ush" 2617
"../../../Engine/Shaders/Private/PathTracing/Light/PathTracingLightSampling.ush" 2618
"../../../Engine/Shaders/Private/PathTracing/Light/PathTracingLightCommon.ush" 2619
"../../../Engine/Shaders/Private/PathTracing/Light/PathTracingDirectionalLight.ush" 2620
"../../../Engine/Shaders/Private/PathTracing/Light/PathTracingPointLight.ush" 2621
"../../../Engine/Shaders/Private/PathTracing/Light/PathTracingCapsuleLight.ush" 2622
"../../../Engine/Shaders/Private/PathTracing/Light/PathTracingRectLight.ush" 2623
"../../../Engine/Shaders/Private/PathTracing/Light/PathTracingSkyLight.ush" 2624
"../../../Engine/Shaders/Private/PathTracing/Light/PathTracingLightGrid.ush" 2625
"../../../Engine/Shaders/Private/PathTracing/PathTracing.usf" 2626
"../../../Engine/Shaders/Private/PathTracing/PathTracingCore.ush" 2627
"../../../Engine/Shaders/Private/HeterogeneousVolumes/HeterogeneousVolumesVoxelGridTypes.ush" 2628
"../../../Engine/Shaders/Private/PathTracing/Material/PathTracingMaterialSampling.ush" 2629
"../../../Engine/Shaders/Private/PathTracing/Material/PathTracingLambert.ush" 2630
"../../../Engine/Shaders/Private/PathTracing/Material/PathTracingSubstrate.ush" 2631
"../../../Engine/Shaders/Private/PathTracing/Material/PathTracingSubstrateFoliage.ush" 2632
"../../../Engine/Shaders/Private/PathTracing/Material/PathTracingSubstrateSolidGlass.ush" 2633
"../../../Engine/Shaders/Private/PathTracing/Material/PathTracingSubstrateThinGlass.ush" 2634
"../../../Engine/Shaders/Private/PathTracing/Material/PathTracingSolidGlass.ush" 2635
"../../../Engine/Shaders/Private/PathTracing/Material/PathTracingEnergyConservation.ush" 2636
"../../../Engine/Shaders/Private/PathTracing/Material/PathTracingThinGlass.ush" 2637
"../../../Engine/Shaders/Private/PathTracing/Material/PathTracingDefaultLit.ush" 2638
"../../../Engine/Shaders/Private/PathTracing/Material/PathTracingClearCoat.ush" 2639
"../../../Engine/Shaders/Private/PathTracing/Material/PathTracingTwoSidedFoliage.ush" 2640
"../../../Engine/Shaders/Private/PathTracing/Material/PathTracingCloth.ush" 2641
"../../../Engine/Shaders/Private/PathTracing/Material/PathTracingSubsurfaceProfile.ush" 2642
"../../../Engine/Shaders/Private/PathTracing/Material/PathTracingEye.ush" 2643
"../../../Engine/Shaders/Private/PathTracing/Material/PathTracingHair.ush" 2644
"../../../Engine/Shaders/Private/PathTracing/Material/PathTracingMedium.ush" 2645
"../../../Engine/Shaders/Private/PathTracing/Volume/PathTracingVolume.ush" 2646
"../../../Engine/Shaders/Private/PathTracing/Volume/PathTracingAtmosphere.ush" 2647
"../../../Engine/Shaders/Private/PathTracing/Volume/PathTracingClouds.ush" 2648
"../../../Engine/Shaders/Private/PathTracing/Volume/PathTracingFog.ush" 2649
"../../../Engine/Shaders/Private/PathTracing/Volume/PathTracingHeterogeneousVolumes.ush" 2650
"../../../Engine/Shaders/Private/HeterogeneousVolumes/HeterogeneousVolumesVoxelGridTraversal.ush" 2651
"../../../Engine/Shaders/Private/HeterogeneousVolumes/HeterogeneousVolumesVoxelGridUtils.ush" 2652
"../../../Engine/Shaders/Private/HeterogeneousVolumes/HeterogeneousVolumesFrustumVoxelGridUtils.ush" 2653
"../../../Engine/Shaders/Private/PathTracing/Volume/PathTracingVolumeSampling.ush" 2654
"../../../Engine/Shaders/Private/PathTracing/PathTracingBuildLightGrid.usf" 2655
"../../../Engine/Shaders/Private/PathTracing/PathTracingSkylightMISCompensation.usf" 2656
"../../../Engine/Shaders/Private/PathTracing/PathTracingSkylightPrepare.usf" 2657
"../../../Engine/Shaders/Private/OIT/OITSorting.usf" 2658
"../../../Engine/Shaders/Private/OITCombine.usf" 2659
"../../../Engine/Shaders/Private/OITCommon.ush" 2660
"../../../Engine/Shaders/Private/Nanite/Voxel/RasterizeBricks.usf" 2661
"../../../Engine/Shaders/Private/Nanite/Voxel/Brick.ush" 2662
"../../../Engine/Shaders/Private/Nanite/Voxel/Voxel.ush" 2663
"../../../Engine/Shaders/Private/Nanite/Voxel/ScatterBricks.usf" 2664
"../../../Engine/Shaders/Private/Nanite/Voxel/TileBricks.usf" 2665
"../../../Engine/Shaders/Private/Nanite/Voxel/AutoVoxel.usf" 2666
"../../../Engine/Shaders/Private/Nanite/NaniteDebugViews.usf" 2667
"../../../Engine/Shaders/Private/Nanite/NaniteEditorCommon.ush" 2668
"../../../Engine/Shaders/Private/BinarySearch.ush" 2669
"../../../Engine/Shaders/Private/Nanite/NaniteDepthDecode.usf" 2670
"../../../Engine/Shaders/Private/HTileEncoding.ush" 2671
"../../../Engine/Shaders/Private/Nanite/NaniteVisualize.usf" 2672
"../../../Engine/Shaders/Private/Nanite/NaniteStreamOut.usf" 2673
"../../../Engine/Shaders/Private/Nanite/NaniteHierarchyTraversal.ush" 2674
"../../../Engine/Shaders/Private/Skinning/TransformProviders.usf" 2675
"../../../Engine/Shaders/Private/Nanite/NaniteShadeBinning.usf" 2676
"../../../Engine/Shaders/Private/Nanite/NaniteShadeCommon.ush" 2677
"../../../Engine/Shaders/Private/Nanite/NaniteFastClear.usf" 2678
"../../../Engine/Shaders/Private/Nanite/NaniteExportGBuffer.usf" 2679
"../../../Engine/Shaders/Private/Nanite/NaniteClusterCulling.usf" 2680
"../../../Engine/Shaders/Private/Nanite/NanitePrintStats.usf" 2681
"../../../Engine/Shaders/Private/Nanite/NaniteRasterizer.usf" 2682
"../../../Engine/Shaders/Private/Nanite/NaniteRasterizationCommon.ush" 2683
"../../../Engine/Shaders/Private/Nanite/NaniteRasterizer.ush" 2684
"../../../Engine/Shaders/Private/Nanite/NaniteWritePixel.ush" 2685
"../../../Engine/Shaders/Private/Nanite/NaniteTessellation.ush" 2686
"../../../Engine/Shaders/Private/WorkDistribution.ush" 2687
"../../../Engine/Shaders/Private/Nanite/NaniteDice.ush" 2688
"../../../Engine/Shaders/Private/ShaderBundleWorkGraphCommon.ush" 2689
"../../../Engine/Shaders/Public/RootConstants.ush" 2690
"../../../Engine/Shaders/Public/Platform/D3D/D3DRootConstants.ush" 2691
"../../../Engine/Shaders/Private/Nanite/NaniteSplit.usf" 2692
"../../../Engine/Shaders/Private/Nanite/NaniteRasterBinning.usf" 2693
"../../../Engine/Shaders/Private/Nanite/NaniteInstanceCulling.usf" 2694
"../../../Engine/Shaders/Private/Nanite/NaniteImposter.ush" 2695
"../../../Engine/Shaders/Private/Nanite/NaniteInstanceHierarchyCulling.usf" 2696
"../../../Engine/Shaders/Private/Nanite/NanitePrimitiveFilter.usf" 2697
"../../../Engine/Shaders/Private/Nanite/NaniteRasterClear.usf" 2698
"../../../Engine/Shaders/Private/Nanite/NaniteDepthExport.usf" 2699
"../../../Engine/Shaders/Private/Nanite/NaniteEmitShadow.usf" 2700
"../../../Engine/Shaders/Private/MobileDeferredUtils.usf" 2701
"../../../Engine/Shaders/Private/MobileLocalLightsBuffer.usf" 2702
"../../../Engine/Shaders/Private/MobileFog.usf" 2703
"../../../Engine/Shaders/Private/DistortApplyScreenPS.usf" 2704
"../../../Engine/Shaders/Private/MobileDeferredShading.usf" 2705
"../../../Engine/Shaders/Private/MobileBasePassPixelShader.usf" 2706
"../../../Engine/Shaders/Private/MobileBasePassCommon.ush" 2707
"../../../Engine/Shaders/Private/BasePassCommon.ush" 2708
"../../../Engine/Shaders/Private/ShadingModelsMaterial.ush" 2709
"../../../Engine/Shaders/Private/ThinTranslucentCommon.ush" 2710
"../../../Engine/Shaders/Private/SingleLayerWaterShading.ush" 2711
"../../../Engine/Shaders/Private/DistortionCommon.ush" 2712
"../../../Engine/Shaders/Private/Substrate/SubstrateMobileForwardLighting.ush" 2713
"../../../Engine/Shaders/Private/MobileBasePassVertexShader.usf" 2714
"../../../Engine/Shaders/Private/MeshEdges.usf" 2715
"../../../Engine/Shaders/Private/MegaLights/MegaLightsVSMTracing.usf" 2716
"../../../Engine/Shaders/Private/MegaLights/MegaLights.ush" 2717
"../../../Engine/Shaders/Private/Lumen/LumenPosition.ush" 2718
"../../../Engine/Shaders/Private/MegaLights/MegaLightsRayTracing.ush" 2719
"../../../Engine/Shaders/Private/MegaLights/MegaLightsRayTracing.usf" 2720
"../../../Engine/Shaders/Private/DistanceField/GlobalDistanceFieldUtils.ush" 2721
"../../../Engine/Shaders/Private/Lumen/LumenScreenTracing.ush" 2722
"../../../Engine/Shaders/Private/MegaLights/MegaLightsVolumeRayTracing.usf" 2723
"../../../Engine/Shaders/Private/MegaLights/MegaLightsVolume.ush" 2724
"../../../Engine/Shaders/Private/MegaLights/MegaLightsVolumeHardwareRayTracing.usf" 2725
"../../../Engine/Shaders/Private/Lumen/LumenHardwareRayTracingCommon.ush" 2726
"../../../Engine/Shaders/Private/RayTracing/RayTracingReflectionEnvironment.ush" 2727
"../../../Engine/Shaders/Private/Lumen/LumenHardwareRayTracingPlatformCommon.ush" 2728
"../../../Engine/Shaders/Private/Lumen/LumenReflectionsCombine.ush" 2729
"../../../Engine/Shaders/Private/Lumen/LumenTracingCommon.ush" 2730
"../../../Engine/Shaders/Private/Lumen/SurfaceCache/LumenSurfaceCacheSampling.ush" 2731
"../../../Engine/Shaders/Private/Lumen/SurfaceCache/LumenSurfaceCache.ush" 2732
"../../../Engine/Shaders/Private/Lumen/LumenCardCommon.ush" 2733
"../../../Engine/Shaders/Private/Lumen/LumenCardTileShadowDownsampleFactor.ush" 2734
"../../../Engine/Shaders/Private/MegaLights/MegaLightsHardwareRayTracing.usf" 2735
"../../../Engine/Shaders/Private/MegaLights/MegaLightsFilterVisibleLightHash.usf" 2736
"../../../Engine/Shaders/Private/MegaLights/MegaLightsDenoiserSpatial.usf" 2737
"../../../Engine/Shaders/Private/MegaLights/MegaLightsShading.ush" 2738
"../../../Engine/Shaders/Private/Lumen/LumenReflectionDenoiserCommon.ush" 2739
"../../../Engine/Shaders/Private/MegaLights/MegaLightsDenoiserTemporal.usf" 2740
"../../../Engine/Shaders/Private/MegaLights/MegaLightsShading.usf" 2741
"../../../Engine/Shaders/Private/MegaLights/MegaLightsVolumeShading.usf" 2742
"../../../Engine/Shaders/Private/MegaLights/MegaLightsVisibleLightHash.usf" 2743
"../../../Engine/Shaders/Private/MegaLights/MegaLightsSampling.usf" 2744
"../../../Engine/Shaders/Private/MegaLights/MegaLightsVolumeSampling.usf" 2745
"../../../Engine/Shaders/Private/MegaLights/MegaLights.usf" 2746
"../../../Engine/Shaders/Private/Lumen/LumenVisualizeRadianceCache.usf" 2747
"../../../Engine/Shaders/Private/Lumen/LumenRadianceCacheCommon.ush" 2748
"../../../Engine/Shaders/Private/Lumen/LumenVisualizeHardwareRayTracing.usf" 2749
"../../../Engine/Shaders/Private/Lumen/LumenVisualize.ush" 2750
"../../../Engine/Shaders/Private/Lumen/LumenHairTracing.ush" 2751
"../../../Engine/Shaders/Private/Lumen/LumenVisualize.usf" 2752
"../../../Engine/Shaders/Private/Lumen/LumenSoftwareRayTracing.ush" 2753
"../../../Engine/Shaders/Private/DistanceField/GlobalDistanceFieldObjectGrid.ush" 2754
"../../../Engine/Shaders/Private/DistanceFieldLightingShared.ush" 2755
"../../../Engine/Shaders/Private/Lumen/LumenVisualizeTraces.ush" 2756
"../../../Engine/Shaders/Private/Lumen/LumenTranslucencyVolumeLighting.usf" 2757
"../../../Engine/Shaders/Private/Lumen/LumenRadianceCacheMarkCommon.ush" 2758
"../../../Engine/Shaders/Private/Lumen/LumenTranslucencyVolumeLightingShared.ush" 2759
"../../../Engine/Shaders/Private/Lumen/LumenScreenProbeCommon.ush" 2760
"../../../Engine/Shaders/Private/RayTracing/RayGenUtils.ush" 2761
"../../../Engine/Shaders/Private/Lumen/LumenRadianceCacheTracingCommon.ush" 2762
"../../../Engine/Shaders/Private/Lumen/LumenTranslucencyVolumeHardwareRayTracing.usf" 2763
"../../../Engine/Shaders/Private/Lumen/LumenTranslucencyRadianceCacheMarkShaders.usf" 2764
"../../../Engine/Shaders/Private/Lumen/SurfaceCache/LumenSurfaceCacheFeedback.usf" 2765
"../../../Engine/Shaders/Private/Lumen/SurfaceCache/LumenSurfaceCache.usf" 2766
"../../../Engine/Shaders/Private/Lumen/LumenShortRangeAOHardwareRayTracing.usf" 2767
"../../../Engine/Shaders/Private/Lumen/LumenScreenSpaceBentNormal.usf" 2768
"../../../Engine/Shaders/Private/Lumen/LumenScreenProbeTracing.usf" 2769
"../../../Engine/Shaders/Private/Lumen/LumenScreenProbeTracingCommon.ush" 2770
"../../../Engine/Shaders/Private/Lumen/LumenFloatQuantization.ush" 2771
"../../../Engine/Shaders/Private/Lumen/LumenScreenProbeImportanceSampling.usf" 2772
"../../../Engine/Shaders/Private/Lumen/LumenScreenProbeImportanceSamplingShared.ush" 2773
"../../../Engine/Shaders/Private/Lumen/LumenScreenProbeHardwareRayTracing.usf" 2774
"../../../Engine/Shaders/Private/Lumen/LumenScreenProbeGather.usf" 2775
"../../../Engine/Shaders/Private/Lumen/LumenScreenSpaceBentNormal.ush" 2776
"../../../Engine/Shaders/Private/Lumen/LumenScreenProbeLightSampling.usf" 2777
"../../../Engine/Shaders/Private/Lumen/LumenScreenProbeFiltering.usf" 2778
"../../../Engine/Shaders/Private/Lumen/LumenSceneLighting.usf" 2779
"../../../Engine/Shaders/Private/Lumen/LumenCardTile.ush" 2780
"../../../Engine/Shaders/Private/Lumen/LumenSceneLighting.ush" 2781
"../../../Engine/Shaders/Private/Lumen/Radiosity/LumenRadiosity.ush" 2782
"../../../Engine/Shaders/Private/Lumen/LumenSceneLightingDebug.usf" 2783
"../../../Engine/Shaders/Private/Lumen/LumenScene.usf" 2784
"../../../Engine/Shaders/Private/Lumen/LumenSceneDirectLightingHardwareRayTracing.usf" 2785
"../../../Engine/Shaders/Private/Lumen/LumenReflectionCommon.ush" 2786
"../../../Engine/Shaders/Private/Lumen/LumenSceneDirectLighting.ush" 2787
"../../../Engine/Shaders/Private/Lumen/LumenSceneDebugHardwareRayTracing.usf" 2788
"../../../Engine/Shaders/Private/Lumen/LumenSceneDirectLightingStochastic.usf" 2789
"../../../Engine/Shaders/Private/Lumen/LumenSceneDirectLightingSoftwareRayTracing.usf" 2790
"../../../Engine/Shaders/Private/DistanceFieldShadowingShared.ush" 2791
"../../../Engine/Shaders/Private/Lumen/LumenSceneDirectLightingPerLightShadowCommon.ush" 2792
"../../../Engine/Shaders/Private/Lumen/LumenSceneDirectLightingShadowMask.usf" 2793
"../../../Engine/Shaders/Private/Lumen/LumenSceneDirectLighting.usf" 2794
"../../../Engine/Shaders/Private/Lumen/LumenSceneDirectLightingCulling.usf" 2795
"../../../Engine/Shaders/Private/Lumen/LumenCardComputeShader.usf" 2796
"../../../Engine/Shaders/Private/Lumen/LumenCardPixelShader.usf" 2797
"../../../Engine/Shaders/Private/Lumen/LumenCardVertexShader.usf" 2798
"../../../Engine/Shaders/Private/Lumen/LumenReSTIRGather.usf" 2799
"../../../Engine/Shaders/Private/Lumen/LumenReflectionTracing.usf" 2800
"../../../Engine/Shaders/Private/Lumen/LumenReflectionDenoiserSpatial.usf" 2801
"../../../Engine/Shaders/Private/Lumen/LumenReflectionDenoiserClear.usf" 2802
"../../../Engine/Shaders/Private/Lumen/LumenReflectionDenoiserTemporal.usf" 2803
"../../../Engine/Shaders/Private/Lumen/LumenReflectionResolve.usf" 2804
"../../../Engine/Shaders/Private/Lumen/LumenReflections.usf" 2805
"../../../Engine/Shaders/Private/Lumen/LumenReflectionHardwareRayTracing.usf" 2806
"../../../Engine/Shaders/Private/Lumen/Radiosity/LumenVisualizeRadiosityProbes.usf" 2807
"../../../Engine/Shaders/Private/Lumen/Radiosity/LumenRadiosity.usf" 2808
"../../../Engine/Shaders/Private/Lumen/Radiosity/LumenRadiosityHardwareRayTracing.usf" 2809
"../../../Engine/Shaders/Private/Lumen/Radiosity/LumenRadiosityCulling.usf" 2810
"../../../Engine/Shaders/Private/Lumen/LumenRadianceCacheHardwareRayTracing.usf" 2811
"../../../Engine/Shaders/Private/Lumen/LumenRadianceCache.usf" 2812
"../../../Engine/Shaders/Private/Lumen/LumenRadianceCacheUpdate.ush" 2813
"../../../Engine/Shaders/Private/Lumen/LumenRadianceCacheDebug.usf" 2814
"../../../Engine/Shaders/Private/Lumen/LumenRadianceCacheUpdate.usf" 2815
"../../../Engine/Shaders/Private/Lumen/LumenMeshSDFCulling.usf" 2816
"../../../Engine/Shaders/Private/HybridIndirectLighting.ush" 2817
"../../../Engine/Shaders/Private/MeshDistanceFieldCommon.ush" 2818
"../../../Engine/Shaders/Private/Lumen/LumenIrradianceFieldGather.usf" 2819
"../../../Engine/Shaders/Private/Lumen/LumenHardwareRayTracingMaterials.usf" 2820
"../../../Engine/Shaders/Private/Lumen/LumenFrontLayerTranslucency.usf" 2821
"../../../Engine/Shaders/Private/LocalFogVolumes/LocalFogVolumeSplat.usf" 2822
"../../../Engine/Shaders/Private/LocalFogVolumes/LocalFogVolumeTiledCulling.usf" 2823
"../../../Engine/Shaders/Private/LightShaftShader.usf" 2824
"../../../Engine/Shaders/Private/StationaryLightOverlapShaders.usf" 2825
"../../../Engine/Shaders/Private/DeferredLightPixelShaders.usf" 2826
"../../../Engine/Shaders/Private/HairStrands/HairStrandsVisibilityUtils.ush" 2827
"../../../Engine/Shaders/Private/DeferredLightVertexShaders.usf" 2828
"../../../Engine/Shaders/Private/LightMapDensityShader.usf" 2829
"../../../Engine/Shaders/Private/LightGridInjection.usf" 2830
"../../../Engine/Shaders/Shared/LightGridDefinitions.h" 2831
"../../../Engine/Shaders/Private/LightFunctionPixelShader.usf" 2832
"../../../Engine/Shaders/Private/LightFunctionVertexShader.usf" 2833
"../../../Engine/Shaders/Private/LightFunctionAtlas/LightFunctionAtlasRender.usf" 2834
"../../../Engine/Shaders/Private/InstanceCulling/InstanceCullingOcclusionQuery.usf" 2835
"../../../Engine/Shaders/Private/InstanceCulling/InstanceCullingSetup.ush" 2836
"../../../Engine/Shaders/Private/InstanceCulling/BuildInstanceDrawCommands.usf" 2837
"../../../Engine/Shaders/Private/InstanceCulling/InstanceCompactionCommon.ush" 2838
"../../../Engine/Shaders/Private/SceneDataMobileWriter.ush" 2839
"../../../Engine/Shaders/Private/InstanceCulling/CompactVisibleInstances.usf" 2840
"../../../Engine/Shaders/Private/ReflectionEnvironmentPixelShader.usf" 2841
"../../../Engine/Shaders/Private/AmbientCubemapComposite.usf" 2842
"../../../Engine/Shaders/Private/DiffuseIndirectComposite.usf" 2843
"../../../Engine/Shaders/Private/IESAtlas.usf" 2844
"../../../Engine/Shaders/Private/HeterogeneousVolumes/HeterogeneousVolumesVoxelGridShadows.usf" 2845
"../../../Engine/Shaders/Private/HeterogeneousVolumes/HeterogeneousVolumesStochasticFiltering.ush" 2846
"../../../Engine/Shaders/Private/HeterogeneousVolumes/HeterogeneousVolumesVoxelGridRenderingUtils.ush" 2847
"../../../Engine/Shaders/Private/HeterogeneousVolumes/HeterogeneousVolumesLightingUtils.ush" 2848
"../../../Engine/Shaders/Private/HeterogeneousVolumes/HeterogeneousVolumesVoxelGridRendering.usf" 2849
"../../../Engine/Shaders/Private/HeterogeneousVolumes/HeterogeneousVolumesVoxelGridPipeline.usf" 2850
"../../../Engine/Shaders/Private/HeterogeneousVolumes/HeterogeneousVolumesMaterialBakingPipeline.usf" 2851
"../../../Engine/Shaders/Private/HeterogeneousVolumes/HeterogeneousVolumesLiveShadingUtils.ush" 2852
"../../../Engine/Shaders/Private/HeterogeneousVolumes/HeterogeneousVolumesFrustumVoxelGrid.usf" 2853
"../../../Engine/Shaders/Private/HeterogeneousVolumes/HeterogeneousVolumesSparseVoxelPipeline.usf" 2854
"../../../Engine/Shaders/Private/HeterogeneousVolumes/HeterogeneousVolumesSparseVoxelUtils.ush" 2855
"../../../Engine/Shaders/Private/HeterogeneousVolumes/HeterogeneousVolumesSparseVoxelUniformBufferUtils.ush" 2856
"../../../Engine/Shaders/Private/HeterogeneousVolumes/HeterogeneousVolumesPreshadingPipeline.usf" 2857
"../../../Engine/Shaders/Private/HeterogeneousVolumes/HeterogeneousVolumesLiveShadingShadows.usf" 2858
"../../../Engine/Shaders/Private/HeterogeneousVolumes/HeterogeneousVolumesLiveShadingGlobalPipeline.usf" 2859
"../../../Engine/Shaders/Private/HeterogeneousVolumes/HeterogeneousVolumesLiveShadingPipeline.usf" 2860
"../../../Engine/Shaders/Private/HeterogeneousVolumes/HeterogeneousVolumesHardwareRayTracing.usf" 2861
"../../../Engine/Shaders/Private/HeterogeneousVolumes/HeterogeneousVolumesAmbientOcclusionPipeline.usf" 2862
"../../../Engine/Shaders/Private/HeterogeneousVolumes/HeterogeneousVolumesComposite.usf" 2863
"../../../Engine/Shaders/Private/HdrCustomResolveShaders.usf" 2864
"../../../Engine/Shaders/Private/HairStrands/HairStrandsVoxelRasterCompute.usf" 2865
"../../../Engine/Shaders/Private/HairStrands/HairStrandsHitProxy.usf" 2866
"../../../Engine/Shaders/Private/HairStrands/HairStrandsVisibilityRasterComputeNaive.usf" 2867
"../../../Engine/Shaders/Private/HairStrands/HairStrandsVisibilityRasterHW.usf" 2868
"../../../Engine/Shaders/Private/HairStrands/HairStrandsVisibilityRasterCompute.usf" 2869
"../../../Engine/Shaders/Private/HairStrands/HairStrandsVisibilityRasterClassification.usf" 2870
"../../../Engine/Shaders/Private/HairStrands/HairStrandsCoverage.usf" 2871
"../../../Engine/Shaders/Private/HairStrands/HairStrandsVisibilityDepthPS.usf" 2872
"../../../Engine/Shaders/Private/HairStrands/HairStrandsVisibilityTransmittanceDepthPS.usf" 2873
"../../../Engine/Shaders/Private/HairStrands/HairStrandsVisibilityFillOpaqueDepthPS.usf" 2874
"../../../Engine/Shaders/Private/HairStrands/HairStrandsVisibilityCompactionComputeRaster.usf" 2875
"../../../Engine/Shaders/Private/HairStrands/HairStrandsVisibilityCompaction.usf" 2876
"../../../Engine/Shaders/Private/HairStrands/HairStrandsVisibilityCopyIndirectArg.usf" 2877
"../../../Engine/Shaders/Private/HairStrands/HairStrandsVisibilityClearPS.usf" 2878
"../../../Engine/Shaders/Private/HairStrands/HairStrandsVisibilityPS.usf" 2879
"../../../Engine/Shaders/Private/HairStrands/HairStrandsVisibilityVS.usf" 2880
"../../../Engine/Shaders/Private/HairStrands/HairStrandsVelocity.usf" 2881
"../../../Engine/Shaders/Private/HairStrands/HairStrandsVisibilityComputeSampleCoverage.usf" 2882
"../../../Engine/Shaders/Private/HairStrands/HairStrandsMaterialPS.usf" 2883
"../../../Engine/Shaders/Private/HairStrands/HairStrandsMaterialCommon.ush" 2884
"../../../Engine/Shaders/Private/HairStrands/HairStrandsMaterialVS.usf" 2885
"../../../Engine/Shaders/Private/HairStrands/HairStrandsLightSample.usf" 2886
"../../../Engine/Shaders/Private/HairStrands/HairStrandsDeepShadowMask.usf" 2887
"../../../Engine/Shaders/Private/HairStrands/HairStrandsDeepTransmittanceMask.usf" 2888
"../../../Engine/Shaders/Private/HairStrands/HairStrandsVisibilityTile.usf" 2889
"../../../Engine/Shaders/Private/HairStrands/HairStrandsDeepShadowPS.usf" 2890
"../../../Engine/Shaders/Private/HairStrands/HairStrandsDeepShadowVS.usf" 2891
"../../../Engine/Shaders/Private/HairStrands/HairStrandsAABB.usf" 2892
"../../../Engine/Shaders/Private/HairStrands/HairStrandsLUT.usf" 2893
"../../../Engine/Shaders/Private/HairStrands/HairStrandsForwardRaster.usf" 2894
"../../../Engine/Shaders/Private/HairStrands/HairStrandsForwardCulling.usf" 2895
"../../../Engine/Shaders/Private/HairStrands/HairStrandsEnvironmentLighting.usf" 2896
"../../../Engine/Shaders/Private/HairStrands/HairStrandsEnvironmentAO.usf" 2897
"../../../Engine/Shaders/Private/HairStrands/HairStrandsDeepShadowAllocation.usf" 2898
"../../../Engine/Shaders/Private/HairStrands/HairStrandsVoxelDebug.usf" 2899
"../../../Engine/Shaders/Private/HairStrands/HairStrandsComposition.usf" 2900
"../../../Engine/Shaders/Private/HairStrands/HairStrandsGBufferCommon.ush" 2901
"../../../Engine/Shaders/Private/GPUScene/GPUSceneDataManagement.usf" 2902
"../../../Engine/Shaders/Private/GPUSceneDebugRender.usf" 2903
"../../../Engine/Shaders/Private/GPUFastFourierTransform.usf" 2904
"../../../Engine/Shaders/Private/GPUFastFourierTransform2DCore.ush" 2905
"../../../Engine/Shaders/Private/GPUFastFourierTransformCore.ush" 2906
"../../../Engine/Shaders/Private/GPUBenchmark.usf" 2907
"../../../Engine/Shaders/Private/DistanceField/GlobalDistanceFieldDebug.usf" 2908
"../../../Engine/Shaders/Private/DistanceField/GlobalDistanceFieldUpdate.ush" 2909
"../../../Engine/Shaders/Private/DistanceField/GlobalDistanceFieldMip.usf" 2910
"../../../Engine/Shaders/Private/DistanceField/GlobalDistanceField.usf" 2911
"../../../Engine/Shaders/Private/DistanceField/GlobalDistanceFieldCompositeObjects.usf" 2912
"../../../Engine/Shaders/Private/DistanceField/GlobalDistanceFieldHeightfields.usf" 2913
"../../../Engine/Shaders/Private/HeightfieldLightingShared.ush" 2914
"../../../Engine/Shaders/Private/GenerateConservativeDepth.usf" 2915
"../../../Engine/Shaders/Private/HeightFogPixelShader.usf" 2916
"../../../Engine/Shaders/Private/HeightFogVertexShader.usf" 2917
"../../../Engine/Shaders/Private/DistortFiltering.usf" 2918
"../../../Engine/Shaders/Private/DistortAccumulatePS.usf" 2919
"../../../Engine/Shaders/Private/DistortAccumulateVS.usf" 2920
"../../../Engine/Shaders/Private/DistanceFieldVisualization.usf" 2921
"../../../Engine/Shaders/Private/DistanceFieldStreaming.usf" 2922
"../../../Engine/Shaders/Private/DistanceFieldShadowing.usf" 2923
"../../../Engine/Shaders/Private/DistanceFieldScreenGridLighting.usf" 2924
"../../../Engine/Shaders/Private/DistanceFieldObjectCulling.usf" 2925
"../../../Engine/Shaders/Private/DistanceFieldLightingPost.usf" 2926
"../../../Engine/Shaders/Private/DitheredTransitionStencil.usf" 2927
"../../../Engine/Shaders/Private/CopyDepthTextureCS.usf" 2928
"../../../Engine/Shaders/Private/DeferredDecal.usf" 2929
"../../../Engine/Shaders/Private/DecalCommon.ush" 2930
"../../../Engine/Shaders/Private/DebugViewModeVertexShader.usf" 2931
"../../../Engine/Shaders/Private/DebugViewModeCommon.ush" 2932
"../../../Engine/Shaders/Private/DebugViewModePixelShader.usf" 2933
"../../../Engine/Shaders/Private/DebugProbes.usf" 2934
"../../../Engine/Shaders/Private/MeshDecals.usf" 2935
"../../../Engine/Shaders/Private/PostProcessAmbientOcclusion.usf" 2936
"../../../Engine/Shaders/Private/ClusteredDeferredShadingPixelShader.usf" 2937
"../../../Engine/Shaders/Private/ClusteredDeferredShadingVertexShader.usf" 2938
"../../../Engine/Shaders/Private/CapsuleShadowShaders.usf" 2939
"../../../Engine/Shaders/Private/BasePassPixelShader.usf" 2940
"../../../Engine/Shaders/Private/ForwardLightingCommon.ush" 2941
"../../../Engine/Shaders/Private/Substrate/SubstrateForwardLighting.ush" 2942
"../../../Engine/Shaders/Private/ComputeShaderOutputCommon.ush" 2943
"../../../Engine/Shaders/Private/BasePassVertexShader.usf" 2944
"../../../Engine/Shaders/Private/BasePassVertexCommon.ush" 2945
"../../../Engine/Shaders/Private/SimpleElementVolumeTexturePreviewPixelShader.usf" 2946
"../../../Engine/Shaders/Private/SimpleElementTexture2DPreviewPixelShader.usf" 2947
"../../../Engine/Shaders/Private/meshpaintdilatepixelshader.usf" 2948
"../../../Engine/Shaders/Private/meshpaintdilatevertexshader.usf" 2949
"../../../Engine/Shaders/Private/MeshPaintPixelShader.usf" 2950
"../../../Engine/Shaders/Private/MeshPaintVertexShader.usf" 2951
"../../../Engine/Shaders/Private/SlateElementPixelShader.usf" 2952
"../../../Engine/Shaders/Private/SlateShaderCommon.ush" 2953
"../../../Engine/Shaders/Private/SlateMaskingShader.usf" 2954
"../../../Engine/Shaders/Private/SlateVertexShader.usf" 2955
"../../../Engine/Shaders/Private/CompositeUIPixelShader.usf" 2956
"../../../Engine/Shaders/Private/ColorDeficiency.ush" 2957
"../../../Engine/Shaders/Private/SlatePostProcessColorDeficiencyPixelShader.usf" 2958
"../../../Engine/Shaders/Private/SlatePostProcessPixelShader.usf" 2959
"../../../Engine/Shaders/Private/Tools/VisualizeTexture.usf" 2960
"../../../Engine/Shaders/Private/UpdateDescriptorHandle.usf" 2961
"../../../Engine/Shaders/Private/ByteBuffer.usf" 2962
"../../../Engine/Shaders/Private/ShaderBundleWorkGraphDispatch.usf" 2963
"../../../Engine/Shaders/Private/ShaderBundleDispatch.usf" 2964
"../../../Engine/Shaders/Private/ResolveVertexShader.usf" 2965
"../../../Engine/Shaders/Private/ResolvePixelShader.usf" 2966
"../../../Engine/Shaders/Private/Tools/SetupIndirectArgs.usf" 2967
"../../../Engine/Shaders/Private/ClearReplacementShaders.usf" 2968
"../../../Engine/Shaders/Private/Tools/DrawTexture.usf" 2969
"../../../Engine/Shaders/Private/RayTracing/RayTracingValidation.usf" 2970
"../../../Engine/Shaders/Private/RenderGraphUtilities.usf" 2971
"../../../Engine/Shaders/Private/OneColorShader.usf" 2972
"../../../Engine/Shaders/Private/OculusShaders.usf" 2973
"../../../Engine/Shaders/Private/MediaShaders.usf" 2974
"../../../Engine/Shaders/Private/GPUMessaging.usf" 2975
"../../../Engine/Shaders/Private/Tools/GPUDebugCrashUtils.usf" 2976
"../../../Engine/Shaders/Private/NullPixelShader.usf" 2977
"../../../Engine/Shaders/Private/ComputeGenerateMips.usf" 2978
"../../../Engine/Shaders/Private/Tools/DumpTexture.usf" 2979
"../../../Engine/Shaders/Private/CopyTextureShaders.usf" 2980
"../../../Engine/Shaders/Private/Tools/FullscreenVertexShader.usf" 2981
"../../../Engine/Shaders/Private/RayTracing/RayTracingDispatchDesc.usf" 2982
"../../../Engine/Shaders/Private/Bink.usf" 2983
"../../../Engine/Shaders/Private/VelocityShader.usf" 2984
"../../../Engine/Shaders/Private/DepthOnlyPixelShader.usf" 2985
"../../../Engine/Shaders/Private/PositionOnlyDepthVertexShader.usf" 2986
"../../../Engine/Shaders/Private/DepthOnlyVertexShader.usf" 2987
"../../../Engine/Shaders/Private/AnisotropyPassShader.usf" 2988
"C:/Users/tevaf/Desktop/Logiciels/Unreal Projects/Team6_Unreal/Content/Textures/PlayerAttack/AttackPlayer.uasset" 2989
"C:/Users/tevaf/Desktop/Logiciels/Unreal Projects/Team6_Unreal/Content/Textures/PlayerAttack/PlayerAttack.uasset" 2990
"C:/Users/tevaf/Desktop/Logiciels/Unreal Projects/Team6_Unreal/Content/Textures/PlayerAttack/a9.uasset" 2991
"C:/Users/tevaf/Desktop/Logiciels/Unreal Projects/Team6_Unreal/Content/Textures/PlayerAttack/a8_Sprite.uasset" 2992
"C:/Users/tevaf/Desktop/Logiciels/Unreal Projects/Team6_Unreal/Content/Textures/PlayerAttack/a9_Sprite.uasset" 2993
"C:/Users/tevaf/Desktop/Logiciels/Unreal Projects/Team6_Unreal/Content/Textures/PlayerAttack/a8.uasset" 2994
"C:/Users/tevaf/Desktop/Logiciels/Unreal Projects/Team6_Unreal/Content/Textures/PlayerAttack/a7_Sprite.uasset" 2995
"C:/Users/tevaf/Desktop/Logiciels/Unreal Projects/Team6_Unreal/Content/Textures/PlayerAttack/a7.uasset" 2996
"C:/Users/tevaf/Desktop/Logiciels/Unreal Projects/Team6_Unreal/Content/Textures/PlayerAttack/a5_Sprite.uasset" 2997
"C:/Users/tevaf/Desktop/Logiciels/Unreal Projects/Team6_Unreal/Content/Textures/PlayerAttack/a5.uasset" 2998
"C:/Users/tevaf/Desktop/Logiciels/Unreal Projects/Team6_Unreal/Content/Textures/PlayerAttack/a4_Sprite.uasset" 2999
"C:/Users/tevaf/Desktop/Logiciels/Unreal Projects/Team6_Unreal/Content/Textures/PlayerAttack/a4.uasset" 3000
"C:/Users/tevaf/Desktop/Logiciels/Unreal Projects/Team6_Unreal/Content/Textures/PlayerAttack/a3_Sprite.uasset" 3001
"C:/Users/tevaf/Desktop/Logiciels/Unreal Projects/Team6_Unreal/Content/Textures/PlayerAttack/a2_Sprite.uasset" 3002
"C:/Users/tevaf/Desktop/Logiciels/Unreal Projects/Team6_Unreal/Content/Textures/PlayerAttack/a3.uasset" 3003
"C:/Users/tevaf/Desktop/Logiciels/Unreal Projects/Team6_Unreal/Content/Textures/PlayerAttack/a2.uasset" 3004
"C:/Users/tevaf/Desktop/Logiciels/Unreal Projects/Team6_Unreal/Content/Textures/PlayerAttack/a1_Sprite.uasset" 3005
"C:/Users/tevaf/Desktop/Logiciels/Unreal Projects/Team6_Unreal/Content/Textures/PlayerAttack/a13_Sprite.uasset" 3006
"C:/Users/tevaf/Desktop/Logiciels/Unreal Projects/Team6_Unreal/Content/Textures/PlayerAttack/a13.uasset" 3007
"C:/Users/tevaf/Desktop/Logiciels/Unreal Projects/Team6_Unreal/Content/Textures/PlayerAttack/a12_Sprite.uasset" 3008
"C:/Users/tevaf/Desktop/Logiciels/Unreal Projects/Team6_Unreal/Content/Textures/PlayerAttack/a12.uasset" 3009
"C:/Users/tevaf/Desktop/Logiciels/Unreal Projects/Team6_Unreal/Content/Textures/PlayerAttack/a11_Sprite.uasset" 3010
"C:/Users/tevaf/Desktop/Logiciels/Unreal Projects/Team6_Unreal/Content/Textures/PlayerAttack/a11.uasset" 3011
"C:/Users/tevaf/Desktop/Logiciels/Unreal Projects/Team6_Unreal/Content/Textures/PlayerAttack/a10_Sprite.uasset" 3012
"C:/Users/tevaf/Desktop/Logiciels/Unreal Projects/Team6_Unreal/Content/Textures/PlayerAttack/a10.uasset" 3013
"C:/Users/tevaf/Desktop/Logiciels/Unreal Projects/Team6_Unreal/Content/Textures/PlayerAttack/a1.uasset" 3014
"C:/Users/tevaf/Desktop/Logiciels/Unreal Projects/Team6_Unreal/Content/Textures/EnemyStun/Stun.uasset" 3015
"C:/Users/tevaf/Desktop/Logiciels/Unreal Projects/Team6_Unreal/Content/Textures/EnemyStun/s8_Sprite.uasset" 3016
"C:/Users/tevaf/Desktop/Logiciels/Unreal Projects/Team6_Unreal/Content/Textures/EnemyStun/s8.uasset" 3017
"C:/Users/tevaf/Desktop/Logiciels/Unreal Projects/Team6_Unreal/Content/Textures/EnemyStun/s7_Sprite.uasset" 3018
"C:/Users/tevaf/Desktop/Logiciels/Unreal Projects/Team6_Unreal/Content/Textures/EnemyStun/s7.uasset" 3019
"C:/Users/tevaf/Desktop/Logiciels/Unreal Projects/Team6_Unreal/Content/Textures/EnemyStun/s6_Sprite.uasset" 3020
"C:/Users/tevaf/Desktop/Logiciels/Unreal Projects/Team6_Unreal/Content/Textures/EnemyStun/s6.uasset" 3021
"C:/Users/tevaf/Desktop/Logiciels/Unreal Projects/Team6_Unreal/Content/Textures/EnemyStun/s5_Sprite.uasset" 3022
"C:/Users/tevaf/Desktop/Logiciels/Unreal Projects/Team6_Unreal/Content/Textures/EnemyStun/s5.uasset" 3023
"C:/Users/tevaf/Desktop/Logiciels/Unreal Projects/Team6_Unreal/Content/Textures/EnemyStun/s4_Sprite.uasset" 3024
"C:/Users/tevaf/Desktop/Logiciels/Unreal Projects/Team6_Unreal/Content/Textures/EnemyStun/s4.uasset" 3025
"C:/Users/tevaf/Desktop/Logiciels/Unreal Projects/Team6_Unreal/Content/Textures/EnemyStun/s3_Sprite.uasset" 3026
"C:/Users/tevaf/Desktop/Logiciels/Unreal Projects/Team6_Unreal/Content/Textures/EnemyStun/s3.uasset" 3027
"C:/Users/tevaf/Desktop/Logiciels/Unreal Projects/Team6_Unreal/Content/Textures/EnemyStun/s2_Sprite.uasset" 3028
"C:/Users/tevaf/Desktop/Logiciels/Unreal Projects/Team6_Unreal/Content/Textures/EnemyStun/s2.uasset" 3029
"C:/Users/tevaf/Desktop/Logiciels/Unreal Projects/Team6_Unreal/Content/Textures/EnemyStun/s1_Sprite.uasset" 3030
"C:/Users/tevaf/Desktop/Logiciels/Unreal Projects/Team6_Unreal/Content/Textures/EnemyStun/s1.uasset" 3031
"C:/Users/tevaf/Desktop/Logiciels/Unreal Projects/Team6_Unreal/Content/Textures/EnemyStun/PF_EnemyStun.uasset" 3032
"C:/Users/tevaf/Desktop/Logiciels/Unreal Projects/Team6_Unreal/Content/Textures/Enemy/Line_Marche/Line_Walk.uasset" 3033
"C:/Users/tevaf/Desktop/Logiciels/Unreal Projects/Team6_Unreal/Content/Textures/Enemy/Line_Marche/Line_Marche_5_Sprite.uasset" 3034
"C:/Users/tevaf/Desktop/Logiciels/Unreal Projects/Team6_Unreal/Content/Textures/Enemy/Line_Marche/Line_Marche_5.uasset" 3035
"C:/Users/tevaf/Desktop/Logiciels/Unreal Projects/Team6_Unreal/Content/Textures/Enemy/Line_Marche/Line_Marche_4_Sprite.uasset" 3036
"C:/Users/tevaf/Desktop/Logiciels/Unreal Projects/Team6_Unreal/Content/Textures/Enemy/Line_Marche/Line_Marche_4.uasset" 3037
"C:/Users/tevaf/Desktop/Logiciels/Unreal Projects/Team6_Unreal/Content/Textures/Enemy/Line_Marche/Line_Marche_3_Sprite.uasset" 3038
"C:/Users/tevaf/Desktop/Logiciels/Unreal Projects/Team6_Unreal/Content/Textures/Enemy/Line_Marche/Line_Marche_3.uasset" 3039
"C:/Users/tevaf/Desktop/Logiciels/Unreal Projects/Team6_Unreal/Content/Textures/Enemy/Line_Marche/Line_Marche_2_Sprite.uasset" 3040
"C:/Users/tevaf/Desktop/Logiciels/Unreal Projects/Team6_Unreal/Content/Textures/Enemy/Line_Marche/Line_Marche_2.uasset" 3041
"C:/Users/tevaf/Desktop/Logiciels/Unreal Projects/Team6_Unreal/Content/Textures/Enemy/Line_Marche/Line_Marche_1_Sprite.uasset" 3042
"C:/Users/tevaf/Desktop/Logiciels/Unreal Projects/Team6_Unreal/Content/Textures/Enemy/Line_Marche/Line_Marche_1.uasset" 3043
"C:/Users/tevaf/Desktop/Logiciels/Unreal Projects/Team6_Unreal/Content/Textures/Enemy/Line_Marche/Line_Marche.uasset" 3044
"C:/Users/tevaf/Desktop/Logiciels/Unreal Projects/Team6_Unreal/Content/Textures/Enemy/Line_Chute/Line_Chute_3_Sprite.uasset" 3045
"C:/Users/tevaf/Desktop/Logiciels/Unreal Projects/Team6_Unreal/Content/Textures/Enemy/Line_Chute/Line_Chute_3.uasset" 3046
"C:/Users/tevaf/Desktop/Logiciels/Unreal Projects/Team6_Unreal/Content/Textures/Enemy/Line_Chute/Line_Chute_2_Sprite.uasset" 3047
"C:/Users/tevaf/Desktop/Logiciels/Unreal Projects/Team6_Unreal/Content/Textures/Enemy/Line_Chute/Line_Chute_2.uasset" 3048
"C:/Users/tevaf/Desktop/Logiciels/Unreal Projects/Team6_Unreal/Content/Textures/Enemy/Line_Chute/Line_Chute_1_Sprite.uasset" 3049
"C:/Users/tevaf/Desktop/Logiciels/Unreal Projects/Team6_Unreal/Content/Textures/Enemy/Line_Chute/Line_Chute_1.uasset" 3050
"C:/Users/tevaf/Desktop/Logiciels/Unreal Projects/Team6_Unreal/Content/Textures/Enemy/Croquis_Marche/Croquis_Marche_5_Sprite.uasset" 3051
"C:/Users/tevaf/Desktop/Logiciels/Unreal Projects/Team6_Unreal/Content/Textures/Enemy/Croquis_Marche/Croquis_Marche_4_Sprite.uasset" 3052
"C:/Users/tevaf/Desktop/Logiciels/Unreal Projects/Team6_Unreal/Content/Textures/Enemy/Croquis_Marche/Croquis_Marche_5.uasset" 3053
"C:/Users/tevaf/Desktop/Logiciels/Unreal Projects/Team6_Unreal/Content/Textures/Enemy/Croquis_Marche/Croquis_Marche_4.uasset" 3054
"C:/Users/tevaf/Desktop/Logiciels/Unreal Projects/Team6_Unreal/Content/Textures/Enemy/Croquis_Marche/Croquis_Marche_3_Sprite.uasset" 3055
"C:/Users/tevaf/Desktop/Logiciels/Unreal Projects/Team6_Unreal/Content/Textures/Enemy/Croquis_Marche/Croquis_Marche_3.uasset" 3056
"C:/Users/tevaf/Desktop/Logiciels/Unreal Projects/Team6_Unreal/Content/Textures/Enemy/Croquis_Marche/Croquis_Marche_2_Sprite.uasset" 3057
"C:/Users/tevaf/Desktop/Logiciels/Unreal Projects/Team6_Unreal/Content/Textures/Enemy/Croquis_Marche/Croquis_Marche_2.uasset" 3058
"C:/Users/tevaf/Desktop/Logiciels/Unreal Projects/Team6_Unreal/Content/Textures/Enemy/Croquis_Marche/Croquis_Marche_1_Sprite.uasset" 3059
"C:/Users/tevaf/Desktop/Logiciels/Unreal Projects/Team6_Unreal/Content/Textures/Enemy/Croquis_Marche/Croquis_Marche_1.uasset" 3060
"C:/Users/tevaf/Desktop/Logiciels/Unreal Projects/Team6_Unreal/Content/Textures/Enemy/Croquis_Chute/Croquis_Chute_3_Sprite.uasset" 3061
"C:/Users/tevaf/Desktop/Logiciels/Unreal Projects/Team6_Unreal/Content/Textures/Enemy/Croquis_Chute/Croquis_Chute_3.uasset" 3062
"C:/Users/tevaf/Desktop/Logiciels/Unreal Projects/Team6_Unreal/Content/Textures/Enemy/Croquis_Chute/Croquis_Chute_2_Sprite.uasset" 3063
"C:/Users/tevaf/Desktop/Logiciels/Unreal Projects/Team6_Unreal/Content/Textures/Enemy/Croquis_Chute/Croquis_Chute_2.uasset" 3064
"C:/Users/tevaf/Desktop/Logiciels/Unreal Projects/Team6_Unreal/Content/Textures/Enemy/Croquis_Chute/Croquis_Chute_1_Sprite.uasset" 3065
"C:/Users/tevaf/Desktop/Logiciels/Unreal Projects/Team6_Unreal/Content/Textures/Enemy/Croquis_Chute/Croquis_Chute_1.uasset" 3066
"C:/Users/tevaf/Desktop/Logiciels/Unreal Projects/Team6_Unreal/Content/Textures/Enemy/Colored_Marche/Colored_Marche_5.uasset" 3067
"C:/Users/tevaf/Desktop/Logiciels/Unreal Projects/Team6_Unreal/Content/Textures/Enemy/Colored_Marche/Colored_Marche_4_Sprite.uasset" 3068
"C:/Users/tevaf/Desktop/Logiciels/Unreal Projects/Team6_Unreal/Content/Textures/Enemy/Colored_Marche/Colored_Marche_5_Sprite.uasset" 3069
"C:/Users/tevaf/Desktop/Logiciels/Unreal Projects/Team6_Unreal/Content/Textures/Enemy/Colored_Marche/Colored_Marche_4.uasset" 3070
"C:/Users/tevaf/Desktop/Logiciels/Unreal Projects/Team6_Unreal/Content/Textures/Enemy/Colored_Marche/Colored_Marche_3_Sprite.uasset" 3071
"C:/Users/tevaf/Desktop/Logiciels/Unreal Projects/Team6_Unreal/Content/Textures/Enemy/Colored_Marche/Colored_Marche_3.uasset" 3072
"C:/Users/tevaf/Desktop/Logiciels/Unreal Projects/Team6_Unreal/Content/Textures/Enemy/Colored_Marche/Colored_Marche_2_Sprite.uasset" 3073
"C:/Users/tevaf/Desktop/Logiciels/Unreal Projects/Team6_Unreal/Content/Textures/Enemy/Colored_Marche/Colored_Marche_2.uasset" 3074
"C:/Users/tevaf/Desktop/Logiciels/Unreal Projects/Team6_Unreal/Content/Textures/Enemy/Colored_Marche/Colored_Marche_1_Sprite.uasset" 3075
"C:/Users/tevaf/Desktop/Logiciels/Unreal Projects/Team6_Unreal/Content/Textures/Enemy/Colored_Marche/Colored_Marche_1.uasset" 3076
"C:/Users/tevaf/Desktop/Logiciels/Unreal Projects/Team6_Unreal/Content/Textures/Enemy/Colored_Chute/Colored_Chute_3_Sprite.uasset" 3077
"C:/Users/tevaf/Desktop/Logiciels/Unreal Projects/Team6_Unreal/Content/Textures/Enemy/Colored_Chute/Colored_Chute_3.uasset" 3078
"C:/Users/tevaf/Desktop/Logiciels/Unreal Projects/Team6_Unreal/Content/Textures/Enemy/Colored_Chute/Colored_Chute_2_Sprite.uasset" 3079
"C:/Users/tevaf/Desktop/Logiciels/Unreal Projects/Team6_Unreal/Content/Textures/Enemy/Colored_Chute/Colored_Chute_2.uasset" 3080
"C:/Users/tevaf/Desktop/Logiciels/Unreal Projects/Team6_Unreal/Content/Textures/Enemy/Colored_Chute/Colored_Chute_1_Sprite.uasset" 3081
"C:/Users/tevaf/Desktop/Logiciels/Unreal Projects/Team6_Unreal/Content/Textures/Enemy/Colored_Chute/Colored_Chute_1.uasset" 3082
"C:/Users/tevaf/Desktop/Logiciels/Unreal Projects/Team6_Unreal/Content/MyGame/Blueprints/Character/BP_FirstPersonCharacter.uasset" 3083
"C:/Users/tevaf/Desktop/Logiciels/Unreal Projects/Team6_Unreal/Content/MyGame/Blueprints/Character/BP_Enemy.uasset" 3084
"C:/Users/tevaf/Desktop/Logiciels/Unreal Projects/Team6_Unreal/Content/__ExternalActors__/MyGame/Maps/FirstPersonMap/5/GA/E81BULLOIVZ942Y32Q19V3.uasset" 3085
"/Engine/EditorResources/S_Actor" 3086
"../../../Engine/Content/EditorResources/S_Actor.uasset" 3087
"/Engine/EditorResources/S_BoxReflectionCapture" 3088
"../../../Engine/Content/EditorResources/S_BoxReflectionCapture.uasset" 3089
"/Engine/EngineResources/DefaultTexture" 3090
"../../../Engine/Content/EngineResources/DefaultTexture.uasset" 3091
"/Engine/EngineResources/DefaultTextureCube" 3092
"../../../Engine/Content/EngineResources/DefaultTextureCube.uasset" 3093
"/Engine/EngineResources/DefaultVolumeTexture" 3094
"../../../Engine/Content/EngineResources/DefaultVolumeTexture.uasset" 3095
"../../../Engine/Content/EngineResources/DefaultVolumeTexture2D.uasset" 3096
"/Engine/EngineFonts/RobotoDistanceField" 3097
"../../../Engine/Content/EngineFonts/RobotoDistanceField.uasset" 3098
"/Engine/EngineMaterials/DefaultTextMaterialOpaque" 3099
"../../../Engine/Content/EngineMaterials/DefaultTextMaterialOpaque.uasset" 3100
"/Engine/Functions/Engine_MaterialFunctions01/Shading/PowerToRoughness" 3101
"../../../Engine/Content/Functions/Engine_MaterialFunctions01/Shading/PowerToRoughness.uasset" 3102
"/Engine/Functions/Engine_MaterialFunctions01/Shading/ConvertFromDiffSpec" 3103
"../../../Engine/Content/Functions/Engine_MaterialFunctions01/Shading/ConvertFromDiffSpec.uasset" 3104
"/Engine/EngineMaterials/WorldGridMaterial" 3105
"../../../Engine/Content/EngineMaterials/WorldGridMaterial.uasset" 3106
"../../../Engine/Content/Functions/Engine_MaterialFunctions01/Opacity/CameraDepthFade.uasset" 3107
"../../../Engine/Content/EngineMaterials/T_Default_Material_Grid_M.uasset" 3108
"../../../Engine/Content/EngineMaterials/T_Default_Material_Grid_N.uasset" 3109
"/Engine/EngineMaterials/DefaultDeferredDecalMaterial" 3110
"../../../Engine/Content/EngineMaterials/DefaultDeferredDecalMaterial.uasset" 3111
"../../../Engine/Content/EngineMaterials/DefaultDiffuse.uasset" 3112
"/Engine/EngineMaterials/DefaultLightFunctionMaterial" 3113
"../../../Engine/Content/EngineMaterials/DefaultLightFunctionMaterial.uasset" 3114
"/Engine/EngineMaterials/DefaultPostProcessMaterial" 3115
"../../../Engine/Content/EngineMaterials/DefaultPostProcessMaterial.uasset" 3116
"../../../Engine/Content/Functions/Engine_MaterialFunctions02/Utility/BreakOutFloat2Components.uasset" 3117
"/Engine/EditorResources/S_Trigger" 3118
"../../../Engine/Content/EditorResources/S_Trigger.uasset" 3119
"/Engine/EditorResources/S_TriggerBox" 3120
"../../../Engine/Content/EditorResources/S_TriggerBox.uasset" 3121
"/Engine/EditorResources/S_TriggerCapsule" 3122
"../../../Engine/Content/EditorResources/S_TriggerCapsule.uasset" 3123
"/Engine/EditorResources/S_TriggerSphere" 3124
"../../../Engine/Content/EditorResources/S_TriggerSphere.uasset" 3125
"/Engine/EngineDamageTypes/DmgTypeBP_Environmental" 3126
"../../../Engine/Content/EngineDamageTypes/DmgTypeBP_Environmental.uasset" 3127
"/Engine/EngineSky/VolumetricClouds/m_SimpleVolumetricCloud_Inst" 3128
"../../../Engine/Content/EngineSky/VolumetricClouds/m_SimpleVolumetricCloud_Inst.uasset" 3129
"../../../Engine/Content/EngineSky/VolumetricClouds/m_SimpleVolumetricCloud.uasset" 3130
"../../../Engine/Content/Functions/Engine_MaterialFunctions01/Units/Km-to-Cm.uasset" 3131
"../../../Engine/Content/Functions/Engine_MaterialFunctions02/Utility/BreakOutFloat3Components.uasset" 3132
"../../../Engine/Content/Functions/Engine_MaterialFunctions02/Utility/BreakOutFloat4Components.uasset" 3133
"../../../Engine/Content/Functions/Engine_MaterialFunctions02/Utility/MakeFloat3.uasset" 3134
"../../../Engine/Content/Functions/Engine_MaterialFunctions02/Utility/MakeFloat4.uasset" 3135
"../../../Engine/Content/EngineSky/VolumetricClouds/T_CloudMask.uasset" 3136
"../../../Engine/Content/EngineSky/VolumetricClouds/T_CloudPattern.uasset" 3137
"../../../Engine/Content/EngineSky/VolumetricClouds/T_Profile_08.uasset" 3138
"../../../Engine/Content/EngineSky/VolumetricClouds/VT_Lightning.uasset" 3139
"../../../Engine/Content/EngineSky/VolumetricClouds/VT_PerlinWorley_Balanced.uasset" 3140
"/Engine/EngineMeshes/Sphere" 3141
"../../../Engine/Content/EngineMeshes/Sphere.uasset" 3142
"/Engine/EngineResources/WhiteSquareTexture" 3143
"../../../Engine/Content/EngineResources/WhiteSquareTexture.uasset" 3144
"/Engine/EngineResources/GradientTexture0" 3145
"../../../Engine/Content/EngineResources/GradientTexture0.uasset" 3146
"/Engine/EngineResources/Black" 3147
"../../../Engine/Content/EngineResources/Black.uasset" 3148
"/Engine/EngineMaterials/Widget3DPassThrough_Translucent" 3149
"../../../Engine/Content/EngineMaterials/Widget3DPassThrough_Translucent.uasset" 3150
"../../../Engine/Content/EngineMaterials/Widget3DPassThrough.uasset" 3151
"/Engine/EngineMaterials/Widget3DPassThrough_Translucent_OneSided" 3152
"../../../Engine/Content/EngineMaterials/Widget3DPassThrough_Translucent_OneSided.uasset" 3153
"/Engine/EngineMaterials/Widget3DPassThrough_Opaque" 3154
"../../../Engine/Content/EngineMaterials/Widget3DPassThrough_Opaque.uasset" 3155
"/Engine/EngineMaterials/Widget3DPassThrough_Opaque_OneSided" 3156
"../../../Engine/Content/EngineMaterials/Widget3DPassThrough_Opaque_OneSided.uasset" 3157
"/Engine/EngineMaterials/Widget3DPassThrough_Masked" 3158
"../../../Engine/Content/EngineMaterials/Widget3DPassThrough_Masked.uasset" 3159
"/Engine/EngineMaterials/Widget3DPassThrough_Masked_OneSided" 3160
"../../../Engine/Content/EngineMaterials/Widget3DPassThrough_Masked_OneSided.uasset" 3161
"/Engine/VREditor/TransformGizmo/SM_Sequencer_Node" 3162
"../../../Engine/Content/VREditor/TransformGizmo/SM_Sequencer_Node.uasset" 3163
"../../../Engine/Content/VREditor/TransformGizmo/Main.uasset" 3164
"../../../Engine/Content/VREditor/TransformGizmo/Xray.uasset" 3165
"/Engine/EditorResources/S_Solver" 3166
"../../../Engine/Content/EditorResources/S_Solver.uasset" 3167
"/Engine/EngineDebugMaterials/VolumeToRender" 3168
"../../../Engine/Content/EngineDebugMaterials/VolumeToRender.uasset" 3169
"/Engine/EngineDebugMaterials/M_VolumeRenderSphereTracePP" 3170
"../../../Engine/Content/EngineDebugMaterials/M_VolumeRenderSphereTracePP.uasset" 3171
"../../../Engine/Content/Functions/Engine_MaterialFunctions02/Utility/CameraDirectionVector.uasset" 3172
"/Engine/VREditor/ViewportInteractionAssetContainerData" 3173
"../../../Engine/Content/VREditor/ViewportInteractionAssetContainerData.uasset" 3174
"../../../Engine/Content/VREditor/SnapGrid/SnapGridMaterial.uasset" 3175
"../../../Engine/Content/VREditor/TransformGizmo/TransformGizmoMaterial_Inst.uasset" 3176
"../../../Engine/Content/VREditor/TransformGizmo/TranslucentTransformGizmoMaterial_Inst.uasset" 3177
"../../../Engine/Content/VREditor/SnapGrid/SnapGridPlaneMesh.uasset" 3178
"../../../Engine/Content/VREditor/Sounds/UI/Drop_Item_From_ContentBrowser.uasset" 3179
"../../../Engine/Content/VREditor/Sounds/UI/Gizmo_Handle_Clicked.uasset" 3180
"../../../Engine/Content/VREditor/Sounds/UI/Object_PickUp.uasset" 3181
"../../../Engine/Content/VREditor/Sounds/UI/Object_Snaps_To_Another_Actor.uasset" 3182
"../../../Engine/Content/VREditor/Sounds/UI/Object_Snaps_To_Grid.uasset" 3183
"../../../Engine/Content/VREditor/Sounds/UI/Scaling_Down.uasset" 3184
"../../../Engine/Content/VREditor/Sounds/UI/Scaling_Up.uasset" 3185
"../../../Engine/Content/VREditor/Sounds/UI/Selection_Changes.uasset" 3186
"../../../Engine/Content/VREditor/TransformGizmo/PlaneTranslationHandle.uasset" 3187
"../../../Engine/Content/VREditor/TransformGizmo/RotationHandleFull.uasset" 3188
"../../../Engine/Content/VREditor/TransformGizmo/RotationHandleIndicator.uasset" 3189
"../../../Engine/Content/VREditor/TransformGizmo/RotationHandleQuarter.uasset" 3190
"../../../Engine/Content/VREditor/TransformGizmo/StartRotationHandleIndicator.uasset" 3191
"../../../Engine/Content/VREditor/TransformGizmo/TransformGizmoFreeRotation.uasset" 3192
"../../../Engine/Content/VREditor/TransformGizmo/TranslateArrowHandle.uasset" 3193
"../../../Engine/Content/VREditor/TransformGizmo/UniformScaleHandle.uasset" 3194
"../../../Engine/Content/Functions/Engine_MaterialFunctions02/Math/Transform3x3Matrix.uasset" 3195
"../../../Engine/Content/Functions/Engine_MaterialFunctions02/SplitComponents.uasset" 3196
"../../../Engine/Content/VREditor/TransformGizmo/TransformGizmoMaterial.uasset" 3197
"../../../Engine/Content/VREditor/TransformGizmo/TranslucentTransformGizmoMaterial.uasset" 3198
"../../../Engine/Content/VREditor/LaserPointer/VR_LaserPower_01.uasset" 3199
"/Engine/VREditor/TransformGizmo/BoundingBoxCorner" 3200
"../../../Engine/Content/VREditor/TransformGizmo/BoundingBoxCorner.uasset" 3201
"/Engine/VREditor/TransformGizmo/BoundingBoxEdge" 3202
"../../../Engine/Content/VREditor/TransformGizmo/BoundingBoxEdge.uasset" 3203
"/Engine/EditorMeshes/Camera/SM_CraneRig_Base" 3204
"../../../Engine/Content/EditorMeshes/Camera/SM_CraneRig_Base.uasset" 3205
"../../../Engine/Content/EditorMaterials/Camera/MI_CineMat_Rig.uasset" 3206
"../../../Engine/Content/EditorMaterials/Camera/CineMat.uasset" 3207
"/Engine/EditorMeshes/Camera/SM_CraneRig_Arm" 3208
"../../../Engine/Content/EditorMeshes/Camera/SM_CraneRig_Arm.uasset" 3209
"/Engine/EditorMeshes/Camera/SM_CraneRig_Mount" 3210
"../../../Engine/Content/EditorMeshes/Camera/SM_CraneRig_Mount.uasset" 3211
"/Engine/EditorMeshes/Camera/SM_CraneRig_Body" 3212
"../../../Engine/Content/EditorMeshes/Camera/SM_CraneRig_Body.uasset" 3213
"/Engine/EditorMeshes/Camera/SM_RailRig_Track" 3214
"../../../Engine/Content/EditorMeshes/Camera/SM_RailRig_Track.uasset" 3215
"/Engine/EditorMeshes/Camera/SM_RailRig_Mount" 3216
"../../../Engine/Content/EditorMeshes/Camera/SM_RailRig_Mount.uasset" 3217
"/Engine/ArtTools/RenderToTexture/Meshes/S_1_Unit_Plane" 3218
"../../../Engine/Content/ArtTools/RenderToTexture/Meshes/S_1_Unit_Plane.uasset" 3219
"/Engine/EngineDebugMaterials/M_SimpleUnlitTranslucent" 3220
"../../../Engine/Content/EngineDebugMaterials/M_SimpleUnlitTranslucent.uasset" 3221
"/Engine/EngineFonts/Roboto" 3222
"../../../Engine/Content/EngineFonts/Roboto.uasset" 3223
"../../../Engine/Content/EngineFonts/Faces/DroidSansFallback.uasset" 3224
"../../../Engine/Content/EngineFonts/Faces/RobotoBold.uasset" 3225
"../../../Engine/Content/EngineFonts/Faces/RobotoBoldItalic.uasset" 3226
"../../../Engine/Content/EngineFonts/Faces/RobotoItalic.uasset" 3227
"../../../Engine/Content/EngineFonts/Faces/RobotoLight.uasset" 3228
"../../../Engine/Content/EngineFonts/Faces/RobotoRegular.uasset" 3229
"/Engine/EditorMaterials/ParticleSystems/PSysThumbnail_NoImage" 3230
"../../../Engine/Content/EditorMaterials/ParticleSystems/PSysThumbnail_NoImage.uasset" 3231
"/Engine/EditorMaterials/ParticleSystems/PSysThumbnail_OOD" 3232
"../../../Engine/Content/EditorMaterials/ParticleSystems/PSysThumbnail_OOD.uasset" 3233
"/Engine/EditorLandscapeResources/SplineEditorMesh" 3234
"../../../Engine/Content/EditorLandscapeResources/SplineEditorMesh.uasset" 3235
"../../../Engine/Content/EditorLandscapeResources/SplineEditorMeshMat.uasset" 3236
"/Engine/EngineResources/LandscapeVisibilityLayerInfo" 3237
"../../../Engine/Content/EngineResources/LandscapeVisibilityLayerInfo.uasset" 3238
"/HairStrands/Materials/HairDebugMaterial" 3239
"../../Plugins/Runtime/HairStrands/Content/Materials/HairDebugMaterial.uasset" 3240
"../../../Engine/Content/Functions/Engine_MaterialFunctions02/Utility/MakeFloat2.uasset" 3241
"../../../Engine/Content/EngineMaterials/HairColorMap.uasset" 3242
"../../../Engine/Content/EngineMaterials/HairDebugColor.uasset" 3243
"../../Plugins/Runtime/HairStrands/Content/Materials/HairGroupColors.uasset" 3244
"/HairStrands/Materials/HairDefaultMaterial" 3245
"../../Plugins/Runtime/HairStrands/Content/Materials/HairDefaultMaterial.uasset" 3246
"/HairStrands/Materials/HairCardsDefaultMaterial" 3247
"../../Plugins/Runtime/HairStrands/Content/Materials/HairCardsDefaultMaterial.uasset" 3248
"/HairStrands/Materials/HairMeshesDefaultMaterial" 3249
"../../Plugins/Runtime/HairStrands/Content/Materials/HairMeshesDefaultMaterial.uasset" 3250
"../../../Engine/Content/Internationalization/icudt64l/coll/en.res" 3251
"/ACLPlugin/ACLAnimBoneCompressionSettings" 3252
"../../Plugins/Animation/ACLPlugin/Content/ACLAnimBoneCompressionSettings.uasset" 3253
"/Engine/Animation/DefaultRecorderBoneCompression" 3254
"../../../Engine/Content/Animation/DefaultRecorderBoneCompression.uasset" 3255
"/ACLPlugin/ACLAnimCurveCompressionSettings" 3256
"../../Plugins/Animation/ACLPlugin/Content/ACLAnimCurveCompressionSettings.uasset" 3257
"/Engine/Animation/DefaultVariableFrameStrippingSettings" 3258
"../../../Engine/Content/Animation/DefaultVariableFrameStrippingSettings.uasset" 3259
"/ControlRig/Controls/ControlRigXRayMaterial" 3260
"../../Plugins/Animation/ControlRig/Content/Controls/ControlRigXRayMaterial.uasset" 3261
"/ControlRig/Controls/DefaultGizmoLibraryNormalized" 3262
"../../Plugins/Animation/ControlRig/Content/Controls/DefaultGizmoLibraryNormalized.uasset" 3263
"/InterchangeAssets/gltf/MaterialBodies/MF_Default_Body" 3264
"../../Plugins/Interchange/Assets/Content/gltf/MaterialBodies/MF_Default_Body.uasset" 3265
"../../Plugins/Interchange/Assets/Content/gltf/MaterialFunctions/MF_BaseColor.uasset" 3266
"../../Plugins/Interchange/Assets/Content/gltf/MaterialFunctions/MF_Emissive.uasset" 3267
"../../Plugins/Interchange/Assets/Content/gltf/MaterialFunctions/MF_IOR.uasset" 3268
"../../Plugins/Interchange/Assets/Content/gltf/MaterialFunctions/MF_Iridescence.uasset" 3269
"../../Plugins/Interchange/Assets/Content/gltf/MaterialFunctions/MF_MetallicRoughness.uasset" 3270
"../../Plugins/Interchange/Assets/Content/gltf/MaterialFunctions/MF_Normals.uasset" 3271
"../../Plugins/Interchange/Assets/Content/gltf/MaterialFunctions/MF_Occlusion.uasset" 3272
"../../Plugins/Interchange/Assets/Content/gltf/MaterialFunctions/MF_ScaleNormal.uasset" 3273
"../../Plugins/Interchange/Assets/Content/gltf/MaterialFunctions/MF_Specular.uasset" 3274
"../../Plugins/Interchange/Assets/Content/gltf/MaterialFunctions/MF_SpecularAnisotropy.uasset" 3275
"../../Plugins/Interchange/Assets/Content/gltf/MaterialFunctions/MF_TransformUVs.uasset" 3276
"../../Plugins/Interchange/Assets/Content/gltf/Textures/T_Anisotropy_Direction_Linear.uasset" 3277
"../../Plugins/Interchange/Assets/Content/gltf/Textures/T_Generic_N.uasset" 3278
"../../Plugins/Interchange/Assets/Content/gltf/Textures/T_White_Linear.uasset" 3279
"../../Plugins/Interchange/Assets/Content/gltf/Textures/T_White_srgb.uasset" 3280
"../../Plugins/Interchange/Assets/Content/Functions/MF_Iridescence.uasset" 3281
"../../Plugins/Interchange/Assets/Content/gltf/MaterialFunctions/MF_RotateNormals_TS.uasset" 3282
"../../Plugins/Interchange/Assets/Content/gltf/MaterialFunctions/MF_RotateV2.uasset" 3283
"../../../Engine/Content/Functions/Engine_MaterialFunctions03/Math/RemapValueRange.uasset" 3284
"../../Plugins/Interchange/Assets/Content/Utilities/New_LUT.uasset" 3285
"/InterchangeAssets/gltf/MaterialBodies/MF_Unlit_Body" 3286
"../../Plugins/Interchange/Assets/Content/gltf/MaterialBodies/MF_Unlit_Body.uasset" 3287
"/InterchangeAssets/gltf/MaterialBodies/MF_ClearCoat_Body" 3288
"../../Plugins/Interchange/Assets/Content/gltf/MaterialBodies/MF_ClearCoat_Body.uasset" 3289
"../../Plugins/Interchange/Assets/Content/gltf/MaterialFunctions/MF_Clearcoat.uasset" 3290
"../../../Engine/Content/Functions/Engine_MaterialFunctions01/Texturing/FlattenNormal.uasset" 3291
"/InterchangeAssets/gltf/MaterialBodies/MF_Sheen_Body" 3292
"../../Plugins/Interchange/Assets/Content/gltf/MaterialBodies/MF_Sheen_Body.uasset" 3293
"../../Plugins/Interchange/Assets/Content/gltf/MaterialFunctions/MF_Sheen.uasset" 3294
"/InterchangeAssets/gltf/MaterialBodies/MF_Transmission_Body" 3295
"../../Plugins/Interchange/Assets/Content/gltf/MaterialBodies/MF_Transmission_Body.uasset" 3296
"../../Plugins/Interchange/Assets/Content/gltf/MaterialFunctions/MF_Fresnel_DS.uasset" 3297
"../../Plugins/Interchange/Assets/Content/gltf/MaterialFunctions/MF_Temporal_Blur.uasset" 3298
"../../Plugins/Interchange/Assets/Content/gltf/MaterialFunctions/MF_Transmission.uasset" 3299
"../../../Engine/Content/Functions/Engine_MaterialFunctions02/Texturing/ScreenAlignedPixelToPixelUVs.uasset" 3300
"../../../Engine/Content/EngineMaterials/Good64x64TilingNoiseHighFreq.uasset" 3301
"/InterchangeAssets/gltf/MaterialBodies/MF_SpecularGlossiness_Body" 3302
"../../Plugins/Interchange/Assets/Content/gltf/MaterialBodies/MF_SpecularGlossiness_Body.uasset" 3303
"../../Plugins/Interchange/Assets/Content/gltf/MaterialFunctions/MF_DiffuseSpecGloss.uasset" 3304
"../../Plugins/Interchange/Assets/Content/gltf/MaterialFunctions/MF_MaxComponentValue.uasset" 3305
"../../Plugins/Interchange/Assets/Content/gltf/MaterialFunctions/MF_SpecGlossToMetalRoughness.uasset" 3306
"../../Plugins/Interchange/Assets/Content/gltf/MaterialFunctions/MF_PerceivedBrightness.uasset" 3307
"../../../Engine/Content/Functions/Engine_MaterialFunctions02/Math/AddComponents.uasset" 3308
"/AudioWidgets/AudioMaterialSlate/MI_AudioMaterialToggleButton" 3309
"../../Plugins/Runtime/AudioWidgets/Content/AudioMaterialSlate/MI_AudioMaterialToggleButton.uasset" 3310
"../../Plugins/Runtime/AudioWidgets/Content/AudioMaterialSlate/M_AudioMaterialToggleButton.uasset" 3311
"../../Plugins/Runtime/AudioWidgets/Content/AudioMaterialSlate/Functions/MF_AngleGradient.uasset" 3312
"../../Plugins/Runtime/AudioWidgets/Content/AudioMaterialSlate/Functions/MF_SingleLine.uasset" 3313
"../../Plugins/Runtime/AudioWidgets/Content/AudioMaterialSlate/Functions/MF_SingleLine_Smooth.uasset" 3314
"../../../Engine/Content/Functions/Engine_MaterialFunctions01/Gradient/SphereGradient-2D.uasset" 3315
"../../../Engine/Content/Functions/Engine_MaterialFunctions01/Texturing/ScaleUVsByCenter.uasset" 3316
"../../../Engine/Content/Functions/Engine_MaterialFunctions02/Texturing/CustomRotator.uasset" 3317
"/AudioWidgets/Resources/ScrubHandleDown_Clamped" 3318
"../../Plugins/Runtime/AudioWidgets/Content/Resources/ScrubHandleDown_Clamped.uasset" 3319
"/AudioWidgets/AudioMaterialSlate/MI_AudioMaterialKnob" 3320
"../../Plugins/Runtime/AudioWidgets/Content/AudioMaterialSlate/MI_AudioMaterialKnob.uasset" 3321
"../../Plugins/Runtime/AudioWidgets/Content/AudioMaterialSlate/M_AudioMaterialKnob.uasset" 3322
"../../../Engine/Content/Functions/Engine_MaterialFunctions02/Lerp_3Color.uasset" 3323
"/AudioWidgets/AudioMaterialSlate/MI_AudioMaterialMeter" 3324
"../../Plugins/Runtime/AudioWidgets/Content/AudioMaterialSlate/MI_AudioMaterialMeter.uasset" 3325
"../../Plugins/Runtime/AudioWidgets/Content/AudioMaterialSlate/M_AudioMaterialMeter.uasset" 3326
"../../Plugins/Runtime/AudioWidgets/Content/AudioMaterialSlate/Functions/MF_Lines.uasset" 3327
"/AudioWidgets/AudioMaterialSlate/MI_AudioMaterialEnvelope_ADSR" 3328
"../../Plugins/Runtime/AudioWidgets/Content/AudioMaterialSlate/MI_AudioMaterialEnvelope_ADSR.uasset" 3329
"../../Plugins/Runtime/AudioWidgets/Content/AudioMaterialSlate/M_AudioMaterialEnvelope_ADSR.uasset" 3330
"../../Plugins/Runtime/AudioWidgets/Content/AudioMaterialSlate/Functions/MF_DotOutlined.uasset" 3331
"../../../Engine/Content/Functions/Engine_MaterialFunctions01/Gradient/GeneratedRoundRect.uasset" 3332
"../../../Engine/Content/Functions/Engine_MaterialFunctions02/Utility/VectorLength.uasset" 3333
"/AudioWidgets/AudioMaterialSlate/MI_AudioMaterialRoundedSlider" 3334
"../../Plugins/Runtime/AudioWidgets/Content/AudioMaterialSlate/MI_AudioMaterialRoundedSlider.uasset" 3335
"../../Plugins/Runtime/AudioWidgets/Content/AudioMaterialSlate/M_AudioMaterialRoundedSlider.uasset" 3336
"/Paper2D/MaskedUnlitSpriteMaterial" 3337
"../../Plugins/2D/Paper2D/Content/MaskedUnlitSpriteMaterial.uasset" 3338
"../../Plugins/2D/Paper2D/Content/DefaultSpriteMaterial.uasset" 3339
"../../Plugins/2D/Paper2D/Content/PlaceholderTextures/DummySpriteTexture.uasset" 3340
"/Paper2D/OpaqueUnlitSpriteMaterial" 3341
"../../Plugins/2D/Paper2D/Content/OpaqueUnlitSpriteMaterial.uasset" 3342
"/Paper2D/DefaultPaperTerrainMaterial" 3343
"../../Plugins/2D/Paper2D/Content/DefaultPaperTerrainMaterial.uasset" 3344
"../../Plugins/2D/Paper2D/Content/DummySprite.uasset" 3345
"/ControlRig/M_Manip" 3346
"../../Plugins/Animation/ControlRig/Content/M_Manip.uasset" 3347
"../../../Engine/Content/Functions/Engine_MaterialFunctions02/WorldPositionOffset/CameraOffset.uasset" 3348
"../../../Engine/Intermediate/ProjectFiles/PrimaryProjectPath.txt" 3349
"/SpeedTreeImporter/SpeedTree9/SpeedTreeMaster" 3350
"../../Plugins/Editor/SpeedTreeImporter/Content/SpeedTree9/SpeedTreeMaster.uasset" 3351
"../../../Engine/Content/Functions/Engine_MaterialFunctions02/ObjectLocalBounds.uasset" 3352
"../../../Engine/Content/Functions/Engine_MaterialFunctions02/SafeNormalize.uasset" 3353
"../../../Engine/Content/Functions/Engine_MaterialFunctions02/UVs/BoundingBoxBased_0-1_UVW.uasset" 3354
"../../../Engine/Content/Functions/Engine_MaterialFunctions02/WorldPositionOffset/ObjectScale.uasset" 3355
"../../Plugins/Editor/SpeedTreeImporter/Content/SpeedTree9/SpeedTreeBranchMotion.uasset" 3356
"../../Plugins/Editor/SpeedTreeImporter/Content/SpeedTree9/SpeedTreeCameraFacing.uasset" 3357
"../../Plugins/Editor/SpeedTreeImporter/Content/SpeedTree9/SpeedTreeWind.uasset" 3358
"../../Plugins/Editor/SpeedTreeImporter/Content/SpeedTree9/SpeedTreeWindMotion.uasset" 3359
"../../Plugins/Editor/SpeedTreeImporter/Content/SpeedTree9/UnpackDirection.uasset" 3360
"../../Plugins/Editor/SpeedTreeImporter/Content/SpeedTree9/UnpackInteger3.uasset" 3361
"../../Plugins/Editor/SpeedTreeImporter/Content/SpeedTree9/Empty.uasset" 3362
"../../Plugins/Editor/SpeedTreeImporter/Content/SpeedTree9/EmptyNormal.uasset" 3363
"../../Plugins/Editor/SpeedTreeImporter/Content/SpeedTree9/game_wind_noise.uasset" 3364
"/SpeedTreeImporter/SpeedTree9/SpeedTreeBillboardMaster" 3365
"../../Plugins/Editor/SpeedTreeImporter/Content/SpeedTree9/SpeedTreeBillboardMaster.uasset" 3366
"../../Plugins/Editor/SpeedTreeImporter/Content/SpeedTree9/SpeedTreeBillboard.uasset" 3367
"/MediaPlate/SM_MediaPlateScreen" 3368
"../../Plugins/Media/MediaPlate/Content/SM_MediaPlateScreen.uasset" 3369
"C:/Users/tevaf/Desktop/Jeux/UE_5.5/Engine/Binaries/ThirdParty/USD/UsdResources/Win64/plugins/plugInfo.json" 3370
"C:/Users/tevaf/Desktop/Jeux/UE_5.5/Engine/Binaries/ThirdParty/USD/UsdResources/Win64/plugins/glf/resources/plugInfo.json" 3371
"C:/Users/tevaf/Desktop/Jeux/UE_5.5/Engine/Binaries/ThirdParty/USD/UsdResources/Win64/plugins/hgiGL/resources/plugInfo.json" 3372
"C:/Users/tevaf/Desktop/Jeux/UE_5.5/Engine/Binaries/ThirdParty/USD/UsdResources/Win64/plugins/usd/resources/plugInfo.json" 3373
"C:/Users/tevaf/Desktop/Jeux/UE_5.5/Engine/Binaries/ThirdParty/USD/UsdResources/Win64/plugins/usdProcImaging/resources/plugInfo.json" 3374
"C:/Users/tevaf/Desktop/Jeux/UE_5.5/Engine/Binaries/ThirdParty/USD/UsdResources/Win64/plugins/usdLux/resources/plugInfo.json" 3375
"C:/Users/tevaf/Desktop/Jeux/UE_5.5/Engine/Binaries/ThirdParty/USD/UsdResources/Win64/plugins/usdSkel/resources/plugInfo.json" 3376
"C:/Users/tevaf/Desktop/Jeux/UE_5.5/Engine/Binaries/ThirdParty/USD/UsdResources/Win64/plugins/hdGp/resources/plugInfo.json" 3377
"C:/Users/tevaf/Desktop/Jeux/UE_5.5/Engine/Binaries/ThirdParty/USD/UsdResources/Win64/plugins/ndr/resources/plugInfo.json" 3378
"C:/Users/tevaf/Desktop/Jeux/UE_5.5/Engine/Binaries/ThirdParty/USD/UsdResources/Win64/plugins/usdSkelImaging/resources/plugInfo.json" 3379
"C:/Users/tevaf/Desktop/Jeux/UE_5.5/Engine/Binaries/ThirdParty/USD/UsdResources/Win64/plugins/usdHydra/resources/plugInfo.json" 3380
"C:/Users/tevaf/Desktop/Jeux/UE_5.5/Engine/Binaries/ThirdParty/USD/UsdResources/Win64/plugins/unreal/resources/plugInfo.json" 3381
"C:/Users/tevaf/Desktop/Jeux/UE_5.5/Engine/Binaries/ThirdParty/USD/UsdResources/Win64/plugins/hdSt/resources/plugInfo.json" 3382
"C:/Users/tevaf/Desktop/Jeux/UE_5.5/Engine/Binaries/ThirdParty/USD/UsdResources/Win64/plugins/usdImagingGL/resources/plugInfo.json" 3383
"C:/Users/tevaf/Desktop/Jeux/UE_5.5/Engine/Binaries/ThirdParty/USD/UsdResources/Win64/plugins/usdVolImaging/resources/plugInfo.json" 3384
"C:/Users/tevaf/Desktop/Jeux/UE_5.5/Engine/Binaries/ThirdParty/USD/UsdResources/Win64/plugins/usdShade/resources/plugInfo.json" 3385
"C:/Users/tevaf/Desktop/Jeux/UE_5.5/Engine/Binaries/ThirdParty/USD/UsdResources/Win64/plugins/sdrGlslfx/resources/plugInfo.json" 3386
"C:/Users/tevaf/Desktop/Jeux/UE_5.5/Engine/Binaries/ThirdParty/USD/UsdResources/Win64/plugins/hdStorm/resources/plugInfo.json" 3387
"C:/Users/tevaf/Desktop/Jeux/UE_5.5/Engine/Binaries/ThirdParty/USD/UsdResources/Win64/plugins/usdImaging/resources/plugInfo.json" 3388
"C:/Users/tevaf/Desktop/Jeux/UE_5.5/Engine/Binaries/ThirdParty/USD/UsdResources/Win64/plugins/usdProc/resources/plugInfo.json" 3389
"C:/Users/tevaf/Desktop/Jeux/UE_5.5/Engine/Binaries/ThirdParty/USD/UsdResources/Win64/plugins/usdPhysics/resources/plugInfo.json" 3390
"C:/Users/tevaf/Desktop/Jeux/UE_5.5/Engine/Binaries/ThirdParty/USD/UsdResources/Win64/plugins/usdVol/resources/plugInfo.json" 3391
"C:/Users/tevaf/Desktop/Jeux/UE_5.5/Engine/Binaries/ThirdParty/USD/UsdResources/Win64/plugins/usdRiPxrImaging/resources/plugInfo.json" 3392
"C:/Users/tevaf/Desktop/Jeux/UE_5.5/Engine/Binaries/ThirdParty/USD/UsdResources/Win64/plugins/hdx/resources/plugInfo.json" 3393
"C:/Users/tevaf/Desktop/Jeux/UE_5.5/Engine/Binaries/ThirdParty/USD/UsdResources/Win64/plugins/sdf/resources/plugInfo.json" 3394
"C:/Users/tevaf/Desktop/Jeux/UE_5.5/Engine/Binaries/ThirdParty/USD/UsdResources/Win64/plugins/usdMedia/resources/plugInfo.json" 3395
"C:/Users/tevaf/Desktop/Jeux/UE_5.5/Engine/Binaries/ThirdParty/USD/UsdResources/Win64/plugins/usdGeom/resources/plugInfo.json" 3396
"C:/Users/tevaf/Desktop/Jeux/UE_5.5/Engine/Binaries/ThirdParty/USD/UsdResources/Win64/plugins/usdRender/resources/plugInfo.json" 3397
"C:/Users/tevaf/Desktop/Jeux/UE_5.5/Engine/Binaries/ThirdParty/USD/UsdResources/Win64/plugins/usdShaders/resources/plugInfo.json" 3398
"C:/Users/tevaf/Desktop/Jeux/UE_5.5/Engine/Binaries/ThirdParty/USD/UsdResources/Win64/plugins/ar/resources/plugInfo.json" 3399
"C:/Users/tevaf/Desktop/Jeux/UE_5.5/Engine/Binaries/ThirdParty/USD/UsdResources/Win64/plugins/hio/resources/plugInfo.json" 3400
"C:/Users/tevaf/Desktop/Jeux/UE_5.5/Engine/Binaries/ThirdParty/USD/UsdResources/Win64/plugins/hd/resources/plugInfo.json" 3401
"C:/Users/tevaf/Desktop/Jeux/UE_5.5/Engine/Binaries/ThirdParty/USD/UsdResources/Win64/plugins/usdAbc/resources/plugInfo.json" 3402
"C:/Users/tevaf/Desktop/Jeux/UE_5.5/Engine/Binaries/ThirdParty/USD/UsdResources/Win64/plugins/usdUI/resources/plugInfo.json" 3403
"C:/Users/tevaf/Desktop/Jeux/UE_5.5/Engine/Binaries/ThirdParty/USD/UsdResources/Win64/plugins/usdMtlx/resources/plugInfo.json" 3404
"C:/Users/tevaf/Desktop/Jeux/UE_5.5/Engine/Binaries/ThirdParty/USD/UsdResources/Win64/plugins/usdRi/resources/plugInfo.json" 3405
"C:/Users/tevaf/Desktop/Jeux/UE_5.5/Engine/Binaries/ThirdParty/USD/UsdResources/Win64/plugins/usd/resources/codegenTemplates/plugInfo.json" 3406
"/Engine/BasicShapes/BasicShapeMaterial" 3407
"../../../Engine/Content/BasicShapes/BasicShapeMaterial.uasset" 3408
"/Engine/EditorMaterials/Dataflow/DataflowVertexMaterial" 3409
"../../../Engine/Content/EditorMaterials/Dataflow/DataflowVertexMaterial.uasset" 3410
"/Engine/EditorMaterials/Dataflow/DataflowTwoSidedVertexMaterial" 3411
"../../../Engine/Content/EditorMaterials/Dataflow/DataflowTwoSidedVertexMaterial.uasset" 3412
"C:/Users/tevaf/AppData/Local/UnrealEngine/Editor/UInteractiveToolsPresetCollectionAsset_DefaultCollection.json" 3413
"/Engine/EngineMaterials/NaniteHiddenSectionMaterial" 3414
"../../../Engine/Content/EngineMaterials/NaniteHiddenSectionMaterial.uasset" 3415
"/Engine/EngineMaterials/RemoveSurfaceMaterial" 3416
"../../../Engine/Content/EngineMaterials/RemoveSurfaceMaterial.uasset" 3417
"/Engine/EngineDebugMaterials/DebugMeshMaterial" 3418
"../../../Engine/Content/EngineDebugMaterials/DebugMeshMaterial.uasset" 3419
"/Engine/EngineMaterials/EmissiveMeshMaterial" 3420
"../../../Engine/Content/EngineMaterials/EmissiveMeshMaterial.uasset" 3421
"../../../Engine/Content/EngineMaterials/DefaultWhiteGrid_Low.uasset" 3422
"/Engine/EngineMaterials/M_InvalidLightmapSettings" 3423
"../../../Engine/Content/EngineMaterials/M_InvalidLightmapSettings.uasset" 3424
"../../../Engine/Content/EngineMaterials/InvalidLightmapSettings.uasset" 3425
"/Engine/EngineMaterials/GizmoMaterial" 3426
"../../../Engine/Content/EngineMaterials/GizmoMaterial.uasset" 3427
"/Engine/EngineMaterials/PhAT_JointLimitMaterial" 3428
"../../../Engine/Content/EngineMaterials/PhAT_JointLimitMaterial.uasset" 3429
"/Engine/EngineMaterials/FlattenMaterial" 3430
"../../../Engine/Content/EngineMaterials/FlattenMaterial.uasset" 3431
"../../../Engine/Content/EngineMaterials/BaseFlattenDiffuseMap.uasset" 3432
"../../../Engine/Content/EngineMaterials/BaseFlattenEmissiveMap.uasset" 3433
"../../../Engine/Content/EngineMaterials/BaseFlattenGrayscaleMap.uasset" 3434
"../../../Engine/Content/EngineMaterials/BaseFlattenLinearColor.uasset" 3435
"../../../Engine/Content/EngineMaterials/BaseFlattenNormalMap.uasset" 3436
"../../../Engine/Content/Functions/Engine_MaterialFunctions02/PivotPainter2/Black_1x1_EXR_Texture.uasset" 3437
"/Engine/EngineMaterials/FlattenMaterial_VT" 3438
"../../../Engine/Content/EngineMaterials/FlattenMaterial_VT.uasset" 3439
"../../../Engine/Content/EngineMaterials/BaseFlattenDiffuseMap_VT.uasset" 3440
"../../../Engine/Content/EngineMaterials/BaseFlattenEmissiveMap_VT.uasset" 3441
"../../../Engine/Content/EngineMaterials/BaseFlattenGrayscaleMap_VT.uasset" 3442
"../../../Engine/Content/EngineMaterials/BaseFlattenLinearColor_VT.uasset" 3443
"../../../Engine/Content/EngineMaterials/BaseFlattenNormalMap_VT.uasset" 3444
"../../../Engine/Content/EngineMaterials/Black_1x1_EXR_Texture_VT.uasset" 3445
"/Engine/EngineMaterials/FlattenMaterial_WS_Normal_VT" 3446
"../../../Engine/Content/EngineMaterials/FlattenMaterial_WS_Normal_VT.uasset" 3447
"/Engine/EngineMaterials/DefaultBokeh" 3448
"../../../Engine/Content/EngineMaterials/DefaultBokeh.uasset" 3449
"/Engine/EngineMaterials/MiniFont" 3450
"../../../Engine/Content/EngineMaterials/MiniFont.uasset" 3451
"/Engine/EngineMaterials/WeightMapPlaceholderTexture" 3452
"../../../Engine/Content/EngineMaterials/WeightMapPlaceholderTexture.uasset" 3453
"/Engine/EngineMaterials/WeightMapArrayPlaceholderTexture" 3454
"../../../Engine/Content/EngineMaterials/WeightMapArrayPlaceholderTexture.uasset" 3455
"/Engine/EngineMaterials/DefaultWhiteGrid" 3456
"../../../Engine/Content/EngineMaterials/DefaultWhiteGrid.uasset" 3457
"/Engine/EngineMaterials/PreintegratedSkinBRDF" 3458
"../../../Engine/Content/EngineMaterials/PreintegratedSkinBRDF.uasset" 3459
"/Engine/EngineMaterials/LTC/GGX_LTCAmp" 3460
"../../../Engine/Content/EngineMaterials/LTC/GGX_LTCAmp.uasset" 3461
"/Engine/EngineMaterials/LTC/GGX_LTCMat" 3462
"../../../Engine/Content/EngineMaterials/LTC/GGX_LTCMat.uasset" 3463
"/Engine/EngineMaterials/EnergyConservation/GGX_ReflectionEnergy" 3464
"../../../Engine/Content/EngineMaterials/EnergyConservation/GGX_ReflectionEnergy.uasset" 3465
"/Engine/EngineMaterials/EnergyConservation/GGX_TransmissionEnergyArray" 3466
"../../../Engine/Content/EngineMaterials/EnergyConservation/GGX_TransmissionEnergyArray.uasset" 3467
"/Engine/EngineMaterials/EnergyConservation/SheenLegacy_Energy" 3468
"../../../Engine/Content/EngineMaterials/EnergyConservation/SheenLegacy_Energy.uasset" 3469
"/Engine/EngineMaterials/DefaultPhysicalMaterial" 3470
"../../../Engine/Content/EngineMaterials/DefaultPhysicalMaterial.uasset" 3471
"/Engine/EngineMaterials/DefaultDestructiblePhysicalMaterial" 3472
"../../../Engine/Content/EngineMaterials/DefaultDestructiblePhysicalMaterial.uasset" 3473
"/MeshModelingToolset/Materials/M_DynamicMeshComponentVtxColor" 3474
"../../Plugins/Runtime/MeshModelingToolset/Content/Materials/M_DynamicMeshComponentVtxColor.uasset" 3475
"/Niagara/ParameterDefinitions/SpriteRenderer" 3476
"../../Plugins/FX/Niagara/Content/ParameterDefinitions/SpriteRenderer.uasset" 3477
"/Niagara/ParameterDefinitions/RibbonRenderer" 3478
"../../Plugins/FX/Niagara/Content/ParameterDefinitions/RibbonRenderer.uasset" 3479
"/Niagara/ParameterDefinitions/MeshRenderer" 3480
"../../Plugins/FX/Niagara/Content/ParameterDefinitions/MeshRenderer.uasset" 3481
"/Niagara/ParameterDefinitions/LightRenderer" 3482
"../../Plugins/FX/Niagara/Content/ParameterDefinitions/LightRenderer.uasset" 3483
"/Niagara/ParameterDefinitions/DecalRenderer" 3484
"../../Plugins/FX/Niagara/Content/ParameterDefinitions/DecalRenderer.uasset" 3485
"/Niagara/ParameterDefinitions/CoreParameters" 3486
"../../Plugins/FX/Niagara/Content/ParameterDefinitions/CoreParameters.uasset" 3487
"/DeformerGraph/Deformers/DG_LinearBlendSkin_Morph_Cloth" 3488
"../../Plugins/Animation/DeformerGraph/Content/Deformers/DG_LinearBlendSkin_Morph_Cloth.uasset" 3489
"/DeformerGraph/DeformerFunctions/DG_Function_LinearBlendSkin_Morph_Cloth" 3490
"../../Plugins/Animation/DeformerGraph/Content/DeformerFunctions/DG_Function_LinearBlendSkin_Morph_Cloth.uasset" 3491
"/DeformerGraph/Deformers/DG_LinearBlendSkin_Morph_Cloth_RecomputeNormals" 3492
"../../Plugins/Animation/DeformerGraph/Content/Deformers/DG_LinearBlendSkin_Morph_Cloth_RecomputeNormals.uasset" 3493
"/DeformerGraph/DeformerFunctions/DG_Function_LinearBlendSkin_Morph_Cloth_PositionOnly" 3494
"../../Plugins/Animation/DeformerGraph/Content/DeformerFunctions/DG_Function_LinearBlendSkin_Morph_Cloth_PositionOnly.uasset" 3495
"/DeformerGraph/DeformerFunctions/DG_Function_ComputeNormalsTangents" 3496
"../../Plugins/Animation/DeformerGraph/Content/DeformerFunctions/DG_Function_ComputeNormalsTangents.uasset" 3497
"/Engine/BasicShapes/Cube" 3498
"../../../Engine/Content/BasicShapes/Cube.uasset" 3499
"/Engine/BasicShapes/Sphere" 3500
"../../../Engine/Content/BasicShapes/Sphere.uasset" 3501
"../../../Engine/Content/EngineMaterials/DefaultMaterial.uasset" 3502
"/Engine/BasicShapes/Cylinder" 3503
"../../../Engine/Content/BasicShapes/Cylinder.uasset" 3504
"/Engine/BasicShapes/Cone" 3505
"../../../Engine/Content/BasicShapes/Cone.uasset" 3506
"/Engine/BasicShapes/Plane" 3507
"../../../Engine/Content/BasicShapes/Plane.uasset" 3508
"../../../Engine/Documentation/Source/Shared/Types/ABrush/ABrush.INT.udn" 3509
"../../../Engine/Content/Internationalization/icudt64l/brkitr/fr.res" 3510
"../../../Engine/Content/Internationalization/icudt64l/brkitr/root.res" 3511
"../../../Engine/Content/Internationalization/icudt64l/brkitr/char.brk" 3512
"../../../Engine/Content/Internationalization/icudt64l/brkitr/word.brk" 3513
"/Engine/EditorResources/SequenceRecorder/Countdown" 3514
"../../../Engine/Content/EditorResources/SequenceRecorder/Countdown.uasset" 3515
"/Engine/EditorResources/SequenceRecorder/RecordingIndicator" 3516
"../../../Engine/Content/EditorResources/SequenceRecorder/RecordingIndicator.uasset" 3517
"/Engine/EditorMaterials/PhAT_UnselectedMaterial" 3518
"../../../Engine/Content/EditorMaterials/PhAT_UnselectedMaterial.uasset" 3519
"/Engine/EditorMaterials/PhAT_NoCollisionMaterial" 3520
"../../../Engine/Content/EditorMaterials/PhAT_NoCollisionMaterial.uasset" 3521
"/Engine/EditorLandscapeResources/DefaultAlphaTexture" 3522
"../../../Engine/Content/EditorLandscapeResources/DefaultAlphaTexture.uasset" 3523
"/Engine/EditorResources/S_Terrain" 3524
"../../../Engine/Content/EditorResources/S_Terrain.uasset" 3525
"../../../Engine/Plugins/FX/Niagara/Shaders/Private/NiagaraDataInterfaceTexture2DArrayTemplate.ush" 3526
"../../../Engine/Plugins/FX/Niagara/Shaders/Private/NiagaraDataInterfaceActorComponentTemplate.ush" 3527
"../../../Engine/Plugins/FX/Niagara/Shaders/Private/NiagaraDataInterfaceArrayTemplate.ush" 3528
"../../../Engine/Plugins/FX/Niagara/Shaders/Private/NiagaraDataInterfaceArrayRWTemplate.ush" 3529
"../../../Engine/Plugins/FX/Niagara/Shaders/Private/NiagaraDataInterfaceAsyncGpuTrace.ush" 3530
"../../../Engine/Plugins/FX/Niagara/Shaders/Private/NiagaraDataInterfaceAsyncGpuTraceTemplate.ush" 3531
"../../../Engine/Plugins/FX/Niagara/Shaders/Private/NiagaraDataInterfaceCamera.ush" 3532
"../../../Engine/Plugins/Experimental/ChaosNiagara/Shaders/NiagaraDataInterfaceChaosDestruction.ush" 3533
"../../../Engine/Plugins/FX/Niagara/Shaders/Private/NiagaraDataInterfaceCollisionQuery.ush" 3534
"C:/Users/tevaf/Desktop/Logiciels/Unreal Projects/Team6_Unreal/Intermediate/ShaderAutogen/PCD3D_SM5/AutogenShaderHeaders.ush" 3535
"../../../Engine/Plugins/FX/Niagara/Shaders/Private/NiagaraDataInterfaceCollisionQueryTemplate.ush" 3536
"../../../Engine/Plugins/FX/Niagara/Shaders/Private/NiagaraDataInterfaceCurveTemplate.ush" 3537
"../../../Engine/Plugins/FX/Niagara/Shaders/Private/NiagaraDataInterfaceCubeTextureTemplate.ush" 3538
"../../../Engine/Plugins/FX/Niagara/Shaders/Private/DataChannel/NiagaraDataInterfaceDataChannelCommon.ush" 3539
"../../../Engine/Plugins/FX/Niagara/Shaders/Private/DataChannel/NiagaraDataInterfaceDataChannelTemplateCommon.ush" 3540
"../../../Engine/Plugins/FX/Niagara/Shaders/Private/DataChannel/NiagaraDataInterfaceDataChannelTemplateReadCommon.ush" 3541
"../../../Engine/Plugins/FX/Niagara/Shaders/Private/DataChannel/NiagaraDataInterfaceDataChannelTemplate_Read.ush" 3542
"../../../Engine/Plugins/FX/Niagara/Shaders/Private/DataChannel/NiagaraDataInterfaceDataChannelTemplate_Consume.ush" 3543
"../../../Engine/Plugins/FX/Niagara/Shaders/Private/DataChannel/NiagaraDataInterfaceDataChannelTemplateWriteCommon.ush" 3544
"../../../Engine/Plugins/FX/Niagara/Shaders/Private/DataChannel/NiagaraDataInterfaceDataChannelTemplate_Append.ush" 3545
"../../../Engine/Plugins/FX/Niagara/Shaders/Private/NiagaraDataInterfaceDebugDraw.ush" 3546
"../../../Engine/Plugins/FX/Niagara/Shaders/Private/NiagaraDataInterfaceDebugDrawTemplate.ush" 3547
"../../../Engine/Plugins/FX/Niagara/Shaders/Private/NiagaraDataInterfaceDynamicMeshTemplate.ush" 3548
"../../../Engine/Plugins/FX/Niagara/Shaders/Private/NiagaraDataInterfaceEmitterPropertiesTemplate.ush" 3549
"../../../Engine/Plugins/FX/Niagara/Shaders/Private/NiagaraDataInterfaceExportTemplate.ush" 3550
"../../../Engine/Plugins/FX/Niagara/Shaders/Private/NiagaraDataInterfaceGBufferTemplate.ush" 3551
"../../../Engine/Plugins/Experimental/ChaosNiagara/Shaders/NiagaraDataInterfaceGeometryCollection.ush" 3552
"../../../Engine/Plugins/FX/Niagara/Shaders/Private/NiagaraTransformUtils.ush" 3553
"../../../Engine/Plugins/Runtime/HairStrands/Shaders/Private/NiagaraStrandsExternalForce.ush" 3554
"../../../Engine/Plugins/Runtime/HairStrands/Shaders/Private/NiagaraHookeSpringMaterial.ush" 3555
"../../../Engine/Plugins/Runtime/HairStrands/Shaders/Private/NiagaraAngularSpringMaterial.ush" 3556
"../../../Engine/Plugins/Runtime/HairStrands/Shaders/Private/NiagaraConstantVolumeMaterial.ush" 3557
"../../../Engine/Plugins/Runtime/HairStrands/Shaders/Private/NiagaraCosseratRodMaterial.ush" 3558
"../../../Engine/Plugins/Runtime/HairStrands/Shaders/Private/NiagaraStaticCollisionConstraint.ush" 3559
"../../../Engine/Plugins/Runtime/HairStrands/Shaders/Private/NiagaraDataInterfaceHairStrands.ush" 3560
"../../../Engine/Plugins/Runtime/HairStrands/Shaders/Private/NiagaraDataInterfaceHairStrandsTemplate.ush" 3561
"../../../Engine/Plugins/FX/Niagara/Shaders/Private/NiagaraDataInterfaceIntRenderTarget2D.ush" 3562
"../../../Engine/Plugins/FX/Niagara/Shaders/Private/NiagaraDataInterfaceLandscape.ush" 3563
"../../../Engine/Plugins/FX/Niagara/Shaders/Private/NiagaraDataInterfaceMemoryBufferTemplate.ush" 3564
"../../../Engine/Plugins/FX/Niagara/Shaders/Private/NiagaraDataInterfaceMeshRendererInfoTemplate.ush" 3565
"../../../Engine/Plugins/FX/Niagara/Shaders/Private/NiagaraDataInterfaceOcclusion.ush" 3566
"../../../Engine/Plugins/FX/Niagara/Shaders/Private/NiagaraDataInterfacePhysicsAsset.ush" 3567
"../../../Engine/Plugins/Experimental/ChaosNiagara/Shaders/NiagaraDataInterfacePhysicsField.ush" 3568
"../../../Engine/Plugins/FX/Niagara/Shaders/Private/NiagaraDataInterfacePlatformSetTemplate.ush" 3569
"../../../Engine/Plugins/Runtime/HairStrands/Shaders/Private/NiagaraDataInterfaceVelocityGrid.ush" 3570
"../../../Engine/Plugins/Runtime/HairStrands/Shaders/Private/NiagaraDataInterfaceVelocityGridTemplate.ush" 3571
"../../../Engine/Plugins/Runtime/HairStrands/Shaders/Private/NiagaraDataInterfacePressureGrid.ush" 3572
"../../../Engine/Plugins/Runtime/HairStrands/Shaders/Private/NiagaraDataInterfacePressureGridTemplate.ush" 3573
"../../../Engine/Plugins/FX/Niagara/Shaders/Private/NiagaraDataInterfaceRenderTarget2DTemplate.ush" 3574
"../../../Engine/Plugins/FX/Niagara/Shaders/Private/NiagaraDataInterfaceRenderTarget2DArrayTemplate.ush" 3575
"../../../Engine/Plugins/FX/Niagara/Shaders/Private/NiagaraDataInterfaceRenderTargetCubeTemplate.ush" 3576
"../../../Engine/Plugins/FX/Niagara/Shaders/Private/NiagaraDataInterfaceRenderTargetVolumeTemplate.ush" 3577
"../../../Engine/Plugins/FX/Niagara/Shaders/Private/NiagaraDataInterfaceRigidMeshCollisionQuery.ush" 3578
"../../../Engine/Plugins/FX/Niagara/Shaders/Private/NiagaraDistanceFieldQueries.ush" 3579
"../../../Engine/Plugins/FX/Niagara/Shaders/Private/NiagaraDataInterfaceSceneCapture2DTemplate.ush" 3580
"../../../Engine/Plugins/FX/Niagara/Shaders/Private/NiagaraDataInterfaceSimCacheReaderTemplate.ush" 3581
"../../../Engine/Plugins/FX/Niagara/Shaders/Private/NiagaraDataInterfaceSimpleCounterTemplate.ush" 3582
"../../../Engine/Plugins/FX/Niagara/Shaders/Private/NiagaraDataInterfaceSkeletalMesh.ush" 3583
"../../../Engine/Plugins/FX/Niagara/Shaders/Private/NiagaraBaryCentricUtils.ush" 3584
"../../../Engine/Plugins/FX/Niagara/Shaders/Private/NiagaraDataInterfaceSkeletalMeshTemplate.ush" 3585
"../../../Engine/Plugins/FX/Niagara/Shaders/Private/NiagaraDataInterfaceSocketReaderTemplate.ush" 3586
"../../../Engine/Plugins/FX/Niagara/Shaders/Private/NiagaraDataInterfaceSparseVolumeTextureTemplate.ush" 3587
"../../../Engine/Plugins/FX/Niagara/Shaders/Private/NiagaraDataInterfaceSplineTemplate.ush" 3588
"../../../Engine/Plugins/FX/Niagara/Shaders/Private/NiagaraDataInterfaceSpriteRendererInfoTemplate.ush" 3589
"../../../Engine/Plugins/FX/Niagara/Shaders/Private/NiagaraDataInterfaceStaticMeshTemplate.ush" 3590
"../../../Engine/Plugins/FX/Niagara/Shaders/Private/NiagaraDataInterfaceTextureTemplate.ush" 3591
"../../../Engine/Plugins/FX/Niagara/Shaders/Private/NiagaraDataInterfaceVirtualTexture.ush" 3592
"../../../Engine/Plugins/FX/Niagara/Shaders/Private/NiagaraDataInterfaceVirtualTextureTemplate.ush" 3593
"../../../Engine/Plugins/FX/Niagara/Shaders/Private/NiagaraDataInterfaceVolumeCache.ush" 3594
"../../../Engine/Plugins/FX/Niagara/Shaders/Private/NiagaraDataInterfaceVolumeTextureTemplate.ush" 3595
"../../../../../Logiciels/Unreal Projects/Team6_Unreal/Intermediate/ShaderAutogen/PCD3D_SM5/AutogenShaderHeaders.ush" 3596
"../../../Engine/Plugins/Interchange/Assets/Content/Functions/MX_ConicalEDF.uasset" 3597
"../../../Engine/Plugins/Interchange/Assets/Content/Functions/MX_UniformEDF.uasset" 3598
"../../../Engine/Plugins/Interchange/Assets/Content/Functions/MX_AnisotropicVDF.uasset" 3599
"../../../Engine/Plugins/Interchange/Assets/Content/Functions/MX_AbsorptionVDF.uasset" 3600
"../../../Engine/Plugins/Interchange/Assets/Content/Functions/MX_MeasuredEDF.uasset" 3601
"../../../Engine/Plugins/Animation/ControlRig/Content/Controls/ControlRigGizmoMaterial.uasset" 3602
"../../../Engine/Plugins/Interchange/Assets/Content/Functions/MX_SubsurfaceBSDF.uasset" 3603
"../../../Engine/Plugins/Interchange/Assets/Content/Functions/MX_SheenBSDF.uasset" 3604
"../../../Engine/Plugins/Interchange/Assets/Content/Functions/MX_ThinFilmBSDF.uasset" 3605
"../../../Engine/Plugins/Interchange/Assets/Content/Functions/MX_GeneralizedSchlickBSDF.uasset" 3606
"../../../Engine/Plugins/Interchange/Assets/Content/Functions/MX_ConductorBSDF.uasset" 3607
"../../../Engine/Plugins/Interchange/Assets/Content/Functions/MX_OrenNayarBSDF.uasset" 3608
"../../../Engine/Plugins/Interchange/Assets/Content/Functions/MX_DielectricBSDF.uasset" 3609
"../../../Engine/Plugins/Interchange/Assets/Content/Functions/MX_TranslucentBSDF.uasset" 3610
"../../../Engine/Plugins/Interchange/Runtime/Content/Pipelines/DefaultGLTFSceneAssetsPipeline.uasset" 3611
"../../../Engine/Plugins/Interchange/Runtime/Content/Pipelines/DefaultSceneAssetsPipeline.uasset" 3612
"../../../Engine/Plugins/Interchange/Runtime/Content/Pipelines/DefaultSceneLevelPipeline.uasset" 3613
"../../../Engine/Plugins/Interchange/Runtime/Content/Pipelines/DefaultMaterialPipeline.uasset" 3614
"../../../Engine/Plugins/Interchange/Runtime/Content/Pipelines/DefaultTexturePipeline.uasset" 3615
"../../../Engine/Plugins/Interchange/Runtime/Content/Pipelines/DefaultGLTFPipeline.uasset" 3616
"../../../Engine/Plugins/Interchange/Runtime/Content/Pipelines/DefaultGLTFAssetsPipeline.uasset" 3617
"../../../Engine/Plugins/Interchange/Runtime/Content/Pipelines/DefaultMaterialXPipeline.uasset" 3618
"../../../Engine/Plugins/Interchange/Runtime/Content/Pipelines/DefaultAssetsPipeline.uasset" 3619
"../../../Engine/Content/EngineSounds/Master.uasset" 3620
"../../../Engine/Plugins/Interchange/Assets/Content/Functions/MX_BurleyDiffuseBSDF.uasset" 3621
"../../../Engine/Plugins/Interchange/Assets/Content/Functions/MX_UsdPreviewSurface.uasset" 3622
"../../../Engine/Plugins/Interchange/Assets/Content/Functions/MX_SurfaceUnlit.uasset" 3623
"../../../Engine/Content/EngineMaterials/EnergyConservation/Diffuse_Energy.uasset" 3624
"../../../Engine/Content/EngineMaterials/FastBlueNoise_vec2_128x128x64.uasset" 3625
"../../../Engine/Content/EngineMaterials/LTC/Sheen_LTC.uasset" 3626
"/ControlRig/Controls/ControlRigGizmoMaterial" 3627
"/InterchangeAssets/Functions/MX_AnisotropicVDF" 3628
"../../../Engine/Content/EngineMaterials/FastBlueNoise_scalar_128x128x64.uasset" 3629
"/InterchangeAssets/Functions/MX_AbsorptionVDF" 3630
"/InterchangeAssets/Functions/MX_MeasuredEDF" 3631
"/InterchangeAssets/Functions/MX_ConicalEDF" 3632
"/InterchangeAssets/Functions/MX_UniformEDF" 3633
"/InterchangeAssets/Functions/MX_ThinFilmBSDF" 3634
"/InterchangeAssets/Functions/MX_SheenBSDF" 3635
"/InterchangeAssets/Functions/MX_SubsurfaceBSDF" 3636
"../../../Engine/Content/EngineMaterials/EnergyConservation/Sheen_Energy.uasset" 3637
"/InterchangeAssets/Functions/MX_GeneralizedSchlickBSDF" 3638
"/InterchangeAssets/Functions/MX_ConductorBSDF" 3639
"/InterchangeAssets/Functions/MX_DielectricBSDF" 3640
"/InterchangeAssets/Functions/MX_TranslucentBSDF" 3641
"/InterchangeAssets/Functions/MX_BurleyDiffuseBSDF" 3642
"/InterchangeAssets/Functions/MX_OrenNayarBSDF" 3643
"/InterchangeAssets/Functions/MX_UsdPreviewSurface" 3644
"/InterchangeAssets/Functions/MX_SurfaceUnlit" 3645
"/Interchange/Pipelines/DefaultGLTFSceneAssetsPipeline" 3646
"/Interchange/Pipelines/DefaultSceneLevelPipeline" 3647
"/Interchange/Pipelines/DefaultSceneAssetsPipeline" 3648
"/Interchange/Pipelines/DefaultTexturePipeline" 3649
"/Interchange/Pipelines/DefaultMaterialPipeline" 3650
"/Interchange/Pipelines/DefaultGLTFPipeline" 3651
"/Interchange/Pipelines/DefaultGLTFAssetsPipeline" 3652
"/Interchange/Pipelines/DefaultMaterialXPipeline" 3653
"/Interchange/Pipelines/DefaultAssetsPipeline" 3654
"/Engine/EngineSounds/Master" 3655
"/Engine/EngineMaterials/EnergyConservation/Diffuse_Energy" 3656
"/Engine/EngineMaterials/LTC/Sheen_LTC" 3657
"/Engine/EngineMaterials/FastBlueNoise_vec2_128x128x64" 3658
"../../../Engine/Plugins/Animation/DeformerGraph/Shaders/Private/DataInterfaceSkinnedMeshExec.ush" 3659
"../../../Engine/Plugins/Animation/DeformerGraph/Shaders/Private/DataInterfaceCloth.ush" 3660
"../../../Engine/Plugins/Animation/DeformerGraph/Shaders/Private/DataInterfaceSkinnedMesh.ush" 3661
"../../../Engine/Plugins/Animation/DeformerGraph/Shaders/Private/DataInterfaceSkeleton.ush" 3662
"../../../Engine/Plugins/Animation/DeformerGraph/Shaders/Private/DataInterfaceSkeletonCommon.ush" 3663
"../../../Engine/Plugins/Animation/DeformerGraph/Shaders/Private/DataInterfaceMorphTarget.ush" 3664
"../../../Engine/Plugins/Animation/DeformerGraph/Shaders/Private/DataInterfaceSkinnedMeshWrite.ush" 3665
"../../../Engine/Plugins/Animation/DeformerGraph/Shaders/Private/DataInterfaceRawBuffer.ush" 3666
"../../../Engine/Plugins/Runtime/ComputeFramework/Shaders/Private/BufferAlias.ush" 3667
"../../../Engine/Plugins/Animation/DeformerGraph/Shaders/Private/DataInterfaceHalfEdge.ush" 3668
"../../../Engine/Content/EngineResources/FilmGrains/Marcie_Grain_v3_128_M2_000.uasset" 3669
"../../../Engine/Content/EngineDebugMaterials/DebugEditorMaterial.uasset" 3670
"../../../Engine/Content/EngineMaterials/DefaultBloomKernel.uasset" 3671
"../../../Engine/Content/EditorResources/BSPVertex.uasset" 3672
"/Engine/EngineMaterials/EnergyConservation/Sheen_Energy" 3673
"/Engine/EngineMaterials/FastBlueNoise_scalar_128x128x64" 3674
"/Engine/EditorResources/BSPVertex" 3675
"/Engine/EngineMaterials/DefaultBloomKernel" 3676
"/Engine/EngineResources/FilmGrains/Marcie_Grain_v3_128_M2_000" 3677
"/Engine/EngineDebugMaterials/DebugEditorMaterial" 3678
"C:/Users/tevaf/Desktop/Logiciels/Unreal Projects/Team6_Unreal/Content/MyGame/Blueprints/GI_NameToGive.uasset" 3679
"../../../Engine/Plugins/NNE/NNEDenoiser/Content/NNE_oidn2-3-0_rt_hdr_calb_cnrm_large__dyn__fp16_opset11_ForwardAlpha.uasset" 3680
"/Game/MyGame/Blueprints/GI_NameToGive" 3681
"/NNEDenoiser/NNE_oidn2-3-0_rt_hdr_calb_cnrm_large__dyn__fp16_opset11_ForwardAlpha" 3682
"../../../Engine/Plugins/NNE/NNEDenoiser/Content/NNE_oidn2-3-0_rt_hdr_calb_cnrm_large__dyn__fp16_opset11_DenoiseAlpha.uasset" 3683
"../../../Engine/Plugins/NNE/NNEDenoiser/Content/NNED_Oidn2-3_HighQuality.uasset" 3684
"../../../Engine/Plugins/NNE/NNEDenoiser/Content/NNED_Oidn2-3_HighQuality_Alpha.uasset" 3685
"../../../Engine/Plugins/NNE/NNEDenoiser/Content/NNE_oidn2-3-0_rt_hdr_alb_nrm_small__dyn__fp16_opset11_DenoiseAlpha.uasset" 3686
"../../../Engine/Plugins/NNE/NNEDenoiser/Content/NNE_oidn2-3-0_rt_hdr_alb_nrm__dyn__fp16_opset11_ForwardAlpha.uasset" 3687
"../../../Engine/Plugins/NNE/NNEDenoiser/Content/NNE_oidn2-3-0_rt_hdr_alb_nrm__dyn__fp16_opset11_DenoiseAlpha.uasset" 3688
"../../../Engine/Plugins/NNE/NNEDenoiser/Content/NNE_oidn2-3-0_rt_hdr_alb_nrm_small__dyn__fp16_opset11_ForwardAlpha.uasset" 3689
"../../../Engine/Plugins/NNE/NNEDenoiser/Content/NNED_Oidn2-3_Fast.uasset" 3690
"../../../Engine/Plugins/NNE/NNEDenoiser/Content/NNED_Oidn2-3_Balanced.uasset" 3691
"../../../Engine/Plugins/NNE/NNEDenoiser/Content/NNEDT_Oidn2-3_Balanced_Alpha.uasset" 3692
"../../../Engine/Plugins/NNE/NNEDenoiser/Content/NNED_Oidn2-3_Balanced_Alpha.uasset" 3693
"../../../Engine/Plugins/NNE/NNEDenoiser/Content/NNED_Oidn2-3_Fast_Alpha.uasset" 3694
"../../../Engine/Plugins/NNE/NNEDenoiser/Content/NNEDT_Oidn2-3_Balanced.uasset" 3695
"../../../Engine/Plugins/NNE/NNEDenoiser/Content/NNEDTOM_Output_Alpha.uasset" 3696
"../../../Engine/Plugins/NNE/NNEDenoiser/Content/NNEDTOM_Output_Default.uasset" 3697
"../../../Engine/Plugins/NNE/NNEDenoiser/Content/NNEDTIM_ColorAlbedoNormal_Alpha.uasset" 3698
"../../../Engine/Plugins/NNE/NNEDenoiser/Content/NNEDTIM_ColorAlbedoNormal_Default.uasset" 3699
"../../../Engine/Plugins/NNE/NNEDenoiser/Content/NNEDOM_Output_Default.uasset" 3700
"../../../Engine/Plugins/NNE/NNEDenoiser/Content/NNEDOM_Output_Alpha.uasset" 3701
"../../../Engine/Plugins/NNE/NNEDenoiser/Content/NNEDIM_HighQuality_Default.uasset" 3702
"../../../Engine/Plugins/NNE/NNEDenoiser/Content/NNEDIM_ColorAlbedoNormal_Alpha.uasset" 3703
"../../../Engine/Plugins/NNE/NNEDenoiser/Content/NNEDIM_ColorAlbedoNormal_Default.uasset" 3704
"../../../Engine/Content/EngineMaterials/DefaultCalibrationColor.uasset" 3705
"../../../Engine/Content/EngineMaterials/DefaultCalibrationGrayscale.uasset" 3706
"../../../Engine/Content/EditorMaterials/PreviewShadowIndicator.uasset" 3707
"../../../Engine/Content/EngineSounds/Submixes/MasterEQEffectPreset.uasset" 3708
"../../../Engine/Content/EngineSounds/Submixes/MasterReverbEffectPreset.uasset" 3709
"../../../Engine/Content/Maps/Entry_BuiltData.uasset" 3710
"../../../Engine/Plugins/NNE/NNEDenoiser/Content/NNEDIM_HighQuality_Alpha.uasset" 3711
"C:/Users/tevaf/Desktop/Logiciels/Unreal Projects/Team6_Unreal/Content/UI/WBP_PaintBrush.uasset" 3712
"../../../Engine/Content/VREditor/Sounds/VR_open.uasset" 3713
"C:/Users/tevaf/Desktop/Logiciels/Unreal Projects/Team6_Unreal/Content/MyGame/Input/Actions/IA_Movement/IA_Move.uasset" 3714
"C:/Users/tevaf/Desktop/Logiciels/Unreal Projects/Team6_Unreal/Intermediate/ORTOptimizerPass_Optimized1096F270419C5189A134868A84462FBF.onnx" 3715
"C:/Users/tevaf/Desktop/Logiciels/Unreal Projects/Team6_Unreal/Intermediate/ORTOptimizerPass_Optimized4318DE994FB0D7AAC1C8BBAD8BA3583D.onnx" 3716
"/Game/UI/WBP_PaintBrush" 3717
"/NNEDenoiser/NNE_oidn2-3-0_rt_hdr_alb_nrm_small__dyn__fp16_opset11_ForwardAlpha" 3718
"/Engine/Maps/Entry_BuiltData" 3719
"/Engine/EditorMaterials/PreviewShadowIndicator" 3720
"/NNEDenoiser/NNE_oidn2-3-0_rt_hdr_alb_nrm__dyn__fp16_opset11_DenoiseAlpha" 3721
"/Engine/EngineSounds/Submixes/MasterReverbEffectPreset" 3722
"/Engine/EngineSounds/Submixes/MasterEQEffectPreset" 3723
"/Engine/EngineMaterials/DefaultCalibrationColor" 3724
"/Engine/EngineMaterials/DefaultCalibrationGrayscale" 3725
"/NNEDenoiser/NNEDIM_ColorAlbedoNormal_Alpha" 3726
"/NNEDenoiser/NNEDIM_ColorAlbedoNormal_Default" 3727
"/NNEDenoiser/NNEDIM_HighQuality_Alpha" 3728
"/NNEDenoiser/NNEDIM_HighQuality_Default" 3729
"/NNEDenoiser/NNEDOM_Output_Alpha" 3730
"/NNEDenoiser/NNEDOM_Output_Default" 3731
"/NNEDenoiser/NNEDTIM_ColorAlbedoNormal_Alpha" 3732
"C:/Users/tevaf/Desktop/Logiciels/Unreal Projects/Team6_Unreal/Intermediate/ORTOptimizerPass_Optimized419283D949BD77627D857CACE3143246.onnx" 3733
"C:/Users/tevaf/Desktop/Logiciels/Unreal Projects/Team6_Unreal/Intermediate/ORTOptimizerPass_Optimized7E6CD01A4A7A67548A52EF80CC1C0E11.onnx" 3734
"C:/Users/tevaf/Desktop/Logiciels/Unreal Projects/Team6_Unreal/Intermediate/ORTOptimizerPass_Optimized621C989D46140ED6346F99B8C765EB86.onnx" 3735
"C:/Users/tevaf/Desktop/Logiciels/Unreal Projects/Team6_Unreal/Intermediate/ORTOptimizerPass_Optimized968722704B3A6AEBB8FF89BB884B0473.onnx" 3736
"/NNEDenoiser/NNEDTIM_ColorAlbedoNormal_Default" 3737
"/NNEDenoiser/NNEDTOM_Output_Alpha" 3738
"/NNEDenoiser/NNEDTOM_Output_Default" 3739
"/NNEDenoiser/NNEDT_Oidn2-3_Balanced" 3740
"/NNEDenoiser/NNEDT_Oidn2-3_Balanced_Alpha" 3741
"/NNEDenoiser/NNED_Oidn2-3_Balanced" 3742
"/NNEDenoiser/NNED_Oidn2-3_Balanced_Alpha" 3743
"/NNEDenoiser/NNED_Oidn2-3_Fast" 3744
"/NNEDenoiser/NNED_Oidn2-3_Fast_Alpha" 3745
"/NNEDenoiser/NNED_Oidn2-3_HighQuality" 3746
"/NNEDenoiser/NNED_Oidn2-3_HighQuality_Alpha" 3747
"/NNEDenoiser/NNE_oidn2-3-0_rt_hdr_alb_nrm_small__dyn__fp16_opset11_DenoiseAlpha" 3748
"/NNEDenoiser/NNE_oidn2-3-0_rt_hdr_alb_nrm__dyn__fp16_opset11_ForwardAlpha" 3749
"/NNEDenoiser/NNE_oidn2-3-0_rt_hdr_calb_cnrm_large__dyn__fp16_opset11_DenoiseAlpha" 3750
"/Game/MyGame/Input/Actions/IA_Movement/IA_Move" 3751
"/Engine/VREditor/Sounds/VR_open" 3752
"C:/Users/tevaf/Desktop/Logiciels/Unreal Projects/Team6_Unreal/Content/MyGame/Blueprints/CameraShake/BP_WalkCamShake.uasset" 3753
"C:/Users/tevaf/Desktop/Logiciels/Unreal Projects/Team6_Unreal/Content/MyGame/Input/Actions/IA_Movement/IA_Look.uasset" 3754
"C:/Users/tevaf/Desktop/Logiciels/Unreal Projects/Team6_Unreal/Content/MyGame/Blueprints/CameraShake/BP_IdleCameraShake.uasset" 3755
"C:/Users/tevaf/Desktop/Logiciels/Unreal Projects/Team6_Unreal/Content/MyGame/Blueprints/Interface/BPI_Mob.uasset" 3756
"C:/Users/tevaf/Desktop/Logiciels/Unreal Projects/Team6_Unreal/Content/MyGame/Blueprints/Interface/BPI_Interact.uasset" 3757
"C:/Users/tevaf/Desktop/Logiciels/Unreal Projects/Team6_Unreal/Content/MyGame/Input/Actions/Ink/IA_InkSplash.uasset" 3758
"C:/Users/tevaf/Desktop/Logiciels/Unreal Projects/Team6_Unreal/Content/MyGame/Input/Actions/IA_Movement/IA_Sprint.uasset" 3759
"C:/Users/tevaf/Desktop/Logiciels/Unreal Projects/Team6_Unreal/Content/MyGame/Input/Actions/IA_Movement/IA_ReturnCamera.uasset" 3760
"C:/Users/tevaf/Desktop/Logiciels/Unreal Projects/Team6_Unreal/Content/MyGame/Blueprints/CameraShake/BP_SprintCamShake.uasset" 3761
"C:/Users/tevaf/Desktop/Logiciels/Unreal Projects/Team6_Unreal/Content/MyGame/Input/Actions/Ink/IA_Attack.uasset" 3762
"C:/Users/tevaf/Desktop/Logiciels/Unreal Projects/Team6_Unreal/Content/MyGame/Blueprints/Interface/BPI_Draw.uasset" 3763
"C:/Users/tevaf/Desktop/Logiciels/Unreal Projects/Team6_Unreal/Content/MyGame/Blueprints/Interface/BPI_Mascot.uasset" 3764
"C:/Users/tevaf/Desktop/Logiciels/Unreal Projects/Team6_Unreal/Content/MyGame/Input/Actions/Ink/IA_Draw.uasset" 3765
"C:/Users/tevaf/Desktop/Logiciels/Unreal Projects/Team6_Unreal/Content/MyGame/Input/Actions/IA_Movement/IA_Jump.uasset" 3766
"../../../Engine/Content/EditorLandscapeResources/WhiteSquareTexture.uasset" 3767
"C:/Users/tevaf/Desktop/Logiciels/Unreal Projects/Team6_Unreal/Content/Textures/SkillCheck/cicrcle_dbd.uasset" 3768
"C:/Users/tevaf/Desktop/Logiciels/Unreal Projects/Team6_Unreal/Content/Textures/SkillCheck/cicrcle_dbd_2.uasset" 3769
"C:/Users/tevaf/Desktop/Logiciels/Unreal Projects/Team6_Unreal/Content/Textures/SkillCheck/cursor_dbd.uasset" 3770
"C:/Users/tevaf/Desktop/Logiciels/Unreal Projects/Team6_Unreal/Content/MyGame/Asset/VFX/Decal/Tache_encre02.uasset" 3771
"C:/Users/tevaf/Desktop/Logiciels/Unreal Projects/Team6_Unreal/Content/MyGame/Asset/VFX/Decal/Tache_encre01.uasset" 3772
"C:/Users/tevaf/Desktop/Logiciels/Unreal Projects/Team6_Unreal/Intermediate/ORTOptimizerPass_Optimized283A8F7941E768CC187C6998B07E136E.onnx" 3773
"C:/Users/tevaf/Desktop/Logiciels/Unreal Projects/Team6_Unreal/Content/MyGame/Input/Actions/IA_SkillCheck.uasset" 3774
"C:/Users/tevaf/Desktop/Logiciels/Unreal Projects/Team6_Unreal/Content/MyGame/Input/Actions/IA_Interact.uasset" 3775
"C:/Users/tevaf/Desktop/Logiciels/Unreal Projects/Team6_Unreal/Intermediate/ORTOptimizerPass_Optimized93193F9B4C9DCA95E30C8191BD2C570D.onnx" 3776
"C:/Users/tevaf/Desktop/Logiciels/Unreal Projects/Team6_Unreal/Intermediate/ORTOptimizerPass_OptimizedC0691D6E49899EE3DC0BD4A70448A3EF.onnx" 3777
"C:/Users/tevaf/Desktop/Logiciels/Unreal Projects/Team6_Unreal/Intermediate/ORTOptimizerPass_Optimized8EE878644F475376DC9842A071341E6B.onnx" 3778
"C:/Users/tevaf/Desktop/Logiciels/Unreal Projects/Team6_Unreal/Intermediate/ORTOptimizerPass_Optimized09973BCF4CFA9503154446A7B097C916.onnx" 3779
"C:/Users/tevaf/Desktop/Logiciels/Unreal Projects/Team6_Unreal/Intermediate/ORTOptimizerPass_Optimized1FCE04EC4A0A3128F88DCAB41D5471E2.onnx" 3780
"/Game/Textures/PlayerAttack/a9" 3781
"/Game/Textures/PlayerAttack/a7" 3782
"/Game/Textures/PlayerAttack/a1" 3783
"/Game/Textures/PlayerAttack/a13" 3784
"/Game/Textures/PlayerAttack/a5" 3785
"/Game/Textures/PlayerAttack/a4" 3786
"/Game/Textures/PlayerAttack/a2" 3787
"/Game/Textures/PlayerAttack/a12" 3788
"/Game/Textures/PlayerAttack/a8" 3789
"/Game/Textures/PlayerAttack/a3" 3790
"/Game/MyGame/Asset/VFX/Decal/Tache_encre01" 3791
"/Game/MyGame/Asset/VFX/Decal/Tache_encre02" 3792
"/Game/Textures/SkillCheck/cursor_dbd" 3793
"/Game/Textures/SkillCheck/cicrcle_dbd_2" 3794
"/Game/Textures/SkillCheck/cicrcle_dbd" 3795
"/Engine/EditorLandscapeResources/WhiteSquareTexture" 3796
"/Game/MyGame/Input/Actions/IA_Movement/IA_Jump" 3797
"/Game/MyGame/Input/Actions/Ink/IA_Draw" 3798
"/Game/MyGame/Input/Actions/IA_Interact" 3799
"/Game/MyGame/Blueprints/Interface/BPI_Mascot" 3800
"/Game/MyGame/Blueprints/Interface/BPI_Draw" 3801
"/Game/MyGame/Input/Actions/Ink/IA_Attack" 3802
"/Game/MyGame/Input/Actions/IA_SkillCheck" 3803
"/Game/MyGame/Blueprints/CameraShake/BP_SprintCamShake" 3804
"/Game/MyGame/Input/Actions/IA_Movement/IA_ReturnCamera" 3805
"/Game/MyGame/Input/Actions/IA_Movement/IA_Sprint" 3806
"/Game/MyGame/Blueprints/Interface/BPI_Interact" 3807
"/Game/MyGame/Input/Actions/Ink/IA_InkSplash" 3808
"/Game/MyGame/Blueprints/Interface/BPI_Mob" 3809
"/Game/MyGame/Blueprints/CameraShake/BP_IdleCameraShake" 3810
"/Game/MyGame/Input/Actions/IA_Movement/IA_Look" 3811
"/Game/MyGame/Blueprints/CameraShake/BP_WalkCamShake" 3812
"../../../Engine/Content/EngineMaterials/PPM_DefaultCalibrationGrayscale.uasset" 3813
"../../../Engine/Content/EngineMaterials/PPM_DefaultCalibrationColor.uasset" 3814
"/Engine/EngineMaterials/PPM_DefaultCalibrationColor" 3815
"/Engine/EngineMaterials/PPM_DefaultCalibrationGrayscale" 3816
"/Game/Textures/PlayerAttack/a10" 3817
"/Game/Textures/PlayerAttack/a11" 3818
"../../../Engine/Plugins/Interchange/Assets/Content/Functions/MX_Surface.uasset" 3819
"../../../Engine/Content/Functions/Engine_MaterialFunctions02/Math/Pi.uasset" 3820
"/InterchangeAssets/Functions/MX_Surface" 3821
"../../../Engine/Content/EngineMaterials/Substrate/Volume/SubstrateSimpleVolumeLUT3D.uasset" 3822
"../../../Engine/Content/EditorMaterials/PreviewShadowIndicatorMaterial.uasset" 3823
"../../../Engine/Content/EngineMaterials/Substrate/GLints2/AGlintTex2dArray2.uasset" 3824
"../../../Engine/Content/EngineMaterials/Substrate/GLints/AGlintTex2dArray.uasset" 3825
"../../../Engine/Content/Functions/MaterialLayerFunctions/MatLayerBlend_OverrideOpacity.uasset" 3826
"../../../Engine/Content/EngineMaterials/Substrate/Volume/SubstrateSimpleVolumeEnvLUT3D.uasset" 3827
"/Engine/Functions/Engine_MaterialFunctions02/Math/Pi" 3828
"/Game/Textures/PlayerAttack/a13_Sprite" 3829
"/Engine/EditorMaterials/PreviewShadowIndicatorMaterial" 3830
"/Engine/EngineMaterials/Substrate/GLints/AGlintTex2dArray" 3831
"C:/Users/tevaf/Desktop/Logiciels/Unreal Projects/Team6_Unreal/Content/MyGame/Input/IMC_Default.uasset" 3832
"C:/Users/tevaf/Desktop/Logiciels/Unreal Projects/Team6_Unreal/Content/Material/QTE/M_QTE_SquareProgress.uasset" 3833
"C:/Users/tevaf/Desktop/Logiciels/Unreal Projects/Team6_Unreal/Content/MyGame/Asset/VFX/Decal/Tache_encre_02.uasset" 3834
"C:/Users/tevaf/Desktop/Logiciels/Unreal Projects/Team6_Unreal/Content/MyGame/Asset/VFX/Decal/tache_encre.uasset" 3835
"../../../Engine/Plugins/Interchange/Assets/Content/Functions/MX_StandardSurface.uasset" 3836
"../../../Engine/Plugins/2D/Paper2D/Content/TranslucentUnlitSpriteMaterial.uasset" 3837
"../../../Engine/Content/EngineMaterials/Substrate/GLints/dict_16_192_64_0p5_0p02_0000_0000.uasset" 3838
"../../../Engine/Content/EngineMaterials/Substrate/GLints/dict_16_192_64_0p5_0p02_0000_0001.uasset" 3839
"../../../Engine/Content/EngineMaterials/Substrate/GLints/dict_16_192_64_0p5_0p02_0000_0002.uasset" 3840
"../../../Engine/Content/EngineMaterials/Substrate/GLints/dict_16_192_64_0p5_0p02_0000_0003.uasset" 3841
"../../../Engine/Content/EngineMaterials/Substrate/GLints/dict_16_192_64_0p5_0p02_0000_0004.uasset" 3842
"../../../Engine/Content/EngineMaterials/Substrate/GLints/dict_16_192_64_0p5_0p02_0000_0005.uasset" 3843
"../../../Engine/Content/EngineMaterials/Substrate/GLints/dict_16_192_64_0p5_0p02_0000_0006.uasset" 3844
"../../../Engine/Content/EngineMaterials/Substrate/GLints/dict_16_192_64_0p5_0p02_0000_0007.uasset" 3845
"../../../Engine/Content/EngineMaterials/Substrate/GLints/dict_16_192_64_0p5_0p02_0000_0008.uasset" 3846
"../../../Engine/Content/EngineMaterials/Substrate/GLints/dict_16_192_64_0p5_0p02_0000_0009.uasset" 3847
"../../../Engine/Content/EngineMaterials/Substrate/GLints/dict_16_192_64_0p5_0p02_0000_0010.uasset" 3848
"../../../Engine/Content/EngineMaterials/Substrate/GLints/dict_16_192_64_0p5_0p02_0000_0011.uasset" 3849
"../../../Engine/Content/EngineMaterials/Substrate/GLints/dict_16_192_64_0p5_0p02_0000_0012.uasset" 3850
"../../../Engine/Content/EngineMaterials/Substrate/GLints/dict_16_192_64_0p5_0p02_0000_0013.uasset" 3851
"../../../Engine/Content/EngineMaterials/Substrate/GLints/dict_16_192_64_0p5_0p02_0000_0014.uasset" 3852
"../../../Engine/Content/EngineMaterials/Substrate/GLints/dict_16_192_64_0p5_0p02_0000_0015.uasset" 3853
"../../../Engine/Content/EngineMaterials/Substrate/GLints/dict_16_192_64_0p5_0p02_0001_0000.uasset" 3854
"../../../Engine/Content/EngineMaterials/Substrate/GLints/dict_16_192_64_0p5_0p02_0001_0001.uasset" 3855
"../../../Engine/Content/EngineMaterials/Substrate/GLints/dict_16_192_64_0p5_0p02_0001_0002.uasset" 3856
"../../../Engine/Content/EngineMaterials/Substrate/GLints/dict_16_192_64_0p5_0p02_0001_0003.uasset" 3857
"../../../Engine/Content/EngineMaterials/Substrate/GLints/dict_16_192_64_0p5_0p02_0001_0004.uasset" 3858
"../../../Engine/Content/EngineMaterials/Substrate/GLints/dict_16_192_64_0p5_0p02_0001_0005.uasset" 3859
"../../../Engine/Content/EngineMaterials/Substrate/GLints/dict_16_192_64_0p5_0p02_0001_0006.uasset" 3860
"../../../Engine/Content/EngineMaterials/Substrate/GLints/dict_16_192_64_0p5_0p02_0001_0007.uasset" 3861
"../../../Engine/Content/EngineMaterials/Substrate/GLints/dict_16_192_64_0p5_0p02_0001_0008.uasset" 3862
"../../../Engine/Content/EngineMaterials/Substrate/GLints/dict_16_192_64_0p5_0p02_0001_0009.uasset" 3863
"../../../Engine/Content/EngineMaterials/Substrate/GLints/dict_16_192_64_0p5_0p02_0001_0010.uasset" 3864
"../../../Engine/Content/EngineMaterials/Substrate/GLints/dict_16_192_64_0p5_0p02_0001_0011.uasset" 3865
"../../../Engine/Content/EngineMaterials/Substrate/GLints/dict_16_192_64_0p5_0p02_0001_0012.uasset" 3866
"../../../Engine/Content/EngineMaterials/Substrate/GLints/dict_16_192_64_0p5_0p02_0001_0013.uasset" 3867
"../../../Engine/Content/EngineMaterials/Substrate/GLints/dict_16_192_64_0p5_0p02_0001_0014.uasset" 3868
"../../../Engine/Content/EngineMaterials/Substrate/GLints/dict_16_192_64_0p5_0p02_0001_0015.uasset" 3869
"../../../Engine/Content/EngineMaterials/Substrate/GLints/dict_16_192_64_0p5_0p02_0002_0000.uasset" 3870
"../../../Engine/Content/EngineMaterials/Substrate/GLints/dict_16_192_64_0p5_0p02_0002_0001.uasset" 3871
"../../../Engine/Content/EngineMaterials/Substrate/GLints/dict_16_192_64_0p5_0p02_0002_0002.uasset" 3872
"../../../Engine/Content/EngineMaterials/Substrate/GLints/dict_16_192_64_0p5_0p02_0002_0003.uasset" 3873
"../../../Engine/Content/EngineMaterials/Substrate/GLints/dict_16_192_64_0p5_0p02_0002_0004.uasset" 3874
"../../../Engine/Content/EngineMaterials/Substrate/GLints/dict_16_192_64_0p5_0p02_0002_0005.uasset" 3875
"../../../Engine/Content/EngineMaterials/Substrate/GLints/dict_16_192_64_0p5_0p02_0002_0006.uasset" 3876
"../../../Engine/Content/EngineMaterials/Substrate/GLints/dict_16_192_64_0p5_0p02_0002_0007.uasset" 3877
"../../../Engine/Content/EngineMaterials/Substrate/GLints/dict_16_192_64_0p5_0p02_0002_0008.uasset" 3878
"../../../Engine/Content/EngineMaterials/Substrate/GLints/dict_16_192_64_0p5_0p02_0002_0009.uasset" 3879
"../../../Engine/Content/EngineMaterials/Substrate/GLints/dict_16_192_64_0p5_0p02_0002_0010.uasset" 3880
"../../../Engine/Content/EngineMaterials/Substrate/GLints/dict_16_192_64_0p5_0p02_0002_0011.uasset" 3881
"../../../Engine/Content/EngineMaterials/Substrate/GLints/dict_16_192_64_0p5_0p02_0002_0012.uasset" 3882
"../../../Engine/Content/EngineMaterials/Substrate/GLints/dict_16_192_64_0p5_0p02_0002_0013.uasset" 3883
"../../../Engine/Content/EngineMaterials/Substrate/GLints/dict_16_192_64_0p5_0p02_0002_0014.uasset" 3884
"../../../Engine/Content/EngineMaterials/Substrate/GLints/dict_16_192_64_0p5_0p02_0002_0015.uasset" 3885
"../../../Engine/Content/EngineMaterials/Substrate/GLints/dict_16_192_64_0p5_0p02_0003_0000.uasset" 3886
"../../../Engine/Content/EngineMaterials/Substrate/GLints/dict_16_192_64_0p5_0p02_0003_0001.uasset" 3887
"../../../Engine/Content/EngineMaterials/Substrate/GLints/dict_16_192_64_0p5_0p02_0003_0002.uasset" 3888
"../../../Engine/Content/EngineMaterials/Substrate/GLints/dict_16_192_64_0p5_0p02_0003_0003.uasset" 3889
"../../../Engine/Content/EngineMaterials/Substrate/GLints/dict_16_192_64_0p5_0p02_0003_0004.uasset" 3890
"../../../Engine/Content/EngineMaterials/Substrate/GLints/dict_16_192_64_0p5_0p02_0003_0005.uasset" 3891
"../../../Engine/Content/EngineMaterials/Substrate/GLints/dict_16_192_64_0p5_0p02_0003_0006.uasset" 3892
"../../../Engine/Content/EngineMaterials/Substrate/GLints/dict_16_192_64_0p5_0p02_0003_0007.uasset" 3893
"../../../Engine/Content/EngineMaterials/Substrate/GLints/dict_16_192_64_0p5_0p02_0003_0008.uasset" 3894
"../../../Engine/Content/EngineMaterials/Substrate/GLints/dict_16_192_64_0p5_0p02_0003_0009.uasset" 3895
"../../../Engine/Content/EngineMaterials/Substrate/GLints/dict_16_192_64_0p5_0p02_0003_0010.uasset" 3896
"../../../Engine/Content/EngineMaterials/Substrate/GLints/dict_16_192_64_0p5_0p02_0003_0011.uasset" 3897
"../../../Engine/Content/EngineMaterials/Substrate/GLints/dict_16_192_64_0p5_0p02_0003_0012.uasset" 3898
"../../../Engine/Content/EngineMaterials/Substrate/GLints/dict_16_192_64_0p5_0p02_0003_0013.uasset" 3899
"../../../Engine/Content/EngineMaterials/Substrate/GLints/dict_16_192_64_0p5_0p02_0003_0014.uasset" 3900
"../../../Engine/Content/EngineMaterials/Substrate/GLints/dict_16_192_64_0p5_0p02_0003_0015.uasset" 3901
"../../../Engine/Content/EngineMaterials/Substrate/GLints/dict_16_192_64_0p5_0p02_0004_0000.uasset" 3902
"../../../Engine/Content/EngineMaterials/Substrate/GLints/dict_16_192_64_0p5_0p02_0004_0001.uasset" 3903
"../../../Engine/Content/EngineMaterials/Substrate/GLints/dict_16_192_64_0p5_0p02_0004_0002.uasset" 3904
"../../../Engine/Content/EngineMaterials/Substrate/GLints/dict_16_192_64_0p5_0p02_0004_0003.uasset" 3905
"../../../Engine/Content/EngineMaterials/Substrate/GLints/dict_16_192_64_0p5_0p02_0004_0004.uasset" 3906
"../../../Engine/Content/EngineMaterials/Substrate/GLints/dict_16_192_64_0p5_0p02_0004_0005.uasset" 3907
"../../../Engine/Content/EngineMaterials/Substrate/GLints/dict_16_192_64_0p5_0p02_0004_0006.uasset" 3908
"../../../Engine/Content/EngineMaterials/Substrate/GLints/dict_16_192_64_0p5_0p02_0004_0007.uasset" 3909
"../../../Engine/Content/EngineMaterials/Substrate/GLints/dict_16_192_64_0p5_0p02_0004_0008.uasset" 3910
"../../../Engine/Content/EngineMaterials/Substrate/GLints/dict_16_192_64_0p5_0p02_0004_0009.uasset" 3911
"../../../Engine/Content/EngineMaterials/Substrate/GLints/dict_16_192_64_0p5_0p02_0004_0010.uasset" 3912
"../../../Engine/Content/EngineMaterials/Substrate/GLints/dict_16_192_64_0p5_0p02_0004_0011.uasset" 3913
"../../../Engine/Content/EngineMaterials/Substrate/GLints/dict_16_192_64_0p5_0p02_0004_0012.uasset" 3914
"../../../Engine/Content/EngineMaterials/Substrate/GLints/dict_16_192_64_0p5_0p02_0004_0013.uasset" 3915
"../../../Engine/Content/EngineMaterials/Substrate/GLints/dict_16_192_64_0p5_0p02_0004_0014.uasset" 3916
"../../../Engine/Content/EngineMaterials/Substrate/GLints/dict_16_192_64_0p5_0p02_0004_0015.uasset" 3917
"../../../Engine/Content/EngineMaterials/Substrate/GLints/dict_16_192_64_0p5_0p02_0005_0000.uasset" 3918
"../../../Engine/Content/EngineMaterials/Substrate/GLints/dict_16_192_64_0p5_0p02_0005_0001.uasset" 3919
"../../../Engine/Content/EngineMaterials/Substrate/GLints/dict_16_192_64_0p5_0p02_0005_0002.uasset" 3920
"../../../Engine/Content/EngineMaterials/Substrate/GLints/dict_16_192_64_0p5_0p02_0005_0003.uasset" 3921
"../../../Engine/Content/EngineMaterials/Substrate/GLints/dict_16_192_64_0p5_0p02_0005_0004.uasset" 3922
"../../../Engine/Content/EngineMaterials/Substrate/GLints/dict_16_192_64_0p5_0p02_0005_0005.uasset" 3923
"../../../Engine/Content/EngineMaterials/Substrate/GLints/dict_16_192_64_0p5_0p02_0005_0006.uasset" 3924
"../../../Engine/Content/EngineMaterials/Substrate/GLints/dict_16_192_64_0p5_0p02_0005_0007.uasset" 3925
"../../../Engine/Content/EngineMaterials/Substrate/GLints/dict_16_192_64_0p5_0p02_0005_0008.uasset" 3926
"../../../Engine/Content/EngineMaterials/Substrate/GLints/dict_16_192_64_0p5_0p02_0005_0009.uasset" 3927
"../../../Engine/Content/EngineMaterials/Substrate/GLints/dict_16_192_64_0p5_0p02_0005_0010.uasset" 3928
"../../../Engine/Content/EngineMaterials/Substrate/GLints/dict_16_192_64_0p5_0p02_0005_0011.uasset" 3929
"../../../Engine/Content/EngineMaterials/Substrate/GLints/dict_16_192_64_0p5_0p02_0005_0012.uasset" 3930
"../../../Engine/Content/EngineMaterials/Substrate/GLints/dict_16_192_64_0p5_0p02_0005_0013.uasset" 3931
"../../../Engine/Content/EngineMaterials/Substrate/GLints/dict_16_192_64_0p5_0p02_0005_0014.uasset" 3932
"../../../Engine/Content/EngineMaterials/Substrate/GLints/dict_16_192_64_0p5_0p02_0005_0015.uasset" 3933
"../../../Engine/Content/EngineMaterials/Substrate/GLints/dict_16_192_64_0p5_0p02_0006_0000.uasset" 3934
"../../../Engine/Content/EngineMaterials/Substrate/GLints/dict_16_192_64_0p5_0p02_0006_0001.uasset" 3935
"../../../Engine/Content/EngineMaterials/Substrate/GLints/dict_16_192_64_0p5_0p02_0006_0002.uasset" 3936
"../../../Engine/Content/EngineMaterials/Substrate/GLints/dict_16_192_64_0p5_0p02_0006_0003.uasset" 3937
"../../../Engine/Content/EngineMaterials/Substrate/GLints/dict_16_192_64_0p5_0p02_0006_0004.uasset" 3938
"../../../Engine/Content/EngineMaterials/Substrate/GLints/dict_16_192_64_0p5_0p02_0006_0005.uasset" 3939
"../../../Engine/Content/EngineMaterials/Substrate/GLints/dict_16_192_64_0p5_0p02_0006_0006.uasset" 3940
"../../../Engine/Content/EngineMaterials/Substrate/GLints/dict_16_192_64_0p5_0p02_0006_0007.uasset" 3941
"../../../Engine/Content/EngineMaterials/Substrate/GLints/dict_16_192_64_0p5_0p02_0006_0008.uasset" 3942
"../../../Engine/Content/EngineMaterials/Substrate/GLints/dict_16_192_64_0p5_0p02_0006_0009.uasset" 3943
"../../../Engine/Content/EngineMaterials/Substrate/GLints/dict_16_192_64_0p5_0p02_0006_0010.uasset" 3944
"../../../Engine/Content/EngineMaterials/Substrate/GLints/dict_16_192_64_0p5_0p02_0006_0011.uasset" 3945
"../../../Engine/Content/EngineMaterials/Substrate/GLints/dict_16_192_64_0p5_0p02_0006_0012.uasset" 3946
"../../../Engine/Content/EngineMaterials/Substrate/GLints/dict_16_192_64_0p5_0p02_0006_0013.uasset" 3947
"../../../Engine/Content/EngineMaterials/Substrate/GLints/dict_16_192_64_0p5_0p02_0006_0014.uasset" 3948
"../../../Engine/Content/EngineMaterials/Substrate/GLints/dict_16_192_64_0p5_0p02_0006_0015.uasset" 3949
"../../../Engine/Content/EngineMaterials/Substrate/GLints/dict_16_192_64_0p5_0p02_0007_0000.uasset" 3950
"../../../Engine/Content/EngineMaterials/Substrate/GLints/dict_16_192_64_0p5_0p02_0007_0001.uasset" 3951
"../../../Engine/Content/EngineMaterials/Substrate/GLints/dict_16_192_64_0p5_0p02_0007_0002.uasset" 3952
"../../../Engine/Content/EngineMaterials/Substrate/GLints/dict_16_192_64_0p5_0p02_0007_0003.uasset" 3953
"../../../Engine/Content/EngineMaterials/Substrate/GLints/dict_16_192_64_0p5_0p02_0007_0004.uasset" 3954
"../../../Engine/Content/EngineMaterials/Substrate/GLints/dict_16_192_64_0p5_0p02_0007_0005.uasset" 3955
"../../../Engine/Content/EngineMaterials/Substrate/GLints/dict_16_192_64_0p5_0p02_0007_0006.uasset" 3956
"../../../Engine/Content/EngineMaterials/Substrate/GLints/dict_16_192_64_0p5_0p02_0007_0007.uasset" 3957
"../../../Engine/Content/EngineMaterials/Substrate/GLints/dict_16_192_64_0p5_0p02_0007_0008.uasset" 3958
"../../../Engine/Content/EngineMaterials/Substrate/GLints/dict_16_192_64_0p5_0p02_0007_0009.uasset" 3959
"../../../Engine/Content/EngineMaterials/Substrate/GLints/dict_16_192_64_0p5_0p02_0007_0010.uasset" 3960
"../../../Engine/Content/EngineMaterials/Substrate/GLints/dict_16_192_64_0p5_0p02_0007_0011.uasset" 3961
"../../../Engine/Content/EngineMaterials/Substrate/GLints/dict_16_192_64_0p5_0p02_0007_0012.uasset" 3962
"../../../Engine/Content/EngineMaterials/Substrate/GLints/dict_16_192_64_0p5_0p02_0007_0013.uasset" 3963
"../../../Engine/Content/EngineMaterials/Substrate/GLints/dict_16_192_64_0p5_0p02_0007_0014.uasset" 3964
"../../../Engine/Content/EngineMaterials/Substrate/GLints/dict_16_192_64_0p5_0p02_0007_0015.uasset" 3965
"../../../Engine/Content/EngineMaterials/Substrate/GLints/dict_16_192_64_0p5_0p02_0008_0000.uasset" 3966
"../../../Engine/Content/EngineMaterials/Substrate/GLints/dict_16_192_64_0p5_0p02_0008_0001.uasset" 3967
"../../../Engine/Content/EngineMaterials/Substrate/GLints/dict_16_192_64_0p5_0p02_0008_0002.uasset" 3968
"../../../Engine/Content/EngineMaterials/Substrate/GLints/dict_16_192_64_0p5_0p02_0008_0003.uasset" 3969
"../../../Engine/Content/EngineMaterials/Substrate/GLints/dict_16_192_64_0p5_0p02_0008_0004.uasset" 3970
"../../../Engine/Content/EngineMaterials/Substrate/GLints/dict_16_192_64_0p5_0p02_0008_0005.uasset" 3971
"../../../Engine/Content/EngineMaterials/Substrate/GLints/dict_16_192_64_0p5_0p02_0008_0006.uasset" 3972
"../../../Engine/Content/EngineMaterials/Substrate/GLints/dict_16_192_64_0p5_0p02_0008_0007.uasset" 3973
"../../../Engine/Content/EngineMaterials/Substrate/GLints/dict_16_192_64_0p5_0p02_0008_0008.uasset" 3974
"../../../Engine/Content/EngineMaterials/Substrate/GLints/dict_16_192_64_0p5_0p02_0008_0009.uasset" 3975
"../../../Engine/Content/EngineMaterials/Substrate/GLints/dict_16_192_64_0p5_0p02_0008_0010.uasset" 3976
"../../../Engine/Content/EngineMaterials/Substrate/GLints/dict_16_192_64_0p5_0p02_0008_0011.uasset" 3977
"../../../Engine/Content/EngineMaterials/Substrate/GLints/dict_16_192_64_0p5_0p02_0008_0012.uasset" 3978
"../../../Engine/Content/EngineMaterials/Substrate/GLints/dict_16_192_64_0p5_0p02_0008_0013.uasset" 3979
"../../../Engine/Content/EngineMaterials/Substrate/GLints/dict_16_192_64_0p5_0p02_0008_0014.uasset" 3980
"../../../Engine/Content/EngineMaterials/Substrate/GLints/dict_16_192_64_0p5_0p02_0008_0015.uasset" 3981
"../../../Engine/Content/EngineMaterials/Substrate/GLints/dict_16_192_64_0p5_0p02_0009_0000.uasset" 3982
"../../../Engine/Content/EngineMaterials/Substrate/GLints/dict_16_192_64_0p5_0p02_0009_0001.uasset" 3983
"../../../Engine/Content/EngineMaterials/Substrate/GLints/dict_16_192_64_0p5_0p02_0009_0002.uasset" 3984
"../../../Engine/Content/EngineMaterials/Substrate/GLints/dict_16_192_64_0p5_0p02_0009_0003.uasset" 3985
"../../../Engine/Content/EngineMaterials/Substrate/GLints/dict_16_192_64_0p5_0p02_0009_0004.uasset" 3986
"../../../Engine/Content/EngineMaterials/Substrate/GLints/dict_16_192_64_0p5_0p02_0009_0005.uasset" 3987
"../../../Engine/Content/EngineMaterials/Substrate/GLints/dict_16_192_64_0p5_0p02_0009_0006.uasset" 3988
"../../../Engine/Content/EngineMaterials/Substrate/GLints/dict_16_192_64_0p5_0p02_0009_0007.uasset" 3989
"../../../Engine/Content/EngineMaterials/Substrate/GLints/dict_16_192_64_0p5_0p02_0009_0008.uasset" 3990
"../../../Engine/Content/EngineMaterials/Substrate/GLints/dict_16_192_64_0p5_0p02_0009_0009.uasset" 3991
"../../../Engine/Content/EngineMaterials/Substrate/GLints/dict_16_192_64_0p5_0p02_0009_0010.uasset" 3992
"../../../Engine/Content/EngineMaterials/Substrate/GLints/dict_16_192_64_0p5_0p02_0009_0011.uasset" 3993
"../../../Engine/Content/EngineMaterials/Substrate/GLints/dict_16_192_64_0p5_0p02_0009_0012.uasset" 3994
"../../../Engine/Content/EngineMaterials/Substrate/GLints/dict_16_192_64_0p5_0p02_0009_0013.uasset" 3995
"../../../Engine/Content/EngineMaterials/Substrate/GLints/dict_16_192_64_0p5_0p02_0009_0014.uasset" 3996
"../../../Engine/Content/EngineMaterials/Substrate/GLints/dict_16_192_64_0p5_0p02_0009_0015.uasset" 3997
"../../../Engine/Content/EngineMaterials/Substrate/GLints/dict_16_192_64_0p5_0p02_0010_0000.uasset" 3998
"../../../Engine/Content/EngineMaterials/Substrate/GLints/dict_16_192_64_0p5_0p02_0010_0001.uasset" 3999
"../../../Engine/Content/EngineMaterials/Substrate/GLints/dict_16_192_64_0p5_0p02_0010_0002.uasset" 4000
"../../../Engine/Content/EngineMaterials/Substrate/GLints/dict_16_192_64_0p5_0p02_0010_0003.uasset" 4001
"../../../Engine/Content/EngineMaterials/Substrate/GLints/dict_16_192_64_0p5_0p02_0010_0004.uasset" 4002
"../../../Engine/Content/EngineMaterials/Substrate/GLints/dict_16_192_64_0p5_0p02_0010_0005.uasset" 4003
"../../../Engine/Content/EngineMaterials/Substrate/GLints/dict_16_192_64_0p5_0p02_0010_0006.uasset" 4004
"../../../Engine/Content/EngineMaterials/Substrate/GLints/dict_16_192_64_0p5_0p02_0010_0007.uasset" 4005
"../../../Engine/Content/EngineMaterials/Substrate/GLints/dict_16_192_64_0p5_0p02_0010_0008.uasset" 4006
"../../../Engine/Content/EngineMaterials/Substrate/GLints/dict_16_192_64_0p5_0p02_0010_0009.uasset" 4007
"../../../Engine/Content/EngineMaterials/Substrate/GLints/dict_16_192_64_0p5_0p02_0010_0010.uasset" 4008
"../../../Engine/Content/EngineMaterials/Substrate/GLints/dict_16_192_64_0p5_0p02_0010_0011.uasset" 4009
"../../../Engine/Content/EngineMaterials/Substrate/GLints/dict_16_192_64_0p5_0p02_0010_0012.uasset" 4010
"../../../Engine/Content/EngineMaterials/Substrate/GLints/dict_16_192_64_0p5_0p02_0010_0013.uasset" 4011
"../../../Engine/Content/EngineMaterials/Substrate/GLints/dict_16_192_64_0p5_0p02_0010_0014.uasset" 4012
"../../../Engine/Content/EngineMaterials/Substrate/GLints/dict_16_192_64_0p5_0p02_0010_0015.uasset" 4013
"../../../Engine/Content/EngineMaterials/Substrate/GLints/dict_16_192_64_0p5_0p02_0011_0000.uasset" 4014
"../../../Engine/Content/EngineMaterials/Substrate/GLints/dict_16_192_64_0p5_0p02_0011_0001.uasset" 4015
"../../../Engine/Content/EngineMaterials/Substrate/GLints/dict_16_192_64_0p5_0p02_0011_0002.uasset" 4016
"../../../Engine/Content/EngineMaterials/Substrate/GLints/dict_16_192_64_0p5_0p02_0011_0003.uasset" 4017
"../../../Engine/Content/EngineMaterials/Substrate/GLints/dict_16_192_64_0p5_0p02_0011_0004.uasset" 4018
"../../../Engine/Content/EngineMaterials/Substrate/GLints/dict_16_192_64_0p5_0p02_0011_0005.uasset" 4019
"../../../Engine/Content/EngineMaterials/Substrate/GLints/dict_16_192_64_0p5_0p02_0011_0006.uasset" 4020
"../../../Engine/Content/EngineMaterials/Substrate/GLints/dict_16_192_64_0p5_0p02_0011_0007.uasset" 4021
"../../../Engine/Content/EngineMaterials/Substrate/GLints/dict_16_192_64_0p5_0p02_0011_0008.uasset" 4022
"../../../Engine/Content/EngineMaterials/Substrate/GLints/dict_16_192_64_0p5_0p02_0011_0009.uasset" 4023
"../../../Engine/Content/EngineMaterials/Substrate/GLints/dict_16_192_64_0p5_0p02_0011_0010.uasset" 4024
"../../../Engine/Content/EngineMaterials/Substrate/GLints/dict_16_192_64_0p5_0p02_0011_0011.uasset" 4025
"../../../Engine/Content/EngineMaterials/Substrate/GLints/dict_16_192_64_0p5_0p02_0011_0012.uasset" 4026
"../../../Engine/Content/EngineMaterials/Substrate/GLints/dict_16_192_64_0p5_0p02_0011_0013.uasset" 4027
"../../../Engine/Content/EngineMaterials/Substrate/GLints/dict_16_192_64_0p5_0p02_0011_0014.uasset" 4028
"../../../Engine/Content/EngineMaterials/Substrate/GLints/dict_16_192_64_0p5_0p02_0011_0015.uasset" 4029
"../../../Engine/Content/EngineMaterials/Substrate/GLints/dict_16_192_64_0p5_0p02_0012_0000.uasset" 4030
"../../../Engine/Content/EngineMaterials/Substrate/GLints/dict_16_192_64_0p5_0p02_0012_0001.uasset" 4031
"../../../Engine/Content/EngineMaterials/Substrate/GLints/dict_16_192_64_0p5_0p02_0012_0002.uasset" 4032
"../../../Engine/Content/EngineMaterials/Substrate/GLints/dict_16_192_64_0p5_0p02_0012_0003.uasset" 4033
"../../../Engine/Content/EngineMaterials/Substrate/GLints/dict_16_192_64_0p5_0p02_0012_0004.uasset" 4034
"../../../Engine/Content/EngineMaterials/Substrate/GLints/dict_16_192_64_0p5_0p02_0012_0005.uasset" 4035
"../../../Engine/Content/EngineMaterials/Substrate/GLints/dict_16_192_64_0p5_0p02_0012_0006.uasset" 4036
"../../../Engine/Content/EngineMaterials/Substrate/GLints/dict_16_192_64_0p5_0p02_0012_0007.uasset" 4037
"../../../Engine/Content/EngineMaterials/Substrate/GLints/dict_16_192_64_0p5_0p02_0012_0008.uasset" 4038
"../../../Engine/Content/EngineMaterials/Substrate/GLints/dict_16_192_64_0p5_0p02_0012_0009.uasset" 4039
"../../../Engine/Content/EngineMaterials/Substrate/GLints/dict_16_192_64_0p5_0p02_0012_0010.uasset" 4040
"../../../Engine/Content/EngineMaterials/Substrate/GLints/dict_16_192_64_0p5_0p02_0012_0011.uasset" 4041
"../../../Engine/Content/EngineMaterials/Substrate/GLints/dict_16_192_64_0p5_0p02_0012_0012.uasset" 4042
"../../../Engine/Content/EngineMaterials/Substrate/GLints/dict_16_192_64_0p5_0p02_0012_0013.uasset" 4043
"../../../Engine/Content/EngineMaterials/Substrate/GLints/dict_16_192_64_0p5_0p02_0012_0014.uasset" 4044
"../../../Engine/Content/EngineMaterials/Substrate/GLints/dict_16_192_64_0p5_0p02_0012_0015.uasset" 4045
"../../../Engine/Content/EngineMaterials/Substrate/GLints/dict_16_192_64_0p5_0p02_0013_0000.uasset" 4046
"../../../Engine/Content/EngineMaterials/Substrate/GLints/dict_16_192_64_0p5_0p02_0013_0001.uasset" 4047
"../../../Engine/Content/EngineMaterials/Substrate/GLints/dict_16_192_64_0p5_0p02_0013_0002.uasset" 4048
"../../../Engine/Content/EngineMaterials/Substrate/GLints/dict_16_192_64_0p5_0p02_0013_0003.uasset" 4049
"../../../Engine/Content/EngineMaterials/Substrate/GLints/dict_16_192_64_0p5_0p02_0013_0004.uasset" 4050
"../../../Engine/Content/EngineMaterials/Substrate/GLints/dict_16_192_64_0p5_0p02_0013_0005.uasset" 4051
"../../../Engine/Content/EngineMaterials/Substrate/GLints/dict_16_192_64_0p5_0p02_0013_0006.uasset" 4052
"../../../Engine/Content/EngineMaterials/Substrate/GLints/dict_16_192_64_0p5_0p02_0013_0007.uasset" 4053
"../../../Engine/Content/EngineMaterials/Substrate/GLints/dict_16_192_64_0p5_0p02_0013_0008.uasset" 4054
"../../../Engine/Content/EngineMaterials/Substrate/GLints/dict_16_192_64_0p5_0p02_0013_0009.uasset" 4055
"../../../Engine/Content/EngineMaterials/Substrate/GLints/dict_16_192_64_0p5_0p02_0013_0010.uasset" 4056
"../../../Engine/Content/EngineMaterials/Substrate/GLints/dict_16_192_64_0p5_0p02_0013_0011.uasset" 4057
"../../../Engine/Content/EngineMaterials/Substrate/GLints/dict_16_192_64_0p5_0p02_0013_0012.uasset" 4058
"../../../Engine/Content/EngineMaterials/Substrate/GLints/dict_16_192_64_0p5_0p02_0013_0013.uasset" 4059
"../../../Engine/Content/EngineMaterials/Substrate/GLints/dict_16_192_64_0p5_0p02_0013_0014.uasset" 4060
"../../../Engine/Content/EngineMaterials/Substrate/GLints/dict_16_192_64_0p5_0p02_0013_0015.uasset" 4061
"../../../Engine/Content/EngineMaterials/Substrate/GLints/dict_16_192_64_0p5_0p02_0014_0000.uasset" 4062
"../../../Engine/Content/EngineMaterials/Substrate/GLints/dict_16_192_64_0p5_0p02_0014_0001.uasset" 4063
"../../../Engine/Content/EngineMaterials/Substrate/GLints/dict_16_192_64_0p5_0p02_0014_0002.uasset" 4064
"../../../Engine/Content/EngineMaterials/Substrate/GLints/dict_16_192_64_0p5_0p02_0014_0003.uasset" 4065
"../../../Engine/Content/EngineMaterials/Substrate/GLints/dict_16_192_64_0p5_0p02_0014_0004.uasset" 4066
"../../../Engine/Content/EngineMaterials/Substrate/GLints/dict_16_192_64_0p5_0p02_0014_0005.uasset" 4067
"../../../Engine/Content/EngineMaterials/Substrate/GLints/dict_16_192_64_0p5_0p02_0014_0006.uasset" 4068
"../../../Engine/Content/EngineMaterials/Substrate/GLints/dict_16_192_64_0p5_0p02_0014_0007.uasset" 4069
"../../../Engine/Content/EngineMaterials/Substrate/GLints/dict_16_192_64_0p5_0p02_0014_0008.uasset" 4070
"../../../Engine/Content/EngineMaterials/Substrate/GLints/dict_16_192_64_0p5_0p02_0014_0009.uasset" 4071
"../../../Engine/Content/EngineMaterials/Substrate/GLints/dict_16_192_64_0p5_0p02_0014_0010.uasset" 4072
"../../../Engine/Content/EngineMaterials/Substrate/GLints/dict_16_192_64_0p5_0p02_0014_0011.uasset" 4073
"../../../Engine/Content/EngineMaterials/Substrate/GLints/dict_16_192_64_0p5_0p02_0014_0012.uasset" 4074
"../../../Engine/Content/EngineMaterials/Substrate/GLints/dict_16_192_64_0p5_0p02_0014_0013.uasset" 4075
"../../../Engine/Content/EngineMaterials/Substrate/GLints/dict_16_192_64_0p5_0p02_0014_0014.uasset" 4076
"../../../Engine/Content/EngineMaterials/Substrate/GLints/dict_16_192_64_0p5_0p02_0014_0015.uasset" 4077
"../../../Engine/Content/EngineMaterials/Substrate/GLints/dict_16_192_64_0p5_0p02_0015_0000.uasset" 4078
"../../../Engine/Content/EngineMaterials/Substrate/GLints/dict_16_192_64_0p5_0p02_0015_0001.uasset" 4079
"../../../Engine/Content/EngineMaterials/Substrate/GLints/dict_16_192_64_0p5_0p02_0015_0002.uasset" 4080
"../../../Engine/Content/EngineMaterials/Substrate/GLints/dict_16_192_64_0p5_0p02_0015_0003.uasset" 4081
"../../../Engine/Content/EngineMaterials/Substrate/GLints/dict_16_192_64_0p5_0p02_0015_0004.uasset" 4082
"../../../Engine/Content/EngineMaterials/Substrate/GLints/dict_16_192_64_0p5_0p02_0015_0005.uasset" 4083
"../../../Engine/Content/EngineMaterials/Substrate/GLints/dict_16_192_64_0p5_0p02_0015_0006.uasset" 4084
"../../../Engine/Content/EngineMaterials/Substrate/GLints/dict_16_192_64_0p5_0p02_0015_0007.uasset" 4085
"../../../Engine/Content/EngineMaterials/Substrate/GLints/dict_16_192_64_0p5_0p02_0015_0008.uasset" 4086
"../../../Engine/Content/EngineMaterials/Substrate/GLints/dict_16_192_64_0p5_0p02_0015_0009.uasset" 4087
"../../../Engine/Content/EngineMaterials/Substrate/GLints/dict_16_192_64_0p5_0p02_0015_0010.uasset" 4088
"../../../Engine/Content/EngineMaterials/Substrate/GLints/dict_16_192_64_0p5_0p02_0015_0011.uasset" 4089
"../../../Engine/Content/EngineMaterials/Substrate/GLints/dict_16_192_64_0p5_0p02_0015_0012.uasset" 4090
"../../../Engine/Content/EngineMaterials/Substrate/GLints/dict_16_192_64_0p5_0p02_0015_0013.uasset" 4091
"../../../Engine/Content/EngineMaterials/Substrate/GLints/dict_16_192_64_0p5_0p02_0015_0014.uasset" 4092
"../../../Engine/Content/EngineMaterials/Substrate/GLints/dict_16_192_64_0p5_0p02_0015_0015.uasset" 4093
"../../../Engine/Content/EngineMaterials/Substrate/GLints/dict_16_192_64_0p5_0p02_0016_0000.uasset" 4094
"../../../Engine/Content/EngineMaterials/Substrate/GLints/dict_16_192_64_0p5_0p02_0016_0001.uasset" 4095
"../../../Engine/Content/EngineMaterials/Substrate/GLints/dict_16_192_64_0p5_0p02_0016_0002.uasset" 4096
"../../../Engine/Content/EngineMaterials/Substrate/GLints/dict_16_192_64_0p5_0p02_0016_0003.uasset" 4097
"../../../Engine/Content/EngineMaterials/Substrate/GLints/dict_16_192_64_0p5_0p02_0016_0004.uasset" 4098
"../../../Engine/Content/EngineMaterials/Substrate/GLints/dict_16_192_64_0p5_0p02_0016_0005.uasset" 4099
"../../../Engine/Content/EngineMaterials/Substrate/GLints/dict_16_192_64_0p5_0p02_0016_0006.uasset" 4100
"../../../Engine/Content/EngineMaterials/Substrate/GLints/dict_16_192_64_0p5_0p02_0016_0007.uasset" 4101
"../../../Engine/Content/EngineMaterials/Substrate/GLints/dict_16_192_64_0p5_0p02_0016_0008.uasset" 4102
"../../../Engine/Content/EngineMaterials/Substrate/GLints/dict_16_192_64_0p5_0p02_0016_0009.uasset" 4103
"../../../Engine/Content/EngineMaterials/Substrate/GLints/dict_16_192_64_0p5_0p02_0016_0010.uasset" 4104
"../../../Engine/Content/EngineMaterials/Substrate/GLints/dict_16_192_64_0p5_0p02_0016_0011.uasset" 4105
"../../../Engine/Content/EngineMaterials/Substrate/GLints/dict_16_192_64_0p5_0p02_0016_0012.uasset" 4106
"../../../Engine/Content/EngineMaterials/Substrate/GLints/dict_16_192_64_0p5_0p02_0016_0013.uasset" 4107
"../../../Engine/Content/EngineMaterials/Substrate/GLints/dict_16_192_64_0p5_0p02_0016_0014.uasset" 4108
"../../../Engine/Content/EngineMaterials/Substrate/GLints/dict_16_192_64_0p5_0p02_0016_0015.uasset" 4109
"../../../Engine/Content/EngineMaterials/Substrate/GLints/dict_16_192_64_0p5_0p02_0017_0000.uasset" 4110
"../../../Engine/Content/EngineMaterials/Substrate/GLints/dict_16_192_64_0p5_0p02_0017_0001.uasset" 4111
"../../../Engine/Content/EngineMaterials/Substrate/GLints/dict_16_192_64_0p5_0p02_0017_0002.uasset" 4112
"../../../Engine/Content/EngineMaterials/Substrate/GLints/dict_16_192_64_0p5_0p02_0017_0003.uasset" 4113
"../../../Engine/Content/EngineMaterials/Substrate/GLints/dict_16_192_64_0p5_0p02_0017_0004.uasset" 4114
"../../../Engine/Content/EngineMaterials/Substrate/GLints/dict_16_192_64_0p5_0p02_0017_0005.uasset" 4115
"../../../Engine/Content/EngineMaterials/Substrate/GLints/dict_16_192_64_0p5_0p02_0017_0006.uasset" 4116
"../../../Engine/Content/EngineMaterials/Substrate/GLints/dict_16_192_64_0p5_0p02_0017_0007.uasset" 4117
"../../../Engine/Content/EngineMaterials/Substrate/GLints/dict_16_192_64_0p5_0p02_0017_0008.uasset" 4118
"../../../Engine/Content/EngineMaterials/Substrate/GLints/dict_16_192_64_0p5_0p02_0017_0009.uasset" 4119
"../../../Engine/Content/EngineMaterials/Substrate/GLints/dict_16_192_64_0p5_0p02_0017_0010.uasset" 4120
"../../../Engine/Content/EngineMaterials/Substrate/GLints/dict_16_192_64_0p5_0p02_0017_0011.uasset" 4121
"../../../Engine/Content/EngineMaterials/Substrate/GLints/dict_16_192_64_0p5_0p02_0017_0012.uasset" 4122
"../../../Engine/Content/EngineMaterials/Substrate/GLints/dict_16_192_64_0p5_0p02_0017_0013.uasset" 4123
"../../../Engine/Content/EngineMaterials/Substrate/GLints/dict_16_192_64_0p5_0p02_0017_0014.uasset" 4124
"../../../Engine/Content/EngineMaterials/Substrate/GLints/dict_16_192_64_0p5_0p02_0017_0015.uasset" 4125
"../../../Engine/Content/EngineMaterials/Substrate/GLints/dict_16_192_64_0p5_0p02_0018_0000.uasset" 4126
"../../../Engine/Content/EngineMaterials/Substrate/GLints/dict_16_192_64_0p5_0p02_0018_0001.uasset" 4127
"../../../Engine/Content/EngineMaterials/Substrate/GLints/dict_16_192_64_0p5_0p02_0018_0002.uasset" 4128
"../../../Engine/Content/EngineMaterials/Substrate/GLints/dict_16_192_64_0p5_0p02_0018_0003.uasset" 4129
"../../../Engine/Content/EngineMaterials/Substrate/GLints/dict_16_192_64_0p5_0p02_0018_0004.uasset" 4130
"../../../Engine/Content/EngineMaterials/Substrate/GLints/dict_16_192_64_0p5_0p02_0018_0005.uasset" 4131
"../../../Engine/Content/EngineMaterials/Substrate/GLints/dict_16_192_64_0p5_0p02_0018_0006.uasset" 4132
"../../../Engine/Content/EngineMaterials/Substrate/GLints/dict_16_192_64_0p5_0p02_0018_0007.uasset" 4133
"../../../Engine/Content/EngineMaterials/Substrate/GLints/dict_16_192_64_0p5_0p02_0018_0008.uasset" 4134
"../../../Engine/Content/EngineMaterials/Substrate/GLints/dict_16_192_64_0p5_0p02_0018_0009.uasset" 4135
"../../../Engine/Content/EngineMaterials/Substrate/GLints/dict_16_192_64_0p5_0p02_0018_0010.uasset" 4136
"../../../Engine/Content/EngineMaterials/Substrate/GLints/dict_16_192_64_0p5_0p02_0018_0011.uasset" 4137
"../../../Engine/Content/EngineMaterials/Substrate/GLints/dict_16_192_64_0p5_0p02_0018_0012.uasset" 4138
"../../../Engine/Content/EngineMaterials/Substrate/GLints/dict_16_192_64_0p5_0p02_0018_0013.uasset" 4139
"../../../Engine/Content/EngineMaterials/Substrate/GLints/dict_16_192_64_0p5_0p02_0018_0014.uasset" 4140
"../../../Engine/Content/EngineMaterials/Substrate/GLints/dict_16_192_64_0p5_0p02_0018_0015.uasset" 4141
"../../../Engine/Content/EngineMaterials/Substrate/GLints/dict_16_192_64_0p5_0p02_0019_0000.uasset" 4142
"../../../Engine/Content/EngineMaterials/Substrate/GLints/dict_16_192_64_0p5_0p02_0019_0001.uasset" 4143
"../../../Engine/Content/EngineMaterials/Substrate/GLints/dict_16_192_64_0p5_0p02_0019_0002.uasset" 4144
"../../../Engine/Content/EngineMaterials/Substrate/GLints/dict_16_192_64_0p5_0p02_0019_0003.uasset" 4145
"../../../Engine/Content/EngineMaterials/Substrate/GLints/dict_16_192_64_0p5_0p02_0019_0004.uasset" 4146
"../../../Engine/Content/EngineMaterials/Substrate/GLints/dict_16_192_64_0p5_0p02_0019_0005.uasset" 4147
"../../../Engine/Content/EngineMaterials/Substrate/GLints/dict_16_192_64_0p5_0p02_0019_0006.uasset" 4148
"../../../Engine/Content/EngineMaterials/Substrate/GLints/dict_16_192_64_0p5_0p02_0019_0007.uasset" 4149
"../../../Engine/Content/EngineMaterials/Substrate/GLints/dict_16_192_64_0p5_0p02_0019_0008.uasset" 4150
"../../../Engine/Content/EngineMaterials/Substrate/GLints/dict_16_192_64_0p5_0p02_0019_0009.uasset" 4151
"../../../Engine/Content/EngineMaterials/Substrate/GLints/dict_16_192_64_0p5_0p02_0019_0010.uasset" 4152
"../../../Engine/Content/EngineMaterials/Substrate/GLints/dict_16_192_64_0p5_0p02_0019_0011.uasset" 4153
"../../../Engine/Content/EngineMaterials/Substrate/GLints/dict_16_192_64_0p5_0p02_0019_0012.uasset" 4154
"../../../Engine/Content/EngineMaterials/Substrate/GLints/dict_16_192_64_0p5_0p02_0019_0013.uasset" 4155
"../../../Engine/Content/EngineMaterials/Substrate/GLints/dict_16_192_64_0p5_0p02_0019_0014.uasset" 4156
"../../../Engine/Content/EngineMaterials/Substrate/GLints/dict_16_192_64_0p5_0p02_0019_0015.uasset" 4157
"../../../Engine/Content/EngineMaterials/Substrate/GLints/dict_16_192_64_0p5_0p02_0020_0000.uasset" 4158
"../../../Engine/Content/EngineMaterials/Substrate/GLints/dict_16_192_64_0p5_0p02_0020_0001.uasset" 4159
"../../../Engine/Content/EngineMaterials/Substrate/GLints/dict_16_192_64_0p5_0p02_0020_0002.uasset" 4160
"../../../Engine/Content/EngineMaterials/Substrate/GLints/dict_16_192_64_0p5_0p02_0020_0003.uasset" 4161
"../../../Engine/Content/EngineMaterials/Substrate/GLints/dict_16_192_64_0p5_0p02_0020_0004.uasset" 4162
"../../../Engine/Content/EngineMaterials/Substrate/GLints/dict_16_192_64_0p5_0p02_0020_0005.uasset" 4163
"../../../Engine/Content/EngineMaterials/Substrate/GLints/dict_16_192_64_0p5_0p02_0020_0006.uasset" 4164
"../../../Engine/Content/EngineMaterials/Substrate/GLints/dict_16_192_64_0p5_0p02_0020_0007.uasset" 4165
"../../../Engine/Content/EngineMaterials/Substrate/GLints/dict_16_192_64_0p5_0p02_0020_0008.uasset" 4166
"../../../Engine/Content/EngineMaterials/Substrate/GLints/dict_16_192_64_0p5_0p02_0020_0009.uasset" 4167
"../../../Engine/Content/EngineMaterials/Substrate/GLints/dict_16_192_64_0p5_0p02_0020_0010.uasset" 4168
"../../../Engine/Content/EngineMaterials/Substrate/GLints/dict_16_192_64_0p5_0p02_0020_0011.uasset" 4169
"../../../Engine/Content/EngineMaterials/Substrate/GLints/dict_16_192_64_0p5_0p02_0020_0012.uasset" 4170
"../../../Engine/Content/EngineMaterials/Substrate/GLints/dict_16_192_64_0p5_0p02_0020_0013.uasset" 4171
"../../../Engine/Content/EngineMaterials/Substrate/GLints/dict_16_192_64_0p5_0p02_0020_0014.uasset" 4172
"../../../Engine/Content/EngineMaterials/Substrate/GLints/dict_16_192_64_0p5_0p02_0020_0015.uasset" 4173
"../../../Engine/Content/EngineMaterials/Substrate/GLints/dict_16_192_64_0p5_0p02_0021_0000.uasset" 4174
"../../../Engine/Content/EngineMaterials/Substrate/GLints/dict_16_192_64_0p5_0p02_0021_0001.uasset" 4175
"../../../Engine/Content/EngineMaterials/Substrate/GLints/dict_16_192_64_0p5_0p02_0021_0002.uasset" 4176
"../../../Engine/Content/EngineMaterials/Substrate/GLints/dict_16_192_64_0p5_0p02_0021_0003.uasset" 4177
"../../../Engine/Content/EngineMaterials/Substrate/GLints/dict_16_192_64_0p5_0p02_0021_0004.uasset" 4178
"../../../Engine/Content/EngineMaterials/Substrate/GLints/dict_16_192_64_0p5_0p02_0021_0005.uasset" 4179
"../../../Engine/Content/EngineMaterials/Substrate/GLints/dict_16_192_64_0p5_0p02_0021_0006.uasset" 4180
"../../../Engine/Content/EngineMaterials/Substrate/GLints/dict_16_192_64_0p5_0p02_0021_0007.uasset" 4181
"../../../Engine/Content/EngineMaterials/Substrate/GLints/dict_16_192_64_0p5_0p02_0021_0008.uasset" 4182
"../../../Engine/Content/EngineMaterials/Substrate/GLints/dict_16_192_64_0p5_0p02_0021_0009.uasset" 4183
"../../../Engine/Content/EngineMaterials/Substrate/GLints/dict_16_192_64_0p5_0p02_0021_0010.uasset" 4184
"../../../Engine/Content/EngineMaterials/Substrate/GLints/dict_16_192_64_0p5_0p02_0021_0011.uasset" 4185
"../../../Engine/Content/EngineMaterials/Substrate/GLints/dict_16_192_64_0p5_0p02_0021_0012.uasset" 4186
"../../../Engine/Content/EngineMaterials/Substrate/GLints/dict_16_192_64_0p5_0p02_0021_0013.uasset" 4187
"../../../Engine/Content/EngineMaterials/Substrate/GLints/dict_16_192_64_0p5_0p02_0021_0014.uasset" 4188
"../../../Engine/Content/EngineMaterials/Substrate/GLints/dict_16_192_64_0p5_0p02_0021_0015.uasset" 4189
"../../../Engine/Content/EngineMaterials/Substrate/GLints/dict_16_192_64_0p5_0p02_0022_0000.uasset" 4190
"../../../Engine/Content/EngineMaterials/Substrate/GLints/dict_16_192_64_0p5_0p02_0022_0001.uasset" 4191
"../../../Engine/Content/EngineMaterials/Substrate/GLints/dict_16_192_64_0p5_0p02_0022_0002.uasset" 4192
"../../../Engine/Content/EngineMaterials/Substrate/GLints/dict_16_192_64_0p5_0p02_0022_0003.uasset" 4193
"../../../Engine/Content/EngineMaterials/Substrate/GLints/dict_16_192_64_0p5_0p02_0022_0004.uasset" 4194
"../../../Engine/Content/EngineMaterials/Substrate/GLints/dict_16_192_64_0p5_0p02_0022_0005.uasset" 4195
"../../../Engine/Content/EngineMaterials/Substrate/GLints/dict_16_192_64_0p5_0p02_0022_0006.uasset" 4196
"../../../Engine/Content/EngineMaterials/Substrate/GLints/dict_16_192_64_0p5_0p02_0022_0007.uasset" 4197
"../../../Engine/Content/EngineMaterials/Substrate/GLints/dict_16_192_64_0p5_0p02_0022_0008.uasset" 4198
"../../../Engine/Content/EngineMaterials/Substrate/GLints/dict_16_192_64_0p5_0p02_0022_0009.uasset" 4199
"../../../Engine/Content/EngineMaterials/Substrate/GLints/dict_16_192_64_0p5_0p02_0022_0010.uasset" 4200
"../../../Engine/Content/EngineMaterials/Substrate/GLints/dict_16_192_64_0p5_0p02_0022_0011.uasset" 4201
"../../../Engine/Content/EngineMaterials/Substrate/GLints/dict_16_192_64_0p5_0p02_0022_0012.uasset" 4202
"../../../Engine/Content/EngineMaterials/Substrate/GLints/dict_16_192_64_0p5_0p02_0022_0013.uasset" 4203
"../../../Engine/Content/EngineMaterials/Substrate/GLints/dict_16_192_64_0p5_0p02_0022_0014.uasset" 4204
"../../../Engine/Content/EngineMaterials/Substrate/GLints/dict_16_192_64_0p5_0p02_0022_0015.uasset" 4205
"../../../Engine/Content/EngineMaterials/Substrate/GLints/dict_16_192_64_0p5_0p02_0023_0000.uasset" 4206
"../../../Engine/Content/EngineMaterials/Substrate/GLints/dict_16_192_64_0p5_0p02_0023_0001.uasset" 4207
"../../../Engine/Content/EngineMaterials/Substrate/GLints/dict_16_192_64_0p5_0p02_0023_0002.uasset" 4208
"../../../Engine/Content/EngineMaterials/Substrate/GLints/dict_16_192_64_0p5_0p02_0023_0003.uasset" 4209
"../../../Engine/Content/EngineMaterials/Substrate/GLints/dict_16_192_64_0p5_0p02_0023_0004.uasset" 4210
"../../../Engine/Content/EngineMaterials/Substrate/GLints/dict_16_192_64_0p5_0p02_0023_0005.uasset" 4211
"../../../Engine/Content/EngineMaterials/Substrate/GLints/dict_16_192_64_0p5_0p02_0023_0006.uasset" 4212
"../../../Engine/Content/EngineMaterials/Substrate/GLints/dict_16_192_64_0p5_0p02_0023_0007.uasset" 4213
"../../../Engine/Content/EngineMaterials/Substrate/GLints/dict_16_192_64_0p5_0p02_0023_0008.uasset" 4214
"../../../Engine/Content/EngineMaterials/Substrate/GLints/dict_16_192_64_0p5_0p02_0023_0009.uasset" 4215
"../../../Engine/Content/EngineMaterials/Substrate/GLints/dict_16_192_64_0p5_0p02_0023_0010.uasset" 4216
"../../../Engine/Content/EngineMaterials/Substrate/GLints/dict_16_192_64_0p5_0p02_0023_0011.uasset" 4217
"../../../Engine/Content/EngineMaterials/Substrate/GLints/dict_16_192_64_0p5_0p02_0023_0012.uasset" 4218
"../../../Engine/Content/EngineMaterials/Substrate/GLints/dict_16_192_64_0p5_0p02_0023_0013.uasset" 4219
"../../../Engine/Content/EngineMaterials/Substrate/GLints/dict_16_192_64_0p5_0p02_0023_0014.uasset" 4220
"../../../Engine/Content/EngineMaterials/Substrate/GLints/dict_16_192_64_0p5_0p02_0023_0015.uasset" 4221
"../../../Engine/Content/EngineMaterials/Substrate/GLints/dict_16_192_64_0p5_0p02_0024_0000.uasset" 4222
"../../../Engine/Content/EngineMaterials/Substrate/GLints/dict_16_192_64_0p5_0p02_0024_0001.uasset" 4223
"../../../Engine/Content/EngineMaterials/Substrate/GLints/dict_16_192_64_0p5_0p02_0024_0002.uasset" 4224
"../../../Engine/Content/EngineMaterials/Substrate/GLints/dict_16_192_64_0p5_0p02_0024_0003.uasset" 4225
"../../../Engine/Content/EngineMaterials/Substrate/GLints/dict_16_192_64_0p5_0p02_0024_0004.uasset" 4226
"../../../Engine/Content/EngineMaterials/Substrate/GLints/dict_16_192_64_0p5_0p02_0024_0005.uasset" 4227
"../../../Engine/Content/EngineMaterials/Substrate/GLints/dict_16_192_64_0p5_0p02_0024_0006.uasset" 4228
"../../../Engine/Content/EngineMaterials/Substrate/GLints/dict_16_192_64_0p5_0p02_0024_0007.uasset" 4229
"../../../Engine/Content/EngineMaterials/Substrate/GLints/dict_16_192_64_0p5_0p02_0024_0008.uasset" 4230
"../../../Engine/Content/EngineMaterials/Substrate/GLints/dict_16_192_64_0p5_0p02_0024_0009.uasset" 4231
"../../../Engine/Content/EngineMaterials/Substrate/GLints/dict_16_192_64_0p5_0p02_0024_0010.uasset" 4232
"../../../Engine/Content/EngineMaterials/Substrate/GLints/dict_16_192_64_0p5_0p02_0024_0011.uasset" 4233
"../../../Engine/Content/EngineMaterials/Substrate/GLints/dict_16_192_64_0p5_0p02_0024_0012.uasset" 4234
"../../../Engine/Content/EngineMaterials/Substrate/GLints/dict_16_192_64_0p5_0p02_0024_0013.uasset" 4235
"../../../Engine/Content/EngineMaterials/Substrate/GLints/dict_16_192_64_0p5_0p02_0024_0014.uasset" 4236
"../../../Engine/Content/EngineMaterials/Substrate/GLints/dict_16_192_64_0p5_0p02_0024_0015.uasset" 4237
"../../../Engine/Content/EngineMaterials/Substrate/GLints/dict_16_192_64_0p5_0p02_0025_0000.uasset" 4238
"../../../Engine/Content/EngineMaterials/Substrate/GLints/dict_16_192_64_0p5_0p02_0025_0001.uasset" 4239
"../../../Engine/Content/EngineMaterials/Substrate/GLints/dict_16_192_64_0p5_0p02_0025_0002.uasset" 4240
"../../../Engine/Content/EngineMaterials/Substrate/GLints/dict_16_192_64_0p5_0p02_0025_0003.uasset" 4241
"../../../Engine/Content/EngineMaterials/Substrate/GLints/dict_16_192_64_0p5_0p02_0025_0004.uasset" 4242
"../../../Engine/Content/EngineMaterials/Substrate/GLints/dict_16_192_64_0p5_0p02_0025_0005.uasset" 4243
"../../../Engine/Content/EngineMaterials/Substrate/GLints/dict_16_192_64_0p5_0p02_0025_0006.uasset" 4244
"../../../Engine/Content/EngineMaterials/Substrate/GLints/dict_16_192_64_0p5_0p02_0025_0007.uasset" 4245
"../../../Engine/Content/EngineMaterials/Substrate/GLints/dict_16_192_64_0p5_0p02_0025_0008.uasset" 4246
"../../../Engine/Content/EngineMaterials/Substrate/GLints/dict_16_192_64_0p5_0p02_0025_0009.uasset" 4247
"../../../Engine/Content/EngineMaterials/Substrate/GLints/dict_16_192_64_0p5_0p02_0025_0010.uasset" 4248
"../../../Engine/Content/EngineMaterials/Substrate/GLints/dict_16_192_64_0p5_0p02_0025_0011.uasset" 4249
"../../../Engine/Content/EngineMaterials/Substrate/GLints/dict_16_192_64_0p5_0p02_0025_0012.uasset" 4250
"../../../Engine/Content/EngineMaterials/Substrate/GLints/dict_16_192_64_0p5_0p02_0025_0013.uasset" 4251
"../../../Engine/Content/EngineMaterials/Substrate/GLints/dict_16_192_64_0p5_0p02_0025_0014.uasset" 4252
"../../../Engine/Content/EngineMaterials/Substrate/GLints/dict_16_192_64_0p5_0p02_0025_0015.uasset" 4253
"../../../Engine/Content/EngineMaterials/Substrate/GLints/dict_16_192_64_0p5_0p02_0026_0000.uasset" 4254
"../../../Engine/Content/EngineMaterials/Substrate/GLints/dict_16_192_64_0p5_0p02_0026_0001.uasset" 4255
"../../../Engine/Content/EngineMaterials/Substrate/GLints/dict_16_192_64_0p5_0p02_0026_0002.uasset" 4256
"../../../Engine/Content/EngineMaterials/Substrate/GLints/dict_16_192_64_0p5_0p02_0026_0003.uasset" 4257
"../../../Engine/Content/EngineMaterials/Substrate/GLints/dict_16_192_64_0p5_0p02_0026_0004.uasset" 4258
"../../../Engine/Content/EngineMaterials/Substrate/GLints/dict_16_192_64_0p5_0p02_0026_0005.uasset" 4259
"../../../Engine/Content/EngineMaterials/Substrate/GLints/dict_16_192_64_0p5_0p02_0026_0006.uasset" 4260
"../../../Engine/Content/EngineMaterials/Substrate/GLints/dict_16_192_64_0p5_0p02_0026_0007.uasset" 4261
"../../../Engine/Content/EngineMaterials/Substrate/GLints/dict_16_192_64_0p5_0p02_0026_0008.uasset" 4262
"../../../Engine/Content/EngineMaterials/Substrate/GLints/dict_16_192_64_0p5_0p02_0026_0009.uasset" 4263
"../../../Engine/Content/EngineMaterials/Substrate/GLints/dict_16_192_64_0p5_0p02_0026_0010.uasset" 4264
"../../../Engine/Content/EngineMaterials/Substrate/GLints/dict_16_192_64_0p5_0p02_0026_0011.uasset" 4265
"../../../Engine/Content/EngineMaterials/Substrate/GLints/dict_16_192_64_0p5_0p02_0026_0012.uasset" 4266
"../../../Engine/Content/EngineMaterials/Substrate/GLints/dict_16_192_64_0p5_0p02_0026_0013.uasset" 4267
"../../../Engine/Content/EngineMaterials/Substrate/GLints/dict_16_192_64_0p5_0p02_0026_0014.uasset" 4268
"../../../Engine/Content/EngineMaterials/Substrate/GLints/dict_16_192_64_0p5_0p02_0026_0015.uasset" 4269
"../../../Engine/Content/EngineMaterials/Substrate/GLints/dict_16_192_64_0p5_0p02_0027_0000.uasset" 4270
"../../../Engine/Content/EngineMaterials/Substrate/GLints/dict_16_192_64_0p5_0p02_0027_0001.uasset" 4271
"../../../Engine/Content/EngineMaterials/Substrate/GLints/dict_16_192_64_0p5_0p02_0027_0002.uasset" 4272
"../../../Engine/Content/EngineMaterials/Substrate/GLints/dict_16_192_64_0p5_0p02_0027_0003.uasset" 4273
"../../../Engine/Content/EngineMaterials/Substrate/GLints/dict_16_192_64_0p5_0p02_0027_0004.uasset" 4274
"../../../Engine/Content/EngineMaterials/Substrate/GLints/dict_16_192_64_0p5_0p02_0027_0005.uasset" 4275
"../../../Engine/Content/EngineMaterials/Substrate/GLints/dict_16_192_64_0p5_0p02_0027_0006.uasset" 4276
"../../../Engine/Content/EngineMaterials/Substrate/GLints/dict_16_192_64_0p5_0p02_0027_0007.uasset" 4277
"../../../Engine/Content/EngineMaterials/Substrate/GLints/dict_16_192_64_0p5_0p02_0027_0008.uasset" 4278
"../../../Engine/Content/EngineMaterials/Substrate/GLints/dict_16_192_64_0p5_0p02_0027_0009.uasset" 4279
"../../../Engine/Content/EngineMaterials/Substrate/GLints/dict_16_192_64_0p5_0p02_0027_0010.uasset" 4280
"../../../Engine/Content/EngineMaterials/Substrate/GLints/dict_16_192_64_0p5_0p02_0027_0011.uasset" 4281
"../../../Engine/Content/EngineMaterials/Substrate/GLints/dict_16_192_64_0p5_0p02_0027_0012.uasset" 4282
"../../../Engine/Content/EngineMaterials/Substrate/GLints/dict_16_192_64_0p5_0p02_0027_0013.uasset" 4283
"../../../Engine/Content/EngineMaterials/Substrate/GLints/dict_16_192_64_0p5_0p02_0027_0014.uasset" 4284
"../../../Engine/Content/EngineMaterials/Substrate/GLints/dict_16_192_64_0p5_0p02_0027_0015.uasset" 4285
"../../../Engine/Content/EngineMaterials/Substrate/GLints/dict_16_192_64_0p5_0p02_0028_0000.uasset" 4286
"../../../Engine/Content/EngineMaterials/Substrate/GLints/dict_16_192_64_0p5_0p02_0028_0001.uasset" 4287
"../../../Engine/Content/EngineMaterials/Substrate/GLints/dict_16_192_64_0p5_0p02_0028_0002.uasset" 4288
"../../../Engine/Content/EngineMaterials/Substrate/GLints/dict_16_192_64_0p5_0p02_0028_0003.uasset" 4289
"../../../Engine/Content/EngineMaterials/Substrate/GLints/dict_16_192_64_0p5_0p02_0028_0004.uasset" 4290
"../../../Engine/Content/EngineMaterials/Substrate/GLints/dict_16_192_64_0p5_0p02_0028_0005.uasset" 4291
"../../../Engine/Content/EngineMaterials/Substrate/GLints/dict_16_192_64_0p5_0p02_0028_0006.uasset" 4292
"../../../Engine/Content/EngineMaterials/Substrate/GLints/dict_16_192_64_0p5_0p02_0028_0007.uasset" 4293
"../../../Engine/Content/EngineMaterials/Substrate/GLints/dict_16_192_64_0p5_0p02_0028_0008.uasset" 4294
"../../../Engine/Content/EngineMaterials/Substrate/GLints/dict_16_192_64_0p5_0p02_0028_0009.uasset" 4295
"../../../Engine/Content/EngineMaterials/Substrate/GLints/dict_16_192_64_0p5_0p02_0028_0010.uasset" 4296
"../../../Engine/Content/EngineMaterials/Substrate/GLints/dict_16_192_64_0p5_0p02_0028_0011.uasset" 4297
"../../../Engine/Content/EngineMaterials/Substrate/GLints/dict_16_192_64_0p5_0p02_0028_0012.uasset" 4298
"../../../Engine/Content/EngineMaterials/Substrate/GLints/dict_16_192_64_0p5_0p02_0028_0013.uasset" 4299
"../../../Engine/Content/EngineMaterials/Substrate/GLints/dict_16_192_64_0p5_0p02_0028_0014.uasset" 4300
"../../../Engine/Content/EngineMaterials/Substrate/GLints/dict_16_192_64_0p5_0p02_0028_0015.uasset" 4301
"../../../Engine/Content/EngineMaterials/Substrate/GLints/dict_16_192_64_0p5_0p02_0029_0000.uasset" 4302
"../../../Engine/Content/EngineMaterials/Substrate/GLints/dict_16_192_64_0p5_0p02_0029_0001.uasset" 4303
"../../../Engine/Content/EngineMaterials/Substrate/GLints/dict_16_192_64_0p5_0p02_0029_0002.uasset" 4304
"../../../Engine/Content/EngineMaterials/Substrate/GLints/dict_16_192_64_0p5_0p02_0029_0003.uasset" 4305
"../../../Engine/Content/EngineMaterials/Substrate/GLints/dict_16_192_64_0p5_0p02_0029_0004.uasset" 4306
"../../../Engine/Content/EngineMaterials/Substrate/GLints/dict_16_192_64_0p5_0p02_0029_0005.uasset" 4307
"../../../Engine/Content/EngineMaterials/Substrate/GLints/dict_16_192_64_0p5_0p02_0029_0006.uasset" 4308
"../../../Engine/Content/EngineMaterials/Substrate/GLints/dict_16_192_64_0p5_0p02_0029_0007.uasset" 4309
"../../../Engine/Content/EngineMaterials/Substrate/GLints/dict_16_192_64_0p5_0p02_0029_0008.uasset" 4310
"../../../Engine/Content/EngineMaterials/Substrate/GLints/dict_16_192_64_0p5_0p02_0029_0009.uasset" 4311
"../../../Engine/Content/EngineMaterials/Substrate/GLints/dict_16_192_64_0p5_0p02_0029_0010.uasset" 4312
"../../../Engine/Content/EngineMaterials/Substrate/GLints/dict_16_192_64_0p5_0p02_0029_0011.uasset" 4313
"../../../Engine/Content/EngineMaterials/Substrate/GLints/dict_16_192_64_0p5_0p02_0029_0012.uasset" 4314
"../../../Engine/Content/EngineMaterials/Substrate/GLints/dict_16_192_64_0p5_0p02_0029_0013.uasset" 4315
"../../../Engine/Content/EngineMaterials/Substrate/GLints/dict_16_192_64_0p5_0p02_0029_0014.uasset" 4316
"../../../Engine/Content/EngineMaterials/Substrate/GLints/dict_16_192_64_0p5_0p02_0029_0015.uasset" 4317
"../../../Engine/Content/EngineMaterials/Substrate/GLints/dict_16_192_64_0p5_0p02_0030_0000.uasset" 4318
"../../../Engine/Content/EngineMaterials/Substrate/GLints/dict_16_192_64_0p5_0p02_0030_0001.uasset" 4319
"../../../Engine/Content/EngineMaterials/Substrate/GLints/dict_16_192_64_0p5_0p02_0030_0002.uasset" 4320
"../../../Engine/Content/EngineMaterials/Substrate/GLints/dict_16_192_64_0p5_0p02_0030_0003.uasset" 4321
"../../../Engine/Content/EngineMaterials/Substrate/GLints/dict_16_192_64_0p5_0p02_0030_0004.uasset" 4322
"../../../Engine/Content/EngineMaterials/Substrate/GLints/dict_16_192_64_0p5_0p02_0030_0005.uasset" 4323
"../../../Engine/Content/EngineMaterials/Substrate/GLints/dict_16_192_64_0p5_0p02_0030_0006.uasset" 4324
"../../../Engine/Content/EngineMaterials/Substrate/GLints/dict_16_192_64_0p5_0p02_0030_0007.uasset" 4325
"../../../Engine/Content/EngineMaterials/Substrate/GLints/dict_16_192_64_0p5_0p02_0030_0008.uasset" 4326
"../../../Engine/Content/EngineMaterials/Substrate/GLints/dict_16_192_64_0p5_0p02_0030_0009.uasset" 4327
"../../../Engine/Content/EngineMaterials/Substrate/GLints/dict_16_192_64_0p5_0p02_0030_0010.uasset" 4328
"../../../Engine/Content/EngineMaterials/Substrate/GLints/dict_16_192_64_0p5_0p02_0030_0011.uasset" 4329
"../../../Engine/Content/EngineMaterials/Substrate/GLints/dict_16_192_64_0p5_0p02_0030_0012.uasset" 4330
"../../../Engine/Content/EngineMaterials/Substrate/GLints/dict_16_192_64_0p5_0p02_0030_0013.uasset" 4331
"../../../Engine/Content/EngineMaterials/Substrate/GLints/dict_16_192_64_0p5_0p02_0030_0014.uasset" 4332
"../../../Engine/Content/EngineMaterials/Substrate/GLints/dict_16_192_64_0p5_0p02_0030_0015.uasset" 4333
"../../../Engine/Content/EngineMaterials/Substrate/GLints/dict_16_192_64_0p5_0p02_0031_0000.uasset" 4334
"../../../Engine/Content/EngineMaterials/Substrate/GLints/dict_16_192_64_0p5_0p02_0031_0001.uasset" 4335
"../../../Engine/Content/EngineMaterials/Substrate/GLints/dict_16_192_64_0p5_0p02_0031_0002.uasset" 4336
"../../../Engine/Content/EngineMaterials/Substrate/GLints/dict_16_192_64_0p5_0p02_0031_0003.uasset" 4337
"../../../Engine/Content/EngineMaterials/Substrate/GLints/dict_16_192_64_0p5_0p02_0031_0004.uasset" 4338
"../../../Engine/Content/EngineMaterials/Substrate/GLints/dict_16_192_64_0p5_0p02_0031_0005.uasset" 4339
"../../../Engine/Content/EngineMaterials/Substrate/GLints/dict_16_192_64_0p5_0p02_0031_0006.uasset" 4340
"../../../Engine/Content/EngineMaterials/Substrate/GLints/dict_16_192_64_0p5_0p02_0031_0007.uasset" 4341
"../../../Engine/Content/EngineMaterials/Substrate/GLints/dict_16_192_64_0p5_0p02_0031_0008.uasset" 4342
"../../../Engine/Content/EngineMaterials/Substrate/GLints/dict_16_192_64_0p5_0p02_0031_0009.uasset" 4343
"../../../Engine/Content/EngineMaterials/Substrate/GLints/dict_16_192_64_0p5_0p02_0031_0010.uasset" 4344
"../../../Engine/Content/EngineMaterials/Substrate/GLints/dict_16_192_64_0p5_0p02_0031_0011.uasset" 4345
"../../../Engine/Content/EngineMaterials/Substrate/GLints/dict_16_192_64_0p5_0p02_0031_0012.uasset" 4346
"../../../Engine/Content/EngineMaterials/Substrate/GLints/dict_16_192_64_0p5_0p02_0031_0013.uasset" 4347
"../../../Engine/Content/EngineMaterials/Substrate/GLints/dict_16_192_64_0p5_0p02_0031_0014.uasset" 4348
"../../../Engine/Content/EngineMaterials/Substrate/GLints/dict_16_192_64_0p5_0p02_0031_0015.uasset" 4349
"../../../Engine/Content/EngineMaterials/Substrate/GLints/dict_16_192_64_0p5_0p02_0032_0000.uasset" 4350
"../../../Engine/Content/EngineMaterials/Substrate/GLints/dict_16_192_64_0p5_0p02_0032_0001.uasset" 4351
"../../../Engine/Content/EngineMaterials/Substrate/GLints/dict_16_192_64_0p5_0p02_0032_0002.uasset" 4352
"../../../Engine/Content/EngineMaterials/Substrate/GLints/dict_16_192_64_0p5_0p02_0032_0003.uasset" 4353
"../../../Engine/Content/EngineMaterials/Substrate/GLints/dict_16_192_64_0p5_0p02_0032_0004.uasset" 4354
"../../../Engine/Content/EngineMaterials/Substrate/GLints/dict_16_192_64_0p5_0p02_0032_0005.uasset" 4355
"../../../Engine/Content/EngineMaterials/Substrate/GLints/dict_16_192_64_0p5_0p02_0032_0006.uasset" 4356
"../../../Engine/Content/EngineMaterials/Substrate/GLints/dict_16_192_64_0p5_0p02_0032_0007.uasset" 4357
"../../../Engine/Content/EngineMaterials/Substrate/GLints/dict_16_192_64_0p5_0p02_0032_0008.uasset" 4358
"../../../Engine/Content/EngineMaterials/Substrate/GLints/dict_16_192_64_0p5_0p02_0032_0009.uasset" 4359
"../../../Engine/Content/EngineMaterials/Substrate/GLints/dict_16_192_64_0p5_0p02_0032_0010.uasset" 4360
"../../../Engine/Content/EngineMaterials/Substrate/GLints/dict_16_192_64_0p5_0p02_0032_0011.uasset" 4361
"../../../Engine/Content/EngineMaterials/Substrate/GLints/dict_16_192_64_0p5_0p02_0032_0012.uasset" 4362
"../../../Engine/Content/EngineMaterials/Substrate/GLints/dict_16_192_64_0p5_0p02_0032_0013.uasset" 4363
"../../../Engine/Content/EngineMaterials/Substrate/GLints/dict_16_192_64_0p5_0p02_0032_0014.uasset" 4364
"../../../Engine/Content/EngineMaterials/Substrate/GLints/dict_16_192_64_0p5_0p02_0032_0015.uasset" 4365
"../../../Engine/Content/EngineMaterials/Substrate/GLints/dict_16_192_64_0p5_0p02_0033_0000.uasset" 4366
"../../../Engine/Content/EngineMaterials/Substrate/GLints/dict_16_192_64_0p5_0p02_0033_0001.uasset" 4367
"../../../Engine/Content/EngineMaterials/Substrate/GLints/dict_16_192_64_0p5_0p02_0033_0002.uasset" 4368
"../../../Engine/Content/EngineMaterials/Substrate/GLints/dict_16_192_64_0p5_0p02_0033_0003.uasset" 4369
"../../../Engine/Content/EngineMaterials/Substrate/GLints/dict_16_192_64_0p5_0p02_0033_0004.uasset" 4370
"../../../Engine/Content/EngineMaterials/Substrate/GLints/dict_16_192_64_0p5_0p02_0033_0005.uasset" 4371
"../../../Engine/Content/EngineMaterials/Substrate/GLints/dict_16_192_64_0p5_0p02_0033_0006.uasset" 4372
"../../../Engine/Content/EngineMaterials/Substrate/GLints/dict_16_192_64_0p5_0p02_0033_0007.uasset" 4373
"../../../Engine/Content/EngineMaterials/Substrate/GLints/dict_16_192_64_0p5_0p02_0033_0008.uasset" 4374
"../../../Engine/Content/EngineMaterials/Substrate/GLints/dict_16_192_64_0p5_0p02_0033_0009.uasset" 4375
"../../../Engine/Content/EngineMaterials/Substrate/GLints/dict_16_192_64_0p5_0p02_0033_0010.uasset" 4376
"../../../Engine/Content/EngineMaterials/Substrate/GLints/dict_16_192_64_0p5_0p02_0033_0011.uasset" 4377
"../../../Engine/Content/EngineMaterials/Substrate/GLints/dict_16_192_64_0p5_0p02_0033_0012.uasset" 4378
"../../../Engine/Content/EngineMaterials/Substrate/GLints/dict_16_192_64_0p5_0p02_0033_0013.uasset" 4379
"../../../Engine/Content/EngineMaterials/Substrate/GLints/dict_16_192_64_0p5_0p02_0033_0014.uasset" 4380
"../../../Engine/Content/EngineMaterials/Substrate/GLints/dict_16_192_64_0p5_0p02_0033_0015.uasset" 4381
"../../../Engine/Content/EngineMaterials/Substrate/GLints/dict_16_192_64_0p5_0p02_0034_0000.uasset" 4382
"../../../Engine/Content/EngineMaterials/Substrate/GLints/dict_16_192_64_0p5_0p02_0034_0001.uasset" 4383
"../../../Engine/Content/EngineMaterials/Substrate/GLints/dict_16_192_64_0p5_0p02_0034_0002.uasset" 4384
"../../../Engine/Content/EngineMaterials/Substrate/GLints/dict_16_192_64_0p5_0p02_0034_0003.uasset" 4385
"../../../Engine/Content/EngineMaterials/Substrate/GLints/dict_16_192_64_0p5_0p02_0034_0004.uasset" 4386
"../../../Engine/Content/EngineMaterials/Substrate/GLints/dict_16_192_64_0p5_0p02_0034_0005.uasset" 4387
"../../../Engine/Content/EngineMaterials/Substrate/GLints/dict_16_192_64_0p5_0p02_0034_0006.uasset" 4388
"../../../Engine/Content/EngineMaterials/Substrate/GLints/dict_16_192_64_0p5_0p02_0034_0007.uasset" 4389
"../../../Engine/Content/EngineMaterials/Substrate/GLints/dict_16_192_64_0p5_0p02_0034_0008.uasset" 4390
"../../../Engine/Content/EngineMaterials/Substrate/GLints/dict_16_192_64_0p5_0p02_0034_0009.uasset" 4391
"../../../Engine/Content/EngineMaterials/Substrate/GLints/dict_16_192_64_0p5_0p02_0034_0010.uasset" 4392
"../../../Engine/Content/EngineMaterials/Substrate/GLints/dict_16_192_64_0p5_0p02_0034_0011.uasset" 4393
"../../../Engine/Content/EngineMaterials/Substrate/GLints/dict_16_192_64_0p5_0p02_0034_0012.uasset" 4394
"../../../Engine/Content/EngineMaterials/Substrate/GLints/dict_16_192_64_0p5_0p02_0034_0013.uasset" 4395
"../../../Engine/Content/EngineMaterials/Substrate/GLints/dict_16_192_64_0p5_0p02_0034_0014.uasset" 4396
"../../../Engine/Content/EngineMaterials/Substrate/GLints/dict_16_192_64_0p5_0p02_0034_0015.uasset" 4397
"../../../Engine/Content/EngineMaterials/Substrate/GLints/dict_16_192_64_0p5_0p02_0035_0000.uasset" 4398
"../../../Engine/Content/EngineMaterials/Substrate/GLints/dict_16_192_64_0p5_0p02_0035_0001.uasset" 4399
"../../../Engine/Content/EngineMaterials/Substrate/GLints/dict_16_192_64_0p5_0p02_0035_0002.uasset" 4400
"../../../Engine/Content/EngineMaterials/Substrate/GLints/dict_16_192_64_0p5_0p02_0035_0003.uasset" 4401
"../../../Engine/Content/EngineMaterials/Substrate/GLints/dict_16_192_64_0p5_0p02_0035_0004.uasset" 4402
"../../../Engine/Content/EngineMaterials/Substrate/GLints/dict_16_192_64_0p5_0p02_0035_0005.uasset" 4403
"../../../Engine/Content/EngineMaterials/Substrate/GLints/dict_16_192_64_0p5_0p02_0035_0006.uasset" 4404
"../../../Engine/Content/EngineMaterials/Substrate/GLints/dict_16_192_64_0p5_0p02_0035_0007.uasset" 4405
"../../../Engine/Content/EngineMaterials/Substrate/GLints/dict_16_192_64_0p5_0p02_0035_0008.uasset" 4406
"../../../Engine/Content/EngineMaterials/Substrate/GLints/dict_16_192_64_0p5_0p02_0035_0009.uasset" 4407
"../../../Engine/Content/EngineMaterials/Substrate/GLints/dict_16_192_64_0p5_0p02_0035_0010.uasset" 4408
"../../../Engine/Content/EngineMaterials/Substrate/GLints/dict_16_192_64_0p5_0p02_0035_0011.uasset" 4409
"../../../Engine/Content/EngineMaterials/Substrate/GLints/dict_16_192_64_0p5_0p02_0035_0012.uasset" 4410
"../../../Engine/Content/EngineMaterials/Substrate/GLints/dict_16_192_64_0p5_0p02_0035_0013.uasset" 4411
"../../../Engine/Content/EngineMaterials/Substrate/GLints/dict_16_192_64_0p5_0p02_0035_0014.uasset" 4412
"../../../Engine/Content/EngineMaterials/Substrate/GLints/dict_16_192_64_0p5_0p02_0035_0015.uasset" 4413
"../../../Engine/Content/EngineMaterials/Substrate/GLints/dict_16_192_64_0p5_0p02_0036_0000.uasset" 4414
"../../../Engine/Content/EngineMaterials/Substrate/GLints/dict_16_192_64_0p5_0p02_0036_0001.uasset" 4415
"../../../Engine/Content/EngineMaterials/Substrate/GLints/dict_16_192_64_0p5_0p02_0036_0002.uasset" 4416
"../../../Engine/Content/EngineMaterials/Substrate/GLints/dict_16_192_64_0p5_0p02_0036_0003.uasset" 4417
"../../../Engine/Content/EngineMaterials/Substrate/GLints/dict_16_192_64_0p5_0p02_0036_0004.uasset" 4418
"../../../Engine/Content/EngineMaterials/Substrate/GLints/dict_16_192_64_0p5_0p02_0036_0005.uasset" 4419
"../../../Engine/Content/EngineMaterials/Substrate/GLints/dict_16_192_64_0p5_0p02_0036_0006.uasset" 4420
"../../../Engine/Content/EngineMaterials/Substrate/GLints/dict_16_192_64_0p5_0p02_0036_0007.uasset" 4421
"../../../Engine/Content/EngineMaterials/Substrate/GLints/dict_16_192_64_0p5_0p02_0036_0008.uasset" 4422
"../../../Engine/Content/EngineMaterials/Substrate/GLints/dict_16_192_64_0p5_0p02_0036_0009.uasset" 4423
"../../../Engine/Content/EngineMaterials/Substrate/GLints/dict_16_192_64_0p5_0p02_0036_0010.uasset" 4424
"../../../Engine/Content/EngineMaterials/Substrate/GLints/dict_16_192_64_0p5_0p02_0036_0011.uasset" 4425
"../../../Engine/Content/EngineMaterials/Substrate/GLints/dict_16_192_64_0p5_0p02_0036_0012.uasset" 4426
"../../../Engine/Content/EngineMaterials/Substrate/GLints/dict_16_192_64_0p5_0p02_0036_0013.uasset" 4427
"../../../Engine/Content/EngineMaterials/Substrate/GLints/dict_16_192_64_0p5_0p02_0036_0014.uasset" 4428
"../../../Engine/Content/EngineMaterials/Substrate/GLints/dict_16_192_64_0p5_0p02_0036_0015.uasset" 4429
"../../../Engine/Content/EngineMaterials/Substrate/GLints/dict_16_192_64_0p5_0p02_0037_0000.uasset" 4430
"../../../Engine/Content/EngineMaterials/Substrate/GLints/dict_16_192_64_0p5_0p02_0037_0001.uasset" 4431
"../../../Engine/Content/EngineMaterials/Substrate/GLints/dict_16_192_64_0p5_0p02_0037_0002.uasset" 4432
"../../../Engine/Content/EngineMaterials/Substrate/GLints/dict_16_192_64_0p5_0p02_0037_0003.uasset" 4433
"../../../Engine/Content/EngineMaterials/Substrate/GLints/dict_16_192_64_0p5_0p02_0037_0004.uasset" 4434
"../../../Engine/Content/EngineMaterials/Substrate/GLints/dict_16_192_64_0p5_0p02_0037_0005.uasset" 4435
"../../../Engine/Content/EngineMaterials/Substrate/GLints/dict_16_192_64_0p5_0p02_0037_0006.uasset" 4436
"../../../Engine/Content/EngineMaterials/Substrate/GLints/dict_16_192_64_0p5_0p02_0037_0007.uasset" 4437
"../../../Engine/Content/EngineMaterials/Substrate/GLints/dict_16_192_64_0p5_0p02_0037_0008.uasset" 4438
"../../../Engine/Content/EngineMaterials/Substrate/GLints/dict_16_192_64_0p5_0p02_0037_0009.uasset" 4439
"../../../Engine/Content/EngineMaterials/Substrate/GLints/dict_16_192_64_0p5_0p02_0037_0010.uasset" 4440
"../../../Engine/Content/EngineMaterials/Substrate/GLints/dict_16_192_64_0p5_0p02_0037_0011.uasset" 4441
"../../../Engine/Content/EngineMaterials/Substrate/GLints/dict_16_192_64_0p5_0p02_0037_0012.uasset" 4442
"../../../Engine/Content/EngineMaterials/Substrate/GLints/dict_16_192_64_0p5_0p02_0037_0013.uasset" 4443
"../../../Engine/Content/EngineMaterials/Substrate/GLints/dict_16_192_64_0p5_0p02_0037_0014.uasset" 4444
"../../../Engine/Content/EngineMaterials/Substrate/GLints/dict_16_192_64_0p5_0p02_0037_0015.uasset" 4445
"../../../Engine/Content/EngineMaterials/Substrate/GLints/dict_16_192_64_0p5_0p02_0038_0000.uasset" 4446
"../../../Engine/Content/EngineMaterials/Substrate/GLints/dict_16_192_64_0p5_0p02_0038_0001.uasset" 4447
"../../../Engine/Content/EngineMaterials/Substrate/GLints/dict_16_192_64_0p5_0p02_0038_0002.uasset" 4448
"../../../Engine/Content/EngineMaterials/Substrate/GLints/dict_16_192_64_0p5_0p02_0038_0003.uasset" 4449
"../../../Engine/Content/EngineMaterials/Substrate/GLints/dict_16_192_64_0p5_0p02_0038_0004.uasset" 4450
"../../../Engine/Content/EngineMaterials/Substrate/GLints/dict_16_192_64_0p5_0p02_0038_0005.uasset" 4451
"../../../Engine/Content/EngineMaterials/Substrate/GLints/dict_16_192_64_0p5_0p02_0038_0006.uasset" 4452
"../../../Engine/Content/EngineMaterials/Substrate/GLints/dict_16_192_64_0p5_0p02_0038_0007.uasset" 4453
"../../../Engine/Content/EngineMaterials/Substrate/GLints/dict_16_192_64_0p5_0p02_0038_0008.uasset" 4454
"../../../Engine/Content/EngineMaterials/Substrate/GLints/dict_16_192_64_0p5_0p02_0038_0009.uasset" 4455
"../../../Engine/Content/EngineMaterials/Substrate/GLints/dict_16_192_64_0p5_0p02_0038_0010.uasset" 4456
"../../../Engine/Content/EngineMaterials/Substrate/GLints/dict_16_192_64_0p5_0p02_0038_0011.uasset" 4457
"../../../Engine/Content/EngineMaterials/Substrate/GLints/dict_16_192_64_0p5_0p02_0038_0012.uasset" 4458
"../../../Engine/Content/EngineMaterials/Substrate/GLints/dict_16_192_64_0p5_0p02_0038_0013.uasset" 4459
"../../../Engine/Content/EngineMaterials/Substrate/GLints/dict_16_192_64_0p5_0p02_0038_0014.uasset" 4460
"../../../Engine/Content/EngineMaterials/Substrate/GLints/dict_16_192_64_0p5_0p02_0038_0015.uasset" 4461
"../../../Engine/Content/EngineMaterials/Substrate/GLints/dict_16_192_64_0p5_0p02_0039_0000.uasset" 4462
"../../../Engine/Content/EngineMaterials/Substrate/GLints/dict_16_192_64_0p5_0p02_0039_0001.uasset" 4463
"../../../Engine/Content/EngineMaterials/Substrate/GLints/dict_16_192_64_0p5_0p02_0039_0002.uasset" 4464
"../../../Engine/Content/EngineMaterials/Substrate/GLints/dict_16_192_64_0p5_0p02_0039_0003.uasset" 4465
"../../../Engine/Content/EngineMaterials/Substrate/GLints/dict_16_192_64_0p5_0p02_0039_0004.uasset" 4466
"../../../Engine/Content/EngineMaterials/Substrate/GLints/dict_16_192_64_0p5_0p02_0039_0005.uasset" 4467
"../../../Engine/Content/EngineMaterials/Substrate/GLints/dict_16_192_64_0p5_0p02_0039_0006.uasset" 4468
"../../../Engine/Content/EngineMaterials/Substrate/GLints/dict_16_192_64_0p5_0p02_0039_0007.uasset" 4469
"../../../Engine/Content/EngineMaterials/Substrate/GLints/dict_16_192_64_0p5_0p02_0039_0008.uasset" 4470
"../../../Engine/Content/EngineMaterials/Substrate/GLints/dict_16_192_64_0p5_0p02_0039_0009.uasset" 4471
"../../../Engine/Content/EngineMaterials/Substrate/GLints/dict_16_192_64_0p5_0p02_0039_0010.uasset" 4472
"../../../Engine/Content/EngineMaterials/Substrate/GLints/dict_16_192_64_0p5_0p02_0039_0011.uasset" 4473
"../../../Engine/Content/EngineMaterials/Substrate/GLints/dict_16_192_64_0p5_0p02_0039_0012.uasset" 4474
"../../../Engine/Content/EngineMaterials/Substrate/GLints/dict_16_192_64_0p5_0p02_0039_0013.uasset" 4475
"../../../Engine/Content/EngineMaterials/Substrate/GLints/dict_16_192_64_0p5_0p02_0039_0014.uasset" 4476
"../../../Engine/Content/EngineMaterials/Substrate/GLints/dict_16_192_64_0p5_0p02_0039_0015.uasset" 4477
"../../../Engine/Content/EngineMaterials/Substrate/GLints/dict_16_192_64_0p5_0p02_0040_0000.uasset" 4478
"../../../Engine/Content/EngineMaterials/Substrate/GLints/dict_16_192_64_0p5_0p02_0040_0001.uasset" 4479
"../../../Engine/Content/EngineMaterials/Substrate/GLints/dict_16_192_64_0p5_0p02_0040_0002.uasset" 4480
"../../../Engine/Content/EngineMaterials/Substrate/GLints/dict_16_192_64_0p5_0p02_0040_0003.uasset" 4481
"../../../Engine/Content/EngineMaterials/Substrate/GLints/dict_16_192_64_0p5_0p02_0040_0004.uasset" 4482
"../../../Engine/Content/EngineMaterials/Substrate/GLints/dict_16_192_64_0p5_0p02_0040_0005.uasset" 4483
"../../../Engine/Content/EngineMaterials/Substrate/GLints/dict_16_192_64_0p5_0p02_0040_0006.uasset" 4484
"../../../Engine/Content/EngineMaterials/Substrate/GLints/dict_16_192_64_0p5_0p02_0040_0007.uasset" 4485
"../../../Engine/Content/EngineMaterials/Substrate/GLints/dict_16_192_64_0p5_0p02_0040_0008.uasset" 4486
"../../../Engine/Content/EngineMaterials/Substrate/GLints/dict_16_192_64_0p5_0p02_0040_0009.uasset" 4487
"../../../Engine/Content/EngineMaterials/Substrate/GLints/dict_16_192_64_0p5_0p02_0040_0010.uasset" 4488
"../../../Engine/Content/EngineMaterials/Substrate/GLints/dict_16_192_64_0p5_0p02_0040_0011.uasset" 4489
"../../../Engine/Content/EngineMaterials/Substrate/GLints/dict_16_192_64_0p5_0p02_0040_0012.uasset" 4490
"../../../Engine/Content/EngineMaterials/Substrate/GLints/dict_16_192_64_0p5_0p02_0040_0013.uasset" 4491
"../../../Engine/Content/EngineMaterials/Substrate/GLints/dict_16_192_64_0p5_0p02_0040_0014.uasset" 4492
"../../../Engine/Content/EngineMaterials/Substrate/GLints/dict_16_192_64_0p5_0p02_0040_0015.uasset" 4493
"../../../Engine/Content/EngineMaterials/Substrate/GLints/dict_16_192_64_0p5_0p02_0041_0000.uasset" 4494
"../../../Engine/Content/EngineMaterials/Substrate/GLints/dict_16_192_64_0p5_0p02_0041_0001.uasset" 4495
"../../../Engine/Content/EngineMaterials/Substrate/GLints/dict_16_192_64_0p5_0p02_0041_0002.uasset" 4496
"../../../Engine/Content/EngineMaterials/Substrate/GLints/dict_16_192_64_0p5_0p02_0041_0003.uasset" 4497
"../../../Engine/Content/EngineMaterials/Substrate/GLints/dict_16_192_64_0p5_0p02_0041_0004.uasset" 4498
"../../../Engine/Content/EngineMaterials/Substrate/GLints/dict_16_192_64_0p5_0p02_0041_0005.uasset" 4499
"../../../Engine/Content/EngineMaterials/Substrate/GLints/dict_16_192_64_0p5_0p02_0041_0006.uasset" 4500
"../../../Engine/Content/EngineMaterials/Substrate/GLints/dict_16_192_64_0p5_0p02_0041_0007.uasset" 4501
"../../../Engine/Content/EngineMaterials/Substrate/GLints/dict_16_192_64_0p5_0p02_0041_0008.uasset" 4502
"../../../Engine/Content/EngineMaterials/Substrate/GLints/dict_16_192_64_0p5_0p02_0041_0009.uasset" 4503
"../../../Engine/Content/EngineMaterials/Substrate/GLints/dict_16_192_64_0p5_0p02_0041_0010.uasset" 4504
"../../../Engine/Content/EngineMaterials/Substrate/GLints/dict_16_192_64_0p5_0p02_0041_0011.uasset" 4505
"../../../Engine/Content/EngineMaterials/Substrate/GLints/dict_16_192_64_0p5_0p02_0041_0012.uasset" 4506
"../../../Engine/Content/EngineMaterials/Substrate/GLints/dict_16_192_64_0p5_0p02_0041_0013.uasset" 4507
"../../../Engine/Content/EngineMaterials/Substrate/GLints/dict_16_192_64_0p5_0p02_0041_0014.uasset" 4508
"../../../Engine/Content/EngineMaterials/Substrate/GLints/dict_16_192_64_0p5_0p02_0041_0015.uasset" 4509
"../../../Engine/Content/EngineMaterials/Substrate/GLints/dict_16_192_64_0p5_0p02_0042_0000.uasset" 4510
"../../../Engine/Content/EngineMaterials/Substrate/GLints/dict_16_192_64_0p5_0p02_0042_0001.uasset" 4511
"../../../Engine/Content/EngineMaterials/Substrate/GLints/dict_16_192_64_0p5_0p02_0042_0002.uasset" 4512
"../../../Engine/Content/EngineMaterials/Substrate/GLints/dict_16_192_64_0p5_0p02_0042_0003.uasset" 4513
"../../../Engine/Content/EngineMaterials/Substrate/GLints/dict_16_192_64_0p5_0p02_0042_0004.uasset" 4514
"../../../Engine/Content/EngineMaterials/Substrate/GLints/dict_16_192_64_0p5_0p02_0042_0005.uasset" 4515
"../../../Engine/Content/EngineMaterials/Substrate/GLints/dict_16_192_64_0p5_0p02_0042_0006.uasset" 4516
"../../../Engine/Content/EngineMaterials/Substrate/GLints/dict_16_192_64_0p5_0p02_0042_0007.uasset" 4517
"../../../Engine/Content/EngineMaterials/Substrate/GLints/dict_16_192_64_0p5_0p02_0042_0008.uasset" 4518
"../../../Engine/Content/EngineMaterials/Substrate/GLints/dict_16_192_64_0p5_0p02_0042_0009.uasset" 4519
"../../../Engine/Content/EngineMaterials/Substrate/GLints/dict_16_192_64_0p5_0p02_0042_0010.uasset" 4520
"../../../Engine/Content/EngineMaterials/Substrate/GLints/dict_16_192_64_0p5_0p02_0042_0011.uasset" 4521
"../../../Engine/Content/EngineMaterials/Substrate/GLints/dict_16_192_64_0p5_0p02_0042_0012.uasset" 4522
"../../../Engine/Content/EngineMaterials/Substrate/GLints/dict_16_192_64_0p5_0p02_0042_0013.uasset" 4523
"../../../Engine/Content/EngineMaterials/Substrate/GLints/dict_16_192_64_0p5_0p02_0042_0014.uasset" 4524
"../../../Engine/Content/EngineMaterials/Substrate/GLints/dict_16_192_64_0p5_0p02_0042_0015.uasset" 4525
"../../../Engine/Content/EngineMaterials/Substrate/GLints/dict_16_192_64_0p5_0p02_0043_0000.uasset" 4526
"../../../Engine/Content/EngineMaterials/Substrate/GLints/dict_16_192_64_0p5_0p02_0043_0001.uasset" 4527
"../../../Engine/Content/EngineMaterials/Substrate/GLints/dict_16_192_64_0p5_0p02_0043_0002.uasset" 4528
"../../../Engine/Content/EngineMaterials/Substrate/GLints/dict_16_192_64_0p5_0p02_0043_0003.uasset" 4529
"../../../Engine/Content/EngineMaterials/Substrate/GLints/dict_16_192_64_0p5_0p02_0043_0004.uasset" 4530
"../../../Engine/Content/EngineMaterials/Substrate/GLints/dict_16_192_64_0p5_0p02_0043_0005.uasset" 4531
"../../../Engine/Content/EngineMaterials/Substrate/GLints/dict_16_192_64_0p5_0p02_0043_0006.uasset" 4532
"../../../Engine/Content/EngineMaterials/Substrate/GLints/dict_16_192_64_0p5_0p02_0043_0007.uasset" 4533
"../../../Engine/Content/EngineMaterials/Substrate/GLints/dict_16_192_64_0p5_0p02_0043_0008.uasset" 4534
"../../../Engine/Content/EngineMaterials/Substrate/GLints/dict_16_192_64_0p5_0p02_0043_0009.uasset" 4535
"../../../Engine/Content/EngineMaterials/Substrate/GLints/dict_16_192_64_0p5_0p02_0043_0010.uasset" 4536
"../../../Engine/Content/EngineMaterials/Substrate/GLints/dict_16_192_64_0p5_0p02_0043_0011.uasset" 4537
"../../../Engine/Content/EngineMaterials/Substrate/GLints/dict_16_192_64_0p5_0p02_0043_0012.uasset" 4538
"../../../Engine/Content/EngineMaterials/Substrate/GLints/dict_16_192_64_0p5_0p02_0043_0013.uasset" 4539
"../../../Engine/Content/EngineMaterials/Substrate/GLints/dict_16_192_64_0p5_0p02_0043_0014.uasset" 4540
"../../../Engine/Content/EngineMaterials/Substrate/GLints/dict_16_192_64_0p5_0p02_0043_0015.uasset" 4541
"../../../Engine/Content/EngineMaterials/Substrate/GLints/dict_16_192_64_0p5_0p02_0044_0000.uasset" 4542
"../../../Engine/Content/EngineMaterials/Substrate/GLints/dict_16_192_64_0p5_0p02_0044_0001.uasset" 4543
"../../../Engine/Content/EngineMaterials/Substrate/GLints/dict_16_192_64_0p5_0p02_0044_0002.uasset" 4544
"../../../Engine/Content/EngineMaterials/Substrate/GLints/dict_16_192_64_0p5_0p02_0044_0003.uasset" 4545
"../../../Engine/Content/EngineMaterials/Substrate/GLints/dict_16_192_64_0p5_0p02_0044_0004.uasset" 4546
"../../../Engine/Content/EngineMaterials/Substrate/GLints/dict_16_192_64_0p5_0p02_0044_0005.uasset" 4547
"../../../Engine/Content/EngineMaterials/Substrate/GLints/dict_16_192_64_0p5_0p02_0044_0006.uasset" 4548
"../../../Engine/Content/EngineMaterials/Substrate/GLints/dict_16_192_64_0p5_0p02_0044_0007.uasset" 4549
"../../../Engine/Content/EngineMaterials/Substrate/GLints/dict_16_192_64_0p5_0p02_0044_0008.uasset" 4550
"../../../Engine/Content/EngineMaterials/Substrate/GLints/dict_16_192_64_0p5_0p02_0044_0009.uasset" 4551
"../../../Engine/Content/EngineMaterials/Substrate/GLints/dict_16_192_64_0p5_0p02_0044_0010.uasset" 4552
"../../../Engine/Content/EngineMaterials/Substrate/GLints/dict_16_192_64_0p5_0p02_0044_0011.uasset" 4553
"../../../Engine/Content/EngineMaterials/Substrate/GLints/dict_16_192_64_0p5_0p02_0044_0012.uasset" 4554
"../../../Engine/Content/EngineMaterials/Substrate/GLints/dict_16_192_64_0p5_0p02_0044_0013.uasset" 4555
"../../../Engine/Content/EngineMaterials/Substrate/GLints/dict_16_192_64_0p5_0p02_0044_0014.uasset" 4556
"../../../Engine/Content/EngineMaterials/Substrate/GLints/dict_16_192_64_0p5_0p02_0044_0015.uasset" 4557
"../../../Engine/Content/EngineMaterials/Substrate/GLints/dict_16_192_64_0p5_0p02_0045_0000.uasset" 4558
"../../../Engine/Content/EngineMaterials/Substrate/GLints/dict_16_192_64_0p5_0p02_0045_0001.uasset" 4559
"../../../Engine/Content/EngineMaterials/Substrate/GLints/dict_16_192_64_0p5_0p02_0045_0002.uasset" 4560
"../../../Engine/Content/EngineMaterials/Substrate/GLints/dict_16_192_64_0p5_0p02_0045_0003.uasset" 4561
"../../../Engine/Content/EngineMaterials/Substrate/GLints/dict_16_192_64_0p5_0p02_0045_0004.uasset" 4562
"../../../Engine/Content/EngineMaterials/Substrate/GLints/dict_16_192_64_0p5_0p02_0045_0005.uasset" 4563
"../../../Engine/Content/EngineMaterials/Substrate/GLints/dict_16_192_64_0p5_0p02_0045_0006.uasset" 4564
"../../../Engine/Content/EngineMaterials/Substrate/GLints/dict_16_192_64_0p5_0p02_0045_0007.uasset" 4565
"../../../Engine/Content/EngineMaterials/Substrate/GLints/dict_16_192_64_0p5_0p02_0045_0008.uasset" 4566
"../../../Engine/Content/EngineMaterials/Substrate/GLints/dict_16_192_64_0p5_0p02_0045_0009.uasset" 4567
"../../../Engine/Content/EngineMaterials/Substrate/GLints/dict_16_192_64_0p5_0p02_0045_0010.uasset" 4568
"../../../Engine/Content/EngineMaterials/Substrate/GLints/dict_16_192_64_0p5_0p02_0045_0011.uasset" 4569
"../../../Engine/Content/EngineMaterials/Substrate/GLints/dict_16_192_64_0p5_0p02_0045_0012.uasset" 4570
"../../../Engine/Content/EngineMaterials/Substrate/GLints/dict_16_192_64_0p5_0p02_0045_0013.uasset" 4571
"../../../Engine/Content/EngineMaterials/Substrate/GLints/dict_16_192_64_0p5_0p02_0045_0014.uasset" 4572
"../../../Engine/Content/EngineMaterials/Substrate/GLints/dict_16_192_64_0p5_0p02_0045_0015.uasset" 4573
"../../../Engine/Content/EngineMaterials/Substrate/GLints/dict_16_192_64_0p5_0p02_0046_0000.uasset" 4574
"../../../Engine/Content/EngineMaterials/Substrate/GLints/dict_16_192_64_0p5_0p02_0046_0001.uasset" 4575
"../../../Engine/Content/EngineMaterials/Substrate/GLints/dict_16_192_64_0p5_0p02_0046_0002.uasset" 4576
"../../../Engine/Content/EngineMaterials/Substrate/GLints/dict_16_192_64_0p5_0p02_0046_0003.uasset" 4577
"../../../Engine/Content/EngineMaterials/Substrate/GLints/dict_16_192_64_0p5_0p02_0046_0004.uasset" 4578
"../../../Engine/Content/EngineMaterials/Substrate/GLints/dict_16_192_64_0p5_0p02_0046_0005.uasset" 4579
"../../../Engine/Content/EngineMaterials/Substrate/GLints/dict_16_192_64_0p5_0p02_0046_0006.uasset" 4580
"../../../Engine/Content/EngineMaterials/Substrate/GLints/dict_16_192_64_0p5_0p02_0046_0007.uasset" 4581
"../../../Engine/Content/EngineMaterials/Substrate/GLints/dict_16_192_64_0p5_0p02_0046_0008.uasset" 4582
"../../../Engine/Content/EngineMaterials/Substrate/GLints/dict_16_192_64_0p5_0p02_0046_0009.uasset" 4583
"../../../Engine/Content/EngineMaterials/Substrate/GLints/dict_16_192_64_0p5_0p02_0046_0010.uasset" 4584
"../../../Engine/Content/EngineMaterials/Substrate/GLints/dict_16_192_64_0p5_0p02_0046_0011.uasset" 4585
"../../../Engine/Content/EngineMaterials/Substrate/GLints/dict_16_192_64_0p5_0p02_0046_0012.uasset" 4586
"../../../Engine/Content/EngineMaterials/Substrate/GLints/dict_16_192_64_0p5_0p02_0046_0013.uasset" 4587
"../../../Engine/Content/EngineMaterials/Substrate/GLints/dict_16_192_64_0p5_0p02_0046_0014.uasset" 4588
"../../../Engine/Content/EngineMaterials/Substrate/GLints/dict_16_192_64_0p5_0p02_0046_0015.uasset" 4589
"../../../Engine/Content/EngineMaterials/Substrate/GLints/dict_16_192_64_0p5_0p02_0047_0000.uasset" 4590
"../../../Engine/Content/EngineMaterials/Substrate/GLints/dict_16_192_64_0p5_0p02_0047_0001.uasset" 4591
"../../../Engine/Content/EngineMaterials/Substrate/GLints/dict_16_192_64_0p5_0p02_0047_0002.uasset" 4592
"../../../Engine/Content/EngineMaterials/Substrate/GLints/dict_16_192_64_0p5_0p02_0047_0003.uasset" 4593
"../../../Engine/Content/EngineMaterials/Substrate/GLints/dict_16_192_64_0p5_0p02_0047_0004.uasset" 4594
"../../../Engine/Content/EngineMaterials/Substrate/GLints/dict_16_192_64_0p5_0p02_0047_0005.uasset" 4595
"../../../Engine/Content/EngineMaterials/Substrate/GLints/dict_16_192_64_0p5_0p02_0047_0006.uasset" 4596
"../../../Engine/Content/EngineMaterials/Substrate/GLints/dict_16_192_64_0p5_0p02_0047_0007.uasset" 4597
"../../../Engine/Content/EngineMaterials/Substrate/GLints/dict_16_192_64_0p5_0p02_0047_0008.uasset" 4598
"../../../Engine/Content/EngineMaterials/Substrate/GLints/dict_16_192_64_0p5_0p02_0047_0009.uasset" 4599
"../../../Engine/Content/EngineMaterials/Substrate/GLints/dict_16_192_64_0p5_0p02_0047_0010.uasset" 4600
"../../../Engine/Content/EngineMaterials/Substrate/GLints/dict_16_192_64_0p5_0p02_0047_0011.uasset" 4601
"../../../Engine/Content/EngineMaterials/Substrate/GLints/dict_16_192_64_0p5_0p02_0047_0012.uasset" 4602
"../../../Engine/Content/EngineMaterials/Substrate/GLints/dict_16_192_64_0p5_0p02_0047_0013.uasset" 4603
"../../../Engine/Content/EngineMaterials/Substrate/GLints/dict_16_192_64_0p5_0p02_0047_0014.uasset" 4604
"../../../Engine/Content/EngineMaterials/Substrate/GLints/dict_16_192_64_0p5_0p02_0047_0015.uasset" 4605
"../../../Engine/Content/EngineMaterials/Substrate/GLints/dict_16_192_64_0p5_0p02_0048_0000.uasset" 4606
"../../../Engine/Content/EngineMaterials/Substrate/GLints/dict_16_192_64_0p5_0p02_0048_0001.uasset" 4607
"../../../Engine/Content/EngineMaterials/Substrate/GLints/dict_16_192_64_0p5_0p02_0048_0002.uasset" 4608
"../../../Engine/Content/EngineMaterials/Substrate/GLints/dict_16_192_64_0p5_0p02_0048_0003.uasset" 4609
"../../../Engine/Content/EngineMaterials/Substrate/GLints/dict_16_192_64_0p5_0p02_0048_0004.uasset" 4610
"../../../Engine/Content/EngineMaterials/Substrate/GLints/dict_16_192_64_0p5_0p02_0048_0005.uasset" 4611
"../../../Engine/Content/EngineMaterials/Substrate/GLints/dict_16_192_64_0p5_0p02_0048_0006.uasset" 4612
"../../../Engine/Content/EngineMaterials/Substrate/GLints/dict_16_192_64_0p5_0p02_0048_0007.uasset" 4613
"../../../Engine/Content/EngineMaterials/Substrate/GLints/dict_16_192_64_0p5_0p02_0048_0008.uasset" 4614
"../../../Engine/Content/EngineMaterials/Substrate/GLints/dict_16_192_64_0p5_0p02_0048_0009.uasset" 4615
"../../../Engine/Content/EngineMaterials/Substrate/GLints/dict_16_192_64_0p5_0p02_0048_0010.uasset" 4616
"../../../Engine/Content/EngineMaterials/Substrate/GLints/dict_16_192_64_0p5_0p02_0048_0011.uasset" 4617
"../../../Engine/Content/EngineMaterials/Substrate/GLints/dict_16_192_64_0p5_0p02_0048_0012.uasset" 4618
"../../../Engine/Content/EngineMaterials/Substrate/GLints/dict_16_192_64_0p5_0p02_0048_0013.uasset" 4619
"../../../Engine/Content/EngineMaterials/Substrate/GLints/dict_16_192_64_0p5_0p02_0048_0014.uasset" 4620
"../../../Engine/Content/EngineMaterials/Substrate/GLints/dict_16_192_64_0p5_0p02_0048_0015.uasset" 4621
"../../../Engine/Content/EngineMaterials/Substrate/GLints/dict_16_192_64_0p5_0p02_0049_0000.uasset" 4622
"../../../Engine/Content/EngineMaterials/Substrate/GLints/dict_16_192_64_0p5_0p02_0049_0001.uasset" 4623
"../../../Engine/Content/EngineMaterials/Substrate/GLints/dict_16_192_64_0p5_0p02_0049_0002.uasset" 4624
"../../../Engine/Content/EngineMaterials/Substrate/GLints/dict_16_192_64_0p5_0p02_0049_0003.uasset" 4625
"../../../Engine/Content/EngineMaterials/Substrate/GLints/dict_16_192_64_0p5_0p02_0049_0004.uasset" 4626
"../../../Engine/Content/EngineMaterials/Substrate/GLints/dict_16_192_64_0p5_0p02_0049_0005.uasset" 4627
"../../../Engine/Content/EngineMaterials/Substrate/GLints/dict_16_192_64_0p5_0p02_0049_0006.uasset" 4628
"../../../Engine/Content/EngineMaterials/Substrate/GLints/dict_16_192_64_0p5_0p02_0049_0007.uasset" 4629
"../../../Engine/Content/EngineMaterials/Substrate/GLints/dict_16_192_64_0p5_0p02_0049_0008.uasset" 4630
"../../../Engine/Content/EngineMaterials/Substrate/GLints/dict_16_192_64_0p5_0p02_0049_0009.uasset" 4631
"../../../Engine/Content/EngineMaterials/Substrate/GLints/dict_16_192_64_0p5_0p02_0049_0010.uasset" 4632
"../../../Engine/Content/EngineMaterials/Substrate/GLints/dict_16_192_64_0p5_0p02_0049_0011.uasset" 4633
"../../../Engine/Content/EngineMaterials/Substrate/GLints/dict_16_192_64_0p5_0p02_0049_0012.uasset" 4634
"../../../Engine/Content/EngineMaterials/Substrate/GLints/dict_16_192_64_0p5_0p02_0049_0013.uasset" 4635
"../../../Engine/Content/EngineMaterials/Substrate/GLints/dict_16_192_64_0p5_0p02_0049_0014.uasset" 4636
"../../../Engine/Content/EngineMaterials/Substrate/GLints/dict_16_192_64_0p5_0p02_0049_0015.uasset" 4637
"../../../Engine/Content/EngineMaterials/Substrate/GLints/dict_16_192_64_0p5_0p02_0050_0000.uasset" 4638
"../../../Engine/Content/EngineMaterials/Substrate/GLints/dict_16_192_64_0p5_0p02_0050_0001.uasset" 4639
"../../../Engine/Content/EngineMaterials/Substrate/GLints/dict_16_192_64_0p5_0p02_0050_0002.uasset" 4640
"../../../Engine/Content/EngineMaterials/Substrate/GLints/dict_16_192_64_0p5_0p02_0050_0003.uasset" 4641
"../../../Engine/Content/EngineMaterials/Substrate/GLints/dict_16_192_64_0p5_0p02_0050_0004.uasset" 4642
"../../../Engine/Content/EngineMaterials/Substrate/GLints/dict_16_192_64_0p5_0p02_0050_0005.uasset" 4643
"../../../Engine/Content/EngineMaterials/Substrate/GLints/dict_16_192_64_0p5_0p02_0050_0006.uasset" 4644
"../../../Engine/Content/EngineMaterials/Substrate/GLints/dict_16_192_64_0p5_0p02_0050_0007.uasset" 4645
"../../../Engine/Content/EngineMaterials/Substrate/GLints/dict_16_192_64_0p5_0p02_0050_0008.uasset" 4646
"../../../Engine/Content/EngineMaterials/Substrate/GLints/dict_16_192_64_0p5_0p02_0050_0009.uasset" 4647
"../../../Engine/Content/EngineMaterials/Substrate/GLints/dict_16_192_64_0p5_0p02_0050_0010.uasset" 4648
"../../../Engine/Content/EngineMaterials/Substrate/GLints/dict_16_192_64_0p5_0p02_0050_0011.uasset" 4649
"../../../Engine/Content/EngineMaterials/Substrate/GLints/dict_16_192_64_0p5_0p02_0050_0012.uasset" 4650
"../../../Engine/Content/EngineMaterials/Substrate/GLints/dict_16_192_64_0p5_0p02_0050_0013.uasset" 4651
"../../../Engine/Content/EngineMaterials/Substrate/GLints/dict_16_192_64_0p5_0p02_0050_0014.uasset" 4652
"../../../Engine/Content/EngineMaterials/Substrate/GLints/dict_16_192_64_0p5_0p02_0050_0015.uasset" 4653
"../../../Engine/Content/EngineMaterials/Substrate/GLints/dict_16_192_64_0p5_0p02_0051_0000.uasset" 4654
"../../../Engine/Content/EngineMaterials/Substrate/GLints/dict_16_192_64_0p5_0p02_0051_0001.uasset" 4655
"../../../Engine/Content/EngineMaterials/Substrate/GLints/dict_16_192_64_0p5_0p02_0051_0002.uasset" 4656
"../../../Engine/Content/EngineMaterials/Substrate/GLints/dict_16_192_64_0p5_0p02_0051_0003.uasset" 4657
"../../../Engine/Content/EngineMaterials/Substrate/GLints/dict_16_192_64_0p5_0p02_0051_0004.uasset" 4658
"../../../Engine/Content/EngineMaterials/Substrate/GLints/dict_16_192_64_0p5_0p02_0051_0005.uasset" 4659
"../../../Engine/Content/EngineMaterials/Substrate/GLints/dict_16_192_64_0p5_0p02_0051_0006.uasset" 4660
"../../../Engine/Content/EngineMaterials/Substrate/GLints/dict_16_192_64_0p5_0p02_0051_0007.uasset" 4661
"../../../Engine/Content/EngineMaterials/Substrate/GLints/dict_16_192_64_0p5_0p02_0051_0008.uasset" 4662
"../../../Engine/Content/EngineMaterials/Substrate/GLints/dict_16_192_64_0p5_0p02_0051_0009.uasset" 4663
"../../../Engine/Content/EngineMaterials/Substrate/GLints/dict_16_192_64_0p5_0p02_0051_0010.uasset" 4664
"../../../Engine/Content/EngineMaterials/Substrate/GLints/dict_16_192_64_0p5_0p02_0051_0011.uasset" 4665
"../../../Engine/Content/EngineMaterials/Substrate/GLints/dict_16_192_64_0p5_0p02_0051_0012.uasset" 4666
"../../../Engine/Content/EngineMaterials/Substrate/GLints/dict_16_192_64_0p5_0p02_0051_0013.uasset" 4667
"../../../Engine/Content/EngineMaterials/Substrate/GLints/dict_16_192_64_0p5_0p02_0051_0014.uasset" 4668
"../../../Engine/Content/EngineMaterials/Substrate/GLints/dict_16_192_64_0p5_0p02_0051_0015.uasset" 4669
"../../../Engine/Content/EngineMaterials/Substrate/GLints/dict_16_192_64_0p5_0p02_0052_0000.uasset" 4670
"../../../Engine/Content/EngineMaterials/Substrate/GLints/dict_16_192_64_0p5_0p02_0052_0001.uasset" 4671
"../../../Engine/Content/EngineMaterials/Substrate/GLints/dict_16_192_64_0p5_0p02_0052_0002.uasset" 4672
"../../../Engine/Content/EngineMaterials/Substrate/GLints/dict_16_192_64_0p5_0p02_0052_0003.uasset" 4673
"../../../Engine/Content/EngineMaterials/Substrate/GLints/dict_16_192_64_0p5_0p02_0052_0004.uasset" 4674
"../../../Engine/Content/EngineMaterials/Substrate/GLints/dict_16_192_64_0p5_0p02_0052_0005.uasset" 4675
"../../../Engine/Content/EngineMaterials/Substrate/GLints/dict_16_192_64_0p5_0p02_0052_0006.uasset" 4676
"../../../Engine/Content/EngineMaterials/Substrate/GLints/dict_16_192_64_0p5_0p02_0052_0007.uasset" 4677
"../../../Engine/Content/EngineMaterials/Substrate/GLints/dict_16_192_64_0p5_0p02_0052_0008.uasset" 4678
"../../../Engine/Content/EngineMaterials/Substrate/GLints/dict_16_192_64_0p5_0p02_0052_0009.uasset" 4679
"../../../Engine/Content/EngineMaterials/Substrate/GLints/dict_16_192_64_0p5_0p02_0052_0010.uasset" 4680
"../../../Engine/Content/EngineMaterials/Substrate/GLints/dict_16_192_64_0p5_0p02_0052_0011.uasset" 4681
"../../../Engine/Content/EngineMaterials/Substrate/GLints/dict_16_192_64_0p5_0p02_0052_0012.uasset" 4682
"../../../Engine/Content/EngineMaterials/Substrate/GLints/dict_16_192_64_0p5_0p02_0052_0013.uasset" 4683
"../../../Engine/Content/EngineMaterials/Substrate/GLints/dict_16_192_64_0p5_0p02_0052_0014.uasset" 4684
"../../../Engine/Content/EngineMaterials/Substrate/GLints/dict_16_192_64_0p5_0p02_0052_0015.uasset" 4685
"../../../Engine/Content/EngineMaterials/Substrate/GLints/dict_16_192_64_0p5_0p02_0053_0000.uasset" 4686
"../../../Engine/Content/EngineMaterials/Substrate/GLints/dict_16_192_64_0p5_0p02_0053_0001.uasset" 4687
"../../../Engine/Content/EngineMaterials/Substrate/GLints/dict_16_192_64_0p5_0p02_0053_0002.uasset" 4688
"../../../Engine/Content/EngineMaterials/Substrate/GLints/dict_16_192_64_0p5_0p02_0053_0003.uasset" 4689
"../../../Engine/Content/EngineMaterials/Substrate/GLints/dict_16_192_64_0p5_0p02_0053_0004.uasset" 4690
"../../../Engine/Content/EngineMaterials/Substrate/GLints/dict_16_192_64_0p5_0p02_0053_0005.uasset" 4691
"../../../Engine/Content/EngineMaterials/Substrate/GLints/dict_16_192_64_0p5_0p02_0053_0006.uasset" 4692
"../../../Engine/Content/EngineMaterials/Substrate/GLints/dict_16_192_64_0p5_0p02_0053_0007.uasset" 4693
"../../../Engine/Content/EngineMaterials/Substrate/GLints/dict_16_192_64_0p5_0p02_0053_0008.uasset" 4694
"../../../Engine/Content/EngineMaterials/Substrate/GLints/dict_16_192_64_0p5_0p02_0053_0009.uasset" 4695
"../../../Engine/Content/EngineMaterials/Substrate/GLints/dict_16_192_64_0p5_0p02_0053_0010.uasset" 4696
"../../../Engine/Content/EngineMaterials/Substrate/GLints/dict_16_192_64_0p5_0p02_0053_0011.uasset" 4697
"../../../Engine/Content/EngineMaterials/Substrate/GLints/dict_16_192_64_0p5_0p02_0053_0012.uasset" 4698
"../../../Engine/Content/EngineMaterials/Substrate/GLints/dict_16_192_64_0p5_0p02_0053_0013.uasset" 4699
"../../../Engine/Content/EngineMaterials/Substrate/GLints/dict_16_192_64_0p5_0p02_0053_0014.uasset" 4700
"../../../Engine/Content/EngineMaterials/Substrate/GLints/dict_16_192_64_0p5_0p02_0053_0015.uasset" 4701
"../../../Engine/Content/EngineMaterials/Substrate/GLints/dict_16_192_64_0p5_0p02_0054_0000.uasset" 4702
"../../../Engine/Content/EngineMaterials/Substrate/GLints/dict_16_192_64_0p5_0p02_0054_0001.uasset" 4703
"../../../Engine/Content/EngineMaterials/Substrate/GLints/dict_16_192_64_0p5_0p02_0054_0002.uasset" 4704
"../../../Engine/Content/EngineMaterials/Substrate/GLints/dict_16_192_64_0p5_0p02_0054_0003.uasset" 4705
"../../../Engine/Content/EngineMaterials/Substrate/GLints/dict_16_192_64_0p5_0p02_0054_0004.uasset" 4706
"../../../Engine/Content/EngineMaterials/Substrate/GLints/dict_16_192_64_0p5_0p02_0054_0005.uasset" 4707
"../../../Engine/Content/EngineMaterials/Substrate/GLints/dict_16_192_64_0p5_0p02_0054_0006.uasset" 4708
"../../../Engine/Content/EngineMaterials/Substrate/GLints/dict_16_192_64_0p5_0p02_0054_0007.uasset" 4709
"../../../Engine/Content/EngineMaterials/Substrate/GLints/dict_16_192_64_0p5_0p02_0054_0008.uasset" 4710
"../../../Engine/Content/EngineMaterials/Substrate/GLints/dict_16_192_64_0p5_0p02_0054_0009.uasset" 4711
"../../../Engine/Content/EngineMaterials/Substrate/GLints/dict_16_192_64_0p5_0p02_0054_0010.uasset" 4712
"../../../Engine/Content/EngineMaterials/Substrate/GLints/dict_16_192_64_0p5_0p02_0054_0011.uasset" 4713
"../../../Engine/Content/EngineMaterials/Substrate/GLints/dict_16_192_64_0p5_0p02_0054_0012.uasset" 4714
"../../../Engine/Content/EngineMaterials/Substrate/GLints/dict_16_192_64_0p5_0p02_0054_0013.uasset" 4715
"../../../Engine/Content/EngineMaterials/Substrate/GLints/dict_16_192_64_0p5_0p02_0054_0014.uasset" 4716
"../../../Engine/Content/EngineMaterials/Substrate/GLints/dict_16_192_64_0p5_0p02_0054_0015.uasset" 4717
"../../../Engine/Content/EngineMaterials/Substrate/GLints/dict_16_192_64_0p5_0p02_0055_0000.uasset" 4718
"../../../Engine/Content/EngineMaterials/Substrate/GLints/dict_16_192_64_0p5_0p02_0055_0001.uasset" 4719
"../../../Engine/Content/EngineMaterials/Substrate/GLints/dict_16_192_64_0p5_0p02_0055_0002.uasset" 4720
"../../../Engine/Content/EngineMaterials/Substrate/GLints/dict_16_192_64_0p5_0p02_0055_0003.uasset" 4721
"../../../Engine/Content/EngineMaterials/Substrate/GLints/dict_16_192_64_0p5_0p02_0055_0004.uasset" 4722
"../../../Engine/Content/EngineMaterials/Substrate/GLints/dict_16_192_64_0p5_0p02_0055_0005.uasset" 4723
"../../../Engine/Content/EngineMaterials/Substrate/GLints/dict_16_192_64_0p5_0p02_0055_0006.uasset" 4724
"../../../Engine/Content/EngineMaterials/Substrate/GLints/dict_16_192_64_0p5_0p02_0055_0007.uasset" 4725
"../../../Engine/Content/EngineMaterials/Substrate/GLints/dict_16_192_64_0p5_0p02_0055_0008.uasset" 4726
"../../../Engine/Content/EngineMaterials/Substrate/GLints/dict_16_192_64_0p5_0p02_0055_0009.uasset" 4727
"../../../Engine/Content/EngineMaterials/Substrate/GLints/dict_16_192_64_0p5_0p02_0055_0010.uasset" 4728
"../../../Engine/Content/EngineMaterials/Substrate/GLints/dict_16_192_64_0p5_0p02_0055_0011.uasset" 4729
"../../../Engine/Content/EngineMaterials/Substrate/GLints/dict_16_192_64_0p5_0p02_0055_0012.uasset" 4730
"../../../Engine/Content/EngineMaterials/Substrate/GLints/dict_16_192_64_0p5_0p02_0055_0013.uasset" 4731
"../../../Engine/Content/EngineMaterials/Substrate/GLints/dict_16_192_64_0p5_0p02_0055_0014.uasset" 4732
"../../../Engine/Content/EngineMaterials/Substrate/GLints/dict_16_192_64_0p5_0p02_0055_0015.uasset" 4733
"../../../Engine/Content/EngineMaterials/Substrate/GLints/dict_16_192_64_0p5_0p02_0056_0000.uasset" 4734
"../../../Engine/Content/EngineMaterials/Substrate/GLints/dict_16_192_64_0p5_0p02_0056_0001.uasset" 4735
"../../../Engine/Content/EngineMaterials/Substrate/GLints/dict_16_192_64_0p5_0p02_0056_0002.uasset" 4736
"../../../Engine/Content/EngineMaterials/Substrate/GLints/dict_16_192_64_0p5_0p02_0056_0003.uasset" 4737
"../../../Engine/Content/EngineMaterials/Substrate/GLints/dict_16_192_64_0p5_0p02_0056_0004.uasset" 4738
"../../../Engine/Content/EngineMaterials/Substrate/GLints/dict_16_192_64_0p5_0p02_0056_0005.uasset" 4739
"../../../Engine/Content/EngineMaterials/Substrate/GLints/dict_16_192_64_0p5_0p02_0056_0006.uasset" 4740
"../../../Engine/Content/EngineMaterials/Substrate/GLints/dict_16_192_64_0p5_0p02_0056_0007.uasset" 4741
"../../../Engine/Content/EngineMaterials/Substrate/GLints/dict_16_192_64_0p5_0p02_0056_0008.uasset" 4742
"../../../Engine/Content/EngineMaterials/Substrate/GLints/dict_16_192_64_0p5_0p02_0056_0009.uasset" 4743
"../../../Engine/Content/EngineMaterials/Substrate/GLints/dict_16_192_64_0p5_0p02_0056_0010.uasset" 4744
"../../../Engine/Content/EngineMaterials/Substrate/GLints/dict_16_192_64_0p5_0p02_0056_0011.uasset" 4745
"../../../Engine/Content/EngineMaterials/Substrate/GLints/dict_16_192_64_0p5_0p02_0056_0012.uasset" 4746
"../../../Engine/Content/EngineMaterials/Substrate/GLints/dict_16_192_64_0p5_0p02_0056_0013.uasset" 4747
"../../../Engine/Content/EngineMaterials/Substrate/GLints/dict_16_192_64_0p5_0p02_0056_0014.uasset" 4748
"../../../Engine/Content/EngineMaterials/Substrate/GLints/dict_16_192_64_0p5_0p02_0056_0015.uasset" 4749
"../../../Engine/Content/EngineMaterials/Substrate/GLints/dict_16_192_64_0p5_0p02_0057_0000.uasset" 4750
"../../../Engine/Content/EngineMaterials/Substrate/GLints/dict_16_192_64_0p5_0p02_0057_0001.uasset" 4751
"../../../Engine/Content/EngineMaterials/Substrate/GLints/dict_16_192_64_0p5_0p02_0057_0002.uasset" 4752
"../../../Engine/Content/EngineMaterials/Substrate/GLints/dict_16_192_64_0p5_0p02_0057_0003.uasset" 4753
"../../../Engine/Content/EngineMaterials/Substrate/GLints/dict_16_192_64_0p5_0p02_0057_0004.uasset" 4754
"../../../Engine/Content/EngineMaterials/Substrate/GLints/dict_16_192_64_0p5_0p02_0057_0005.uasset" 4755
"../../../Engine/Content/EngineMaterials/Substrate/GLints/dict_16_192_64_0p5_0p02_0057_0006.uasset" 4756
"../../../Engine/Content/EngineMaterials/Substrate/GLints/dict_16_192_64_0p5_0p02_0057_0007.uasset" 4757
"../../../Engine/Content/EngineMaterials/Substrate/GLints/dict_16_192_64_0p5_0p02_0057_0008.uasset" 4758
"../../../Engine/Content/EngineMaterials/Substrate/GLints/dict_16_192_64_0p5_0p02_0057_0009.uasset" 4759
"../../../Engine/Content/EngineMaterials/Substrate/GLints/dict_16_192_64_0p5_0p02_0057_0010.uasset" 4760
"../../../Engine/Content/EngineMaterials/Substrate/GLints/dict_16_192_64_0p5_0p02_0057_0011.uasset" 4761
"../../../Engine/Content/EngineMaterials/Substrate/GLints/dict_16_192_64_0p5_0p02_0057_0012.uasset" 4762
"../../../Engine/Content/EngineMaterials/Substrate/GLints/dict_16_192_64_0p5_0p02_0057_0013.uasset" 4763
"../../../Engine/Content/EngineMaterials/Substrate/GLints/dict_16_192_64_0p5_0p02_0057_0014.uasset" 4764
"../../../Engine/Content/EngineMaterials/Substrate/GLints/dict_16_192_64_0p5_0p02_0057_0015.uasset" 4765
"../../../Engine/Content/EngineMaterials/Substrate/GLints/dict_16_192_64_0p5_0p02_0058_0000.uasset" 4766
"../../../Engine/Content/EngineMaterials/Substrate/GLints/dict_16_192_64_0p5_0p02_0058_0001.uasset" 4767
"../../../Engine/Content/EngineMaterials/Substrate/GLints/dict_16_192_64_0p5_0p02_0058_0002.uasset" 4768
"../../../Engine/Content/EngineMaterials/Substrate/GLints/dict_16_192_64_0p5_0p02_0058_0003.uasset" 4769
"../../../Engine/Content/EngineMaterials/Substrate/GLints/dict_16_192_64_0p5_0p02_0058_0004.uasset" 4770
"../../../Engine/Content/EngineMaterials/Substrate/GLints/dict_16_192_64_0p5_0p02_0058_0005.uasset" 4771
"../../../Engine/Content/EngineMaterials/Substrate/GLints/dict_16_192_64_0p5_0p02_0058_0006.uasset" 4772
"../../../Engine/Content/EngineMaterials/Substrate/GLints/dict_16_192_64_0p5_0p02_0058_0007.uasset" 4773
"../../../Engine/Content/EngineMaterials/Substrate/GLints/dict_16_192_64_0p5_0p02_0058_0008.uasset" 4774
"../../../Engine/Content/EngineMaterials/Substrate/GLints/dict_16_192_64_0p5_0p02_0058_0009.uasset" 4775
"../../../Engine/Content/EngineMaterials/Substrate/GLints/dict_16_192_64_0p5_0p02_0058_0010.uasset" 4776
"../../../Engine/Content/EngineMaterials/Substrate/GLints/dict_16_192_64_0p5_0p02_0058_0011.uasset" 4777
"../../../Engine/Content/EngineMaterials/Substrate/GLints/dict_16_192_64_0p5_0p02_0058_0012.uasset" 4778
"../../../Engine/Content/EngineMaterials/Substrate/GLints/dict_16_192_64_0p5_0p02_0058_0013.uasset" 4779
"../../../Engine/Content/EngineMaterials/Substrate/GLints/dict_16_192_64_0p5_0p02_0058_0014.uasset" 4780
"../../../Engine/Content/EngineMaterials/Substrate/GLints/dict_16_192_64_0p5_0p02_0058_0015.uasset" 4781
"../../../Engine/Content/EngineMaterials/Substrate/GLints/dict_16_192_64_0p5_0p02_0059_0000.uasset" 4782
"../../../Engine/Content/EngineMaterials/Substrate/GLints/dict_16_192_64_0p5_0p02_0059_0001.uasset" 4783
"../../../Engine/Content/EngineMaterials/Substrate/GLints/dict_16_192_64_0p5_0p02_0059_0002.uasset" 4784
"../../../Engine/Content/EngineMaterials/Substrate/GLints/dict_16_192_64_0p5_0p02_0059_0003.uasset" 4785
"../../../Engine/Content/EngineMaterials/Substrate/GLints/dict_16_192_64_0p5_0p02_0059_0004.uasset" 4786
"../../../Engine/Content/EngineMaterials/Substrate/GLints/dict_16_192_64_0p5_0p02_0059_0005.uasset" 4787
"../../../Engine/Content/EngineMaterials/Substrate/GLints/dict_16_192_64_0p5_0p02_0059_0006.uasset" 4788
"../../../Engine/Content/EngineMaterials/Substrate/GLints/dict_16_192_64_0p5_0p02_0059_0007.uasset" 4789
"../../../Engine/Content/EngineMaterials/Substrate/GLints/dict_16_192_64_0p5_0p02_0059_0008.uasset" 4790
"../../../Engine/Content/EngineMaterials/Substrate/GLints/dict_16_192_64_0p5_0p02_0059_0009.uasset" 4791
"../../../Engine/Content/EngineMaterials/Substrate/GLints/dict_16_192_64_0p5_0p02_0059_0010.uasset" 4792
"../../../Engine/Content/EngineMaterials/Substrate/GLints/dict_16_192_64_0p5_0p02_0059_0011.uasset" 4793
"../../../Engine/Content/EngineMaterials/Substrate/GLints/dict_16_192_64_0p5_0p02_0059_0012.uasset" 4794
"../../../Engine/Content/EngineMaterials/Substrate/GLints/dict_16_192_64_0p5_0p02_0059_0013.uasset" 4795
"../../../Engine/Content/EngineMaterials/Substrate/GLints/dict_16_192_64_0p5_0p02_0059_0014.uasset" 4796
"../../../Engine/Content/EngineMaterials/Substrate/GLints/dict_16_192_64_0p5_0p02_0059_0015.uasset" 4797
"../../../Engine/Content/EngineMaterials/Substrate/GLints/dict_16_192_64_0p5_0p02_0060_0000.uasset" 4798
"../../../Engine/Content/EngineMaterials/Substrate/GLints/dict_16_192_64_0p5_0p02_0060_0001.uasset" 4799
"../../../Engine/Content/EngineMaterials/Substrate/GLints/dict_16_192_64_0p5_0p02_0060_0002.uasset" 4800
"../../../Engine/Content/EngineMaterials/Substrate/GLints/dict_16_192_64_0p5_0p02_0060_0003.uasset" 4801
"../../../Engine/Content/EngineMaterials/Substrate/GLints/dict_16_192_64_0p5_0p02_0060_0004.uasset" 4802
"../../../Engine/Content/EngineMaterials/Substrate/GLints/dict_16_192_64_0p5_0p02_0060_0005.uasset" 4803
"../../../Engine/Content/EngineMaterials/Substrate/GLints/dict_16_192_64_0p5_0p02_0060_0006.uasset" 4804
"../../../Engine/Content/EngineMaterials/Substrate/GLints/dict_16_192_64_0p5_0p02_0060_0007.uasset" 4805
"../../../Engine/Content/EngineMaterials/Substrate/GLints/dict_16_192_64_0p5_0p02_0060_0008.uasset" 4806
"../../../Engine/Content/EngineMaterials/Substrate/GLints/dict_16_192_64_0p5_0p02_0060_0009.uasset" 4807
"../../../Engine/Content/EngineMaterials/Substrate/GLints/dict_16_192_64_0p5_0p02_0060_0010.uasset" 4808
"../../../Engine/Content/EngineMaterials/Substrate/GLints/dict_16_192_64_0p5_0p02_0060_0011.uasset" 4809
"../../../Engine/Content/EngineMaterials/Substrate/GLints/dict_16_192_64_0p5_0p02_0060_0012.uasset" 4810
"../../../Engine/Content/EngineMaterials/Substrate/GLints/dict_16_192_64_0p5_0p02_0060_0013.uasset" 4811
"../../../Engine/Content/EngineMaterials/Substrate/GLints/dict_16_192_64_0p5_0p02_0060_0014.uasset" 4812
"../../../Engine/Content/EngineMaterials/Substrate/GLints/dict_16_192_64_0p5_0p02_0060_0015.uasset" 4813
"../../../Engine/Content/EngineMaterials/Substrate/GLints/dict_16_192_64_0p5_0p02_0061_0000.uasset" 4814
"../../../Engine/Content/EngineMaterials/Substrate/GLints/dict_16_192_64_0p5_0p02_0061_0001.uasset" 4815
"../../../Engine/Content/EngineMaterials/Substrate/GLints/dict_16_192_64_0p5_0p02_0061_0002.uasset" 4816
"../../../Engine/Content/EngineMaterials/Substrate/GLints/dict_16_192_64_0p5_0p02_0061_0003.uasset" 4817
"../../../Engine/Content/EngineMaterials/Substrate/GLints/dict_16_192_64_0p5_0p02_0061_0004.uasset" 4818
"../../../Engine/Content/EngineMaterials/Substrate/GLints/dict_16_192_64_0p5_0p02_0061_0005.uasset" 4819
"../../../Engine/Content/EngineMaterials/Substrate/GLints/dict_16_192_64_0p5_0p02_0061_0006.uasset" 4820
"../../../Engine/Content/EngineMaterials/Substrate/GLints/dict_16_192_64_0p5_0p02_0061_0007.uasset" 4821
"../../../Engine/Content/EngineMaterials/Substrate/GLints/dict_16_192_64_0p5_0p02_0061_0008.uasset" 4822
"../../../Engine/Content/EngineMaterials/Substrate/GLints/dict_16_192_64_0p5_0p02_0061_0009.uasset" 4823
"../../../Engine/Content/EngineMaterials/Substrate/GLints/dict_16_192_64_0p5_0p02_0061_0010.uasset" 4824
"../../../Engine/Content/EngineMaterials/Substrate/GLints/dict_16_192_64_0p5_0p02_0061_0011.uasset" 4825
"../../../Engine/Content/EngineMaterials/Substrate/GLints/dict_16_192_64_0p5_0p02_0061_0012.uasset" 4826
"../../../Engine/Content/EngineMaterials/Substrate/GLints/dict_16_192_64_0p5_0p02_0061_0013.uasset" 4827
"../../../Engine/Content/EngineMaterials/Substrate/GLints/dict_16_192_64_0p5_0p02_0061_0014.uasset" 4828
"../../../Engine/Content/EngineMaterials/Substrate/GLints/dict_16_192_64_0p5_0p02_0061_0015.uasset" 4829
"../../../Engine/Content/EngineMaterials/Substrate/GLints/dict_16_192_64_0p5_0p02_0062_0000.uasset" 4830
"../../../Engine/Content/EngineMaterials/Substrate/GLints/dict_16_192_64_0p5_0p02_0062_0001.uasset" 4831
"../../../Engine/Content/EngineMaterials/Substrate/GLints/dict_16_192_64_0p5_0p02_0062_0002.uasset" 4832
"../../../Engine/Content/EngineMaterials/Substrate/GLints/dict_16_192_64_0p5_0p02_0062_0003.uasset" 4833
"../../../Engine/Content/EngineMaterials/Substrate/GLints/dict_16_192_64_0p5_0p02_0062_0004.uasset" 4834
"../../../Engine/Content/EngineMaterials/Substrate/GLints/dict_16_192_64_0p5_0p02_0062_0005.uasset" 4835
"../../../Engine/Content/EngineMaterials/Substrate/GLints/dict_16_192_64_0p5_0p02_0062_0006.uasset" 4836
"../../../Engine/Content/EngineMaterials/Substrate/GLints/dict_16_192_64_0p5_0p02_0062_0007.uasset" 4837
"../../../Engine/Content/EngineMaterials/Substrate/GLints/dict_16_192_64_0p5_0p02_0062_0008.uasset" 4838
"../../../Engine/Content/EngineMaterials/Substrate/GLints/dict_16_192_64_0p5_0p02_0062_0009.uasset" 4839
"../../../Engine/Content/EngineMaterials/Substrate/GLints/dict_16_192_64_0p5_0p02_0062_0010.uasset" 4840
"../../../Engine/Content/EngineMaterials/Substrate/GLints/dict_16_192_64_0p5_0p02_0062_0011.uasset" 4841
"../../../Engine/Content/EngineMaterials/Substrate/GLints/dict_16_192_64_0p5_0p02_0062_0012.uasset" 4842
"../../../Engine/Content/EngineMaterials/Substrate/GLints/dict_16_192_64_0p5_0p02_0062_0013.uasset" 4843
"../../../Engine/Content/EngineMaterials/Substrate/GLints/dict_16_192_64_0p5_0p02_0062_0014.uasset" 4844
"../../../Engine/Content/EngineMaterials/Substrate/GLints/dict_16_192_64_0p5_0p02_0062_0015.uasset" 4845
"../../../Engine/Content/EngineMaterials/Substrate/GLints/dict_16_192_64_0p5_0p02_0063_0000.uasset" 4846
"../../../Engine/Content/EngineMaterials/Substrate/GLints/dict_16_192_64_0p5_0p02_0063_0001.uasset" 4847
"../../../Engine/Content/EngineMaterials/Substrate/GLints/dict_16_192_64_0p5_0p02_0063_0002.uasset" 4848
"../../../Engine/Content/EngineMaterials/Substrate/GLints/dict_16_192_64_0p5_0p02_0063_0003.uasset" 4849
"../../../Engine/Content/EngineMaterials/Substrate/GLints/dict_16_192_64_0p5_0p02_0063_0004.uasset" 4850
"../../../Engine/Content/EngineMaterials/Substrate/GLints/dict_16_192_64_0p5_0p02_0063_0005.uasset" 4851
"../../../Engine/Content/EngineMaterials/Substrate/GLints/dict_16_192_64_0p5_0p02_0063_0006.uasset" 4852
"../../../Engine/Content/EngineMaterials/Substrate/GLints/dict_16_192_64_0p5_0p02_0063_0007.uasset" 4853
"../../../Engine/Content/EngineMaterials/Substrate/GLints/dict_16_192_64_0p5_0p02_0063_0008.uasset" 4854
"../../../Engine/Content/EngineMaterials/Substrate/GLints/dict_16_192_64_0p5_0p02_0063_0009.uasset" 4855
"../../../Engine/Content/EngineMaterials/Substrate/GLints/dict_16_192_64_0p5_0p02_0063_0010.uasset" 4856
"../../../Engine/Content/EngineMaterials/Substrate/GLints/dict_16_192_64_0p5_0p02_0063_0011.uasset" 4857
"../../../Engine/Content/EngineMaterials/Substrate/GLints/dict_16_192_64_0p5_0p02_0063_0012.uasset" 4858
"../../../Engine/Content/EngineMaterials/Substrate/GLints/dict_16_192_64_0p5_0p02_0063_0013.uasset" 4859
"../../../Engine/Content/EngineMaterials/Substrate/GLints/dict_16_192_64_0p5_0p02_0063_0014.uasset" 4860
"../../../Engine/Content/EngineMaterials/Substrate/GLints/dict_16_192_64_0p5_0p02_0063_0015.uasset" 4861
"/Engine/EngineMaterials/Substrate/Glints2/AGlintTex2dArray2" 4862
"../../../Engine/Content/EngineMaterials/Substrate/Glints2/dict_0000_0000.uasset" 4863
"../../../Engine/Content/EngineMaterials/Substrate/Glints2/dict_0000_0001.uasset" 4864
"../../../Engine/Content/EngineMaterials/Substrate/Glints2/dict_0000_0002.uasset" 4865
"../../../Engine/Content/EngineMaterials/Substrate/Glints2/dict_0000_0003.uasset" 4866
"../../../Engine/Content/EngineMaterials/Substrate/Glints2/dict_0000_0004.uasset" 4867
"../../../Engine/Content/EngineMaterials/Substrate/Glints2/dict_0000_0005.uasset" 4868
"../../../Engine/Content/EngineMaterials/Substrate/Glints2/dict_0000_0006.uasset" 4869
"../../../Engine/Content/EngineMaterials/Substrate/Glints2/dict_0000_0007.uasset" 4870
"../../../Engine/Content/EngineMaterials/Substrate/Glints2/dict_0000_0008.uasset" 4871
"../../../Engine/Content/EngineMaterials/Substrate/Glints2/dict_0000_0009.uasset" 4872
"../../../Engine/Content/EngineMaterials/Substrate/Glints2/dict_0000_0010.uasset" 4873
"../../../Engine/Content/EngineMaterials/Substrate/Glints2/dict_0000_0011.uasset" 4874
"../../../Engine/Content/EngineMaterials/Substrate/Glints2/dict_0000_0012.uasset" 4875
"../../../Engine/Content/EngineMaterials/Substrate/Glints2/dict_0000_0013.uasset" 4876
"../../../Engine/Content/EngineMaterials/Substrate/Glints2/dict_0000_0014.uasset" 4877
"../../../Engine/Content/EngineMaterials/Substrate/Glints2/dict_0000_0015.uasset" 4878
"../../../Engine/Content/EngineMaterials/Substrate/Glints2/dict_0000_0016.uasset" 4879
"../../../Engine/Content/EngineMaterials/Substrate/Glints2/dict_0000_0017.uasset" 4880
"../../../Engine/Content/EngineMaterials/Substrate/Glints2/dict_0000_0018.uasset" 4881
"../../../Engine/Content/EngineMaterials/Substrate/Glints2/dict_0000_0019.uasset" 4882
"../../../Engine/Content/EngineMaterials/Substrate/Glints2/dict_0000_0020.uasset" 4883
"../../../Engine/Content/EngineMaterials/Substrate/Glints2/dict_0000_0021.uasset" 4884
"../../../Engine/Content/EngineMaterials/Substrate/Glints2/dict_0000_0022.uasset" 4885
"../../../Engine/Content/EngineMaterials/Substrate/Glints2/dict_0000_0023.uasset" 4886
"../../../Engine/Content/EngineMaterials/Substrate/Glints2/dict_0000_0024.uasset" 4887
"../../../Engine/Content/EngineMaterials/Substrate/Glints2/dict_0000_0025.uasset" 4888
"../../../Engine/Content/EngineMaterials/Substrate/Glints2/dict_0000_0026.uasset" 4889
"../../../Engine/Content/EngineMaterials/Substrate/Glints2/dict_0000_0027.uasset" 4890
"../../../Engine/Content/EngineMaterials/Substrate/Glints2/dict_0000_0028.uasset" 4891
"../../../Engine/Content/EngineMaterials/Substrate/Glints2/dict_0000_0029.uasset" 4892
"../../../Engine/Content/EngineMaterials/Substrate/Glints2/dict_0000_0030.uasset" 4893
"../../../Engine/Content/EngineMaterials/Substrate/Glints2/dict_0000_0031.uasset" 4894
"../../../Engine/Content/EngineMaterials/Substrate/Glints2/dict_0000_0032.uasset" 4895
"../../../Engine/Content/EngineMaterials/Substrate/Glints2/dict_0000_0033.uasset" 4896
"../../../Engine/Content/EngineMaterials/Substrate/Glints2/dict_0000_0034.uasset" 4897
"../../../Engine/Content/EngineMaterials/Substrate/Glints2/dict_0000_0035.uasset" 4898
"../../../Engine/Content/EngineMaterials/Substrate/Glints2/dict_0000_0036.uasset" 4899
"../../../Engine/Content/EngineMaterials/Substrate/Glints2/dict_0000_0037.uasset" 4900
"../../../Engine/Content/EngineMaterials/Substrate/Glints2/dict_0000_0038.uasset" 4901
"../../../Engine/Content/EngineMaterials/Substrate/Glints2/dict_0000_0039.uasset" 4902
"../../../Engine/Content/EngineMaterials/Substrate/Glints2/dict_0000_0040.uasset" 4903
"../../../Engine/Content/EngineMaterials/Substrate/Glints2/dict_0000_0041.uasset" 4904
"../../../Engine/Content/EngineMaterials/Substrate/Glints2/dict_0000_0042.uasset" 4905
"../../../Engine/Content/EngineMaterials/Substrate/Glints2/dict_0000_0043.uasset" 4906
"../../../Engine/Content/EngineMaterials/Substrate/Glints2/dict_0000_0044.uasset" 4907
"../../../Engine/Content/EngineMaterials/Substrate/Glints2/dict_0000_0045.uasset" 4908
"../../../Engine/Content/EngineMaterials/Substrate/Glints2/dict_0000_0046.uasset" 4909
"../../../Engine/Content/EngineMaterials/Substrate/Glints2/dict_0000_0047.uasset" 4910
"../../../Engine/Content/EngineMaterials/Substrate/Glints2/dict_0000_0048.uasset" 4911
"../../../Engine/Content/EngineMaterials/Substrate/Glints2/dict_0000_0049.uasset" 4912
"../../../Engine/Content/EngineMaterials/Substrate/Glints2/dict_0000_0050.uasset" 4913
"../../../Engine/Content/EngineMaterials/Substrate/Glints2/dict_0000_0051.uasset" 4914
"../../../Engine/Content/EngineMaterials/Substrate/Glints2/dict_0000_0052.uasset" 4915
"../../../Engine/Content/EngineMaterials/Substrate/Glints2/dict_0000_0053.uasset" 4916
"../../../Engine/Content/EngineMaterials/Substrate/Glints2/dict_0000_0054.uasset" 4917
"../../../Engine/Content/EngineMaterials/Substrate/Glints2/dict_0000_0055.uasset" 4918
"../../../Engine/Content/EngineMaterials/Substrate/Glints2/dict_0000_0056.uasset" 4919
"../../../Engine/Content/EngineMaterials/Substrate/Glints2/dict_0000_0057.uasset" 4920
"../../../Engine/Content/EngineMaterials/Substrate/Glints2/dict_0000_0058.uasset" 4921
"../../../Engine/Content/EngineMaterials/Substrate/Glints2/dict_0000_0059.uasset" 4922
"../../../Engine/Content/EngineMaterials/Substrate/Glints2/dict_0000_0060.uasset" 4923
"../../../Engine/Content/EngineMaterials/Substrate/Glints2/dict_0000_0061.uasset" 4924
"../../../Engine/Content/EngineMaterials/Substrate/Glints2/dict_0000_0062.uasset" 4925
"../../../Engine/Content/EngineMaterials/Substrate/Glints2/dict_0000_0063.uasset" 4926
"../../../Engine/Content/EngineMaterials/Substrate/Glints2/dict_0000_0064.uasset" 4927
"../../../Engine/Content/EngineMaterials/Substrate/Glints2/dict_0000_0065.uasset" 4928
"../../../Engine/Content/EngineMaterials/Substrate/Glints2/dict_0000_0066.uasset" 4929
"../../../Engine/Content/EngineMaterials/Substrate/Glints2/dict_0000_0067.uasset" 4930
"../../../Engine/Content/EngineMaterials/Substrate/Glints2/dict_0000_0068.uasset" 4931
"../../../Engine/Content/EngineMaterials/Substrate/Glints2/dict_0000_0069.uasset" 4932
"../../../Engine/Content/EngineMaterials/Substrate/Glints2/dict_0000_0070.uasset" 4933
"../../../Engine/Content/EngineMaterials/Substrate/Glints2/dict_0000_0071.uasset" 4934
"../../../Engine/Content/EngineMaterials/Substrate/Glints2/dict_0000_0072.uasset" 4935
"../../../Engine/Content/EngineMaterials/Substrate/Glints2/dict_0000_0073.uasset" 4936
"../../../Engine/Content/EngineMaterials/Substrate/Glints2/dict_0000_0074.uasset" 4937
"../../../Engine/Content/EngineMaterials/Substrate/Glints2/dict_0000_0075.uasset" 4938
"../../../Engine/Content/EngineMaterials/Substrate/Glints2/dict_0000_0076.uasset" 4939
"../../../Engine/Content/EngineMaterials/Substrate/Glints2/dict_0000_0077.uasset" 4940
"../../../Engine/Content/EngineMaterials/Substrate/Glints2/dict_0000_0078.uasset" 4941
"../../../Engine/Content/EngineMaterials/Substrate/Glints2/dict_0000_0079.uasset" 4942
"../../../Engine/Content/EngineMaterials/Substrate/Glints2/dict_0000_0080.uasset" 4943
"../../../Engine/Content/EngineMaterials/Substrate/Glints2/dict_0000_0081.uasset" 4944
"../../../Engine/Content/EngineMaterials/Substrate/Glints2/dict_0000_0082.uasset" 4945
"../../../Engine/Content/EngineMaterials/Substrate/Glints2/dict_0000_0083.uasset" 4946
"../../../Engine/Content/EngineMaterials/Substrate/Glints2/dict_0000_0084.uasset" 4947
"../../../Engine/Content/EngineMaterials/Substrate/Glints2/dict_0000_0085.uasset" 4948
"../../../Engine/Content/EngineMaterials/Substrate/Glints2/dict_0000_0086.uasset" 4949
"../../../Engine/Content/EngineMaterials/Substrate/Glints2/dict_0000_0087.uasset" 4950
"../../../Engine/Content/EngineMaterials/Substrate/Glints2/dict_0000_0088.uasset" 4951
"../../../Engine/Content/EngineMaterials/Substrate/Glints2/dict_0000_0089.uasset" 4952
"../../../Engine/Content/EngineMaterials/Substrate/Glints2/dict_0000_0090.uasset" 4953
"../../../Engine/Content/EngineMaterials/Substrate/Glints2/dict_0000_0091.uasset" 4954
"../../../Engine/Content/EngineMaterials/Substrate/Glints2/dict_0000_0092.uasset" 4955
"../../../Engine/Content/EngineMaterials/Substrate/Glints2/dict_0000_0093.uasset" 4956
"../../../Engine/Content/EngineMaterials/Substrate/Glints2/dict_0000_0094.uasset" 4957
"../../../Engine/Content/EngineMaterials/Substrate/Glints2/dict_0000_0095.uasset" 4958
"../../../Engine/Content/EngineMaterials/Substrate/Glints2/dict_0000_0096.uasset" 4959
"../../../Engine/Content/EngineMaterials/Substrate/Glints2/dict_0000_0097.uasset" 4960
"../../../Engine/Content/EngineMaterials/Substrate/Glints2/dict_0000_0098.uasset" 4961
"../../../Engine/Content/EngineMaterials/Substrate/Glints2/dict_0000_0099.uasset" 4962
"../../../Engine/Content/EngineMaterials/Substrate/Glints2/dict_0000_0100.uasset" 4963
"../../../Engine/Content/EngineMaterials/Substrate/Glints2/dict_0000_0101.uasset" 4964
"../../../Engine/Content/EngineMaterials/Substrate/Glints2/dict_0000_0102.uasset" 4965
"../../../Engine/Content/EngineMaterials/Substrate/Glints2/dict_0000_0103.uasset" 4966
"../../../Engine/Content/EngineMaterials/Substrate/Glints2/dict_0000_0104.uasset" 4967
"../../../Engine/Content/EngineMaterials/Substrate/Glints2/dict_0000_0105.uasset" 4968
"../../../Engine/Content/EngineMaterials/Substrate/Glints2/dict_0000_0106.uasset" 4969
"../../../Engine/Content/EngineMaterials/Substrate/Glints2/dict_0000_0107.uasset" 4970
"../../../Engine/Content/EngineMaterials/Substrate/Glints2/dict_0000_0108.uasset" 4971
"../../../Engine/Content/EngineMaterials/Substrate/Glints2/dict_0000_0109.uasset" 4972
"../../../Engine/Content/EngineMaterials/Substrate/Glints2/dict_0000_0110.uasset" 4973
"../../../Engine/Content/EngineMaterials/Substrate/Glints2/dict_0000_0111.uasset" 4974
"../../../Engine/Content/EngineMaterials/Substrate/Glints2/dict_0000_0112.uasset" 4975
"../../../Engine/Content/EngineMaterials/Substrate/Glints2/dict_0000_0113.uasset" 4976
"../../../Engine/Content/EngineMaterials/Substrate/Glints2/dict_0000_0114.uasset" 4977
"../../../Engine/Content/EngineMaterials/Substrate/Glints2/dict_0000_0115.uasset" 4978
"../../../Engine/Content/EngineMaterials/Substrate/Glints2/dict_0000_0116.uasset" 4979
"../../../Engine/Content/EngineMaterials/Substrate/Glints2/dict_0000_0117.uasset" 4980
"../../../Engine/Content/EngineMaterials/Substrate/Glints2/dict_0000_0118.uasset" 4981
"../../../Engine/Content/EngineMaterials/Substrate/Glints2/dict_0000_0119.uasset" 4982
"../../../Engine/Content/EngineMaterials/Substrate/Glints2/dict_0000_0120.uasset" 4983
"../../../Engine/Content/EngineMaterials/Substrate/Glints2/dict_0000_0121.uasset" 4984
"../../../Engine/Content/EngineMaterials/Substrate/Glints2/dict_0000_0122.uasset" 4985
"../../../Engine/Content/EngineMaterials/Substrate/Glints2/dict_0000_0123.uasset" 4986
"../../../Engine/Content/EngineMaterials/Substrate/Glints2/dict_0000_0124.uasset" 4987
"../../../Engine/Content/EngineMaterials/Substrate/Glints2/dict_0000_0125.uasset" 4988
"../../../Engine/Content/EngineMaterials/Substrate/Glints2/dict_0000_0126.uasset" 4989
"../../../Engine/Content/EngineMaterials/Substrate/Glints2/dict_0000_0127.uasset" 4990
"../../../Engine/Content/EngineMaterials/Substrate/Glints2/dict_0000_0128.uasset" 4991
"../../../Engine/Content/EngineMaterials/Substrate/Glints2/dict_0000_0129.uasset" 4992
"../../../Engine/Content/EngineMaterials/Substrate/Glints2/dict_0000_0130.uasset" 4993
"../../../Engine/Content/EngineMaterials/Substrate/Glints2/dict_0000_0131.uasset" 4994
"../../../Engine/Content/EngineMaterials/Substrate/Glints2/dict_0000_0132.uasset" 4995
"../../../Engine/Content/EngineMaterials/Substrate/Glints2/dict_0000_0133.uasset" 4996
"../../../Engine/Content/EngineMaterials/Substrate/Glints2/dict_0000_0134.uasset" 4997
"../../../Engine/Content/EngineMaterials/Substrate/Glints2/dict_0000_0135.uasset" 4998
"../../../Engine/Content/EngineMaterials/Substrate/Glints2/dict_0000_0136.uasset" 4999
"../../../Engine/Content/EngineMaterials/Substrate/Glints2/dict_0000_0137.uasset" 5000
"../../../Engine/Content/EngineMaterials/Substrate/Glints2/dict_0000_0138.uasset" 5001
"../../../Engine/Content/EngineMaterials/Substrate/Glints2/dict_0000_0139.uasset" 5002
"../../../Engine/Content/EngineMaterials/Substrate/Glints2/dict_0000_0140.uasset" 5003
"../../../Engine/Content/EngineMaterials/Substrate/Glints2/dict_0000_0141.uasset" 5004
"../../../Engine/Content/EngineMaterials/Substrate/Glints2/dict_0000_0142.uasset" 5005
"../../../Engine/Content/EngineMaterials/Substrate/Glints2/dict_0000_0143.uasset" 5006
"../../../Engine/Content/EngineMaterials/Substrate/Glints2/dict_0000_0144.uasset" 5007
"../../../Engine/Content/EngineMaterials/Substrate/Glints2/dict_0000_0145.uasset" 5008
"../../../Engine/Content/EngineMaterials/Substrate/Glints2/dict_0000_0146.uasset" 5009
"../../../Engine/Content/EngineMaterials/Substrate/Glints2/dict_0000_0147.uasset" 5010
"../../../Engine/Content/EngineMaterials/Substrate/Glints2/dict_0000_0148.uasset" 5011
"../../../Engine/Content/EngineMaterials/Substrate/Glints2/dict_0000_0149.uasset" 5012
"../../../Engine/Content/EngineMaterials/Substrate/Glints2/dict_0000_0150.uasset" 5013
"../../../Engine/Content/EngineMaterials/Substrate/Glints2/dict_0000_0151.uasset" 5014
"../../../Engine/Content/EngineMaterials/Substrate/Glints2/dict_0000_0152.uasset" 5015
"../../../Engine/Content/EngineMaterials/Substrate/Glints2/dict_0000_0153.uasset" 5016
"../../../Engine/Content/EngineMaterials/Substrate/Glints2/dict_0000_0154.uasset" 5017
"../../../Engine/Content/EngineMaterials/Substrate/Glints2/dict_0000_0155.uasset" 5018
"../../../Engine/Content/EngineMaterials/Substrate/Glints2/dict_0000_0156.uasset" 5019
"../../../Engine/Content/EngineMaterials/Substrate/Glints2/dict_0000_0157.uasset" 5020
"../../../Engine/Content/EngineMaterials/Substrate/Glints2/dict_0000_0158.uasset" 5021
"../../../Engine/Content/EngineMaterials/Substrate/Glints2/dict_0000_0159.uasset" 5022
"../../../Engine/Content/EngineMaterials/Substrate/Glints2/dict_0000_0160.uasset" 5023
"../../../Engine/Content/EngineMaterials/Substrate/Glints2/dict_0000_0161.uasset" 5024
"../../../Engine/Content/EngineMaterials/Substrate/Glints2/dict_0000_0162.uasset" 5025
"../../../Engine/Content/EngineMaterials/Substrate/Glints2/dict_0000_0163.uasset" 5026
"../../../Engine/Content/EngineMaterials/Substrate/Glints2/dict_0000_0164.uasset" 5027
"../../../Engine/Content/EngineMaterials/Substrate/Glints2/dict_0000_0165.uasset" 5028
"../../../Engine/Content/EngineMaterials/Substrate/Glints2/dict_0000_0166.uasset" 5029
"../../../Engine/Content/EngineMaterials/Substrate/Glints2/dict_0000_0167.uasset" 5030
"../../../Engine/Content/EngineMaterials/Substrate/Glints2/dict_0000_0168.uasset" 5031
"../../../Engine/Content/EngineMaterials/Substrate/Glints2/dict_0000_0169.uasset" 5032
"../../../Engine/Content/EngineMaterials/Substrate/Glints2/dict_0000_0170.uasset" 5033
"../../../Engine/Content/EngineMaterials/Substrate/Glints2/dict_0000_0171.uasset" 5034
"../../../Engine/Content/EngineMaterials/Substrate/Glints2/dict_0000_0172.uasset" 5035
"../../../Engine/Content/EngineMaterials/Substrate/Glints2/dict_0000_0173.uasset" 5036
"../../../Engine/Content/EngineMaterials/Substrate/Glints2/dict_0000_0174.uasset" 5037
"../../../Engine/Content/EngineMaterials/Substrate/Glints2/dict_0000_0175.uasset" 5038
"../../../Engine/Content/EngineMaterials/Substrate/Glints2/dict_0000_0176.uasset" 5039
"../../../Engine/Content/EngineMaterials/Substrate/Glints2/dict_0000_0177.uasset" 5040
"../../../Engine/Content/EngineMaterials/Substrate/Glints2/dict_0000_0178.uasset" 5041
"../../../Engine/Content/EngineMaterials/Substrate/Glints2/dict_0000_0179.uasset" 5042
"../../../Engine/Content/EngineMaterials/Substrate/Glints2/dict_0000_0180.uasset" 5043
"../../../Engine/Content/EngineMaterials/Substrate/Glints2/dict_0000_0181.uasset" 5044
"../../../Engine/Content/EngineMaterials/Substrate/Glints2/dict_0000_0182.uasset" 5045
"../../../Engine/Content/EngineMaterials/Substrate/Glints2/dict_0000_0183.uasset" 5046
"../../../Engine/Content/EngineMaterials/Substrate/Glints2/dict_0000_0184.uasset" 5047
"../../../Engine/Content/EngineMaterials/Substrate/Glints2/dict_0000_0185.uasset" 5048
"../../../Engine/Content/EngineMaterials/Substrate/Glints2/dict_0000_0186.uasset" 5049
"../../../Engine/Content/EngineMaterials/Substrate/Glints2/dict_0000_0187.uasset" 5050
"../../../Engine/Content/EngineMaterials/Substrate/Glints2/dict_0000_0188.uasset" 5051
"../../../Engine/Content/EngineMaterials/Substrate/Glints2/dict_0000_0189.uasset" 5052
"../../../Engine/Content/EngineMaterials/Substrate/Glints2/dict_0000_0190.uasset" 5053
"../../../Engine/Content/EngineMaterials/Substrate/Glints2/dict_0000_0191.uasset" 5054
"../../../Engine/Content/EngineMaterials/Substrate/Glints2/dict_0000_0192.uasset" 5055
"../../../Engine/Content/EngineMaterials/Substrate/Glints2/dict_0000_0193.uasset" 5056
"../../../Engine/Content/EngineMaterials/Substrate/Glints2/dict_0000_0194.uasset" 5057
"../../../Engine/Content/EngineMaterials/Substrate/Glints2/dict_0000_0195.uasset" 5058
"../../../Engine/Content/EngineMaterials/Substrate/Glints2/dict_0000_0196.uasset" 5059
"../../../Engine/Content/EngineMaterials/Substrate/Glints2/dict_0000_0197.uasset" 5060
"../../../Engine/Content/EngineMaterials/Substrate/Glints2/dict_0000_0198.uasset" 5061
"../../../Engine/Content/EngineMaterials/Substrate/Glints2/dict_0000_0199.uasset" 5062
"../../../Engine/Content/EngineMaterials/Substrate/Glints2/dict_0000_0200.uasset" 5063
"../../../Engine/Content/EngineMaterials/Substrate/Glints2/dict_0000_0201.uasset" 5064
"../../../Engine/Content/EngineMaterials/Substrate/Glints2/dict_0000_0202.uasset" 5065
"../../../Engine/Content/EngineMaterials/Substrate/Glints2/dict_0000_0203.uasset" 5066
"../../../Engine/Content/EngineMaterials/Substrate/Glints2/dict_0000_0204.uasset" 5067
"../../../Engine/Content/EngineMaterials/Substrate/Glints2/dict_0000_0205.uasset" 5068
"../../../Engine/Content/EngineMaterials/Substrate/Glints2/dict_0000_0206.uasset" 5069
"../../../Engine/Content/EngineMaterials/Substrate/Glints2/dict_0000_0207.uasset" 5070
"../../../Engine/Content/EngineMaterials/Substrate/Glints2/dict_0000_0208.uasset" 5071
"../../../Engine/Content/EngineMaterials/Substrate/Glints2/dict_0000_0209.uasset" 5072
"../../../Engine/Content/EngineMaterials/Substrate/Glints2/dict_0000_0210.uasset" 5073
"../../../Engine/Content/EngineMaterials/Substrate/Glints2/dict_0000_0211.uasset" 5074
"../../../Engine/Content/EngineMaterials/Substrate/Glints2/dict_0000_0212.uasset" 5075
"../../../Engine/Content/EngineMaterials/Substrate/Glints2/dict_0000_0213.uasset" 5076
"../../../Engine/Content/EngineMaterials/Substrate/Glints2/dict_0000_0214.uasset" 5077
"../../../Engine/Content/EngineMaterials/Substrate/Glints2/dict_0000_0215.uasset" 5078
"../../../Engine/Content/EngineMaterials/Substrate/Glints2/dict_0000_0216.uasset" 5079
"../../../Engine/Content/EngineMaterials/Substrate/Glints2/dict_0000_0217.uasset" 5080
"../../../Engine/Content/EngineMaterials/Substrate/Glints2/dict_0000_0218.uasset" 5081
"../../../Engine/Content/EngineMaterials/Substrate/Glints2/dict_0000_0219.uasset" 5082
"../../../Engine/Content/EngineMaterials/Substrate/Glints2/dict_0000_0220.uasset" 5083
"../../../Engine/Content/EngineMaterials/Substrate/Glints2/dict_0000_0221.uasset" 5084
"../../../Engine/Content/EngineMaterials/Substrate/Glints2/dict_0000_0222.uasset" 5085
"../../../Engine/Content/EngineMaterials/Substrate/Glints2/dict_0000_0223.uasset" 5086
"../../../Engine/Content/EngineMaterials/Substrate/Glints2/dict_0000_0224.uasset" 5087
"../../../Engine/Content/EngineMaterials/Substrate/Glints2/dict_0000_0225.uasset" 5088
"../../../Engine/Content/EngineMaterials/Substrate/Glints2/dict_0000_0226.uasset" 5089
"../../../Engine/Content/EngineMaterials/Substrate/Glints2/dict_0000_0227.uasset" 5090
"../../../Engine/Content/EngineMaterials/Substrate/Glints2/dict_0000_0228.uasset" 5091
"../../../Engine/Content/EngineMaterials/Substrate/Glints2/dict_0000_0229.uasset" 5092
"../../../Engine/Content/EngineMaterials/Substrate/Glints2/dict_0000_0230.uasset" 5093
"../../../Engine/Content/EngineMaterials/Substrate/Glints2/dict_0000_0231.uasset" 5094
"../../../Engine/Content/EngineMaterials/Substrate/Glints2/dict_0000_0232.uasset" 5095
"../../../Engine/Content/EngineMaterials/Substrate/Glints2/dict_0000_0233.uasset" 5096
"../../../Engine/Content/EngineMaterials/Substrate/Glints2/dict_0000_0234.uasset" 5097
"../../../Engine/Content/EngineMaterials/Substrate/Glints2/dict_0000_0235.uasset" 5098
"../../../Engine/Content/EngineMaterials/Substrate/Glints2/dict_0000_0236.uasset" 5099
"../../../Engine/Content/EngineMaterials/Substrate/Glints2/dict_0000_0237.uasset" 5100
"../../../Engine/Content/EngineMaterials/Substrate/Glints2/dict_0000_0238.uasset" 5101
"../../../Engine/Content/EngineMaterials/Substrate/Glints2/dict_0000_0239.uasset" 5102
"../../../Engine/Content/EngineMaterials/Substrate/Glints2/dict_0000_0240.uasset" 5103
"../../../Engine/Content/EngineMaterials/Substrate/Glints2/dict_0000_0241.uasset" 5104
"../../../Engine/Content/EngineMaterials/Substrate/Glints2/dict_0000_0242.uasset" 5105
"../../../Engine/Content/EngineMaterials/Substrate/Glints2/dict_0000_0243.uasset" 5106
"../../../Engine/Content/EngineMaterials/Substrate/Glints2/dict_0000_0244.uasset" 5107
"../../../Engine/Content/EngineMaterials/Substrate/Glints2/dict_0000_0245.uasset" 5108
"../../../Engine/Content/EngineMaterials/Substrate/Glints2/dict_0000_0246.uasset" 5109
"../../../Engine/Content/EngineMaterials/Substrate/Glints2/dict_0000_0247.uasset" 5110
"../../../Engine/Content/EngineMaterials/Substrate/Glints2/dict_0000_0248.uasset" 5111
"../../../Engine/Content/EngineMaterials/Substrate/Glints2/dict_0000_0249.uasset" 5112
"../../../Engine/Content/EngineMaterials/Substrate/Glints2/dict_0000_0250.uasset" 5113
"../../../Engine/Content/EngineMaterials/Substrate/Glints2/dict_0000_0251.uasset" 5114
"../../../Engine/Content/EngineMaterials/Substrate/Glints2/dict_0000_0252.uasset" 5115
"../../../Engine/Content/EngineMaterials/Substrate/Glints2/dict_0000_0253.uasset" 5116
"../../../Engine/Content/EngineMaterials/Substrate/Glints2/dict_0000_0254.uasset" 5117
"../../../Engine/Content/EngineMaterials/Substrate/Glints2/dict_0000_0255.uasset" 5118
"../../../Engine/Content/EngineMaterials/Substrate/Glints2/dict_0001_0000.uasset" 5119
"../../../Engine/Content/EngineMaterials/Substrate/Glints2/dict_0001_0001.uasset" 5120
"../../../Engine/Content/EngineMaterials/Substrate/Glints2/dict_0001_0002.uasset" 5121
"../../../Engine/Content/EngineMaterials/Substrate/Glints2/dict_0001_0003.uasset" 5122
"../../../Engine/Content/EngineMaterials/Substrate/Glints2/dict_0001_0004.uasset" 5123
"../../../Engine/Content/EngineMaterials/Substrate/Glints2/dict_0001_0005.uasset" 5124
"../../../Engine/Content/EngineMaterials/Substrate/Glints2/dict_0001_0006.uasset" 5125
"../../../Engine/Content/EngineMaterials/Substrate/Glints2/dict_0001_0007.uasset" 5126
"../../../Engine/Content/EngineMaterials/Substrate/Glints2/dict_0001_0008.uasset" 5127
"../../../Engine/Content/EngineMaterials/Substrate/Glints2/dict_0001_0009.uasset" 5128
"../../../Engine/Content/EngineMaterials/Substrate/Glints2/dict_0001_0010.uasset" 5129
"../../../Engine/Content/EngineMaterials/Substrate/Glints2/dict_0001_0011.uasset" 5130
"../../../Engine/Content/EngineMaterials/Substrate/Glints2/dict_0001_0012.uasset" 5131
"../../../Engine/Content/EngineMaterials/Substrate/Glints2/dict_0001_0013.uasset" 5132
"../../../Engine/Content/EngineMaterials/Substrate/Glints2/dict_0001_0014.uasset" 5133
"../../../Engine/Content/EngineMaterials/Substrate/Glints2/dict_0001_0015.uasset" 5134
"../../../Engine/Content/EngineMaterials/Substrate/Glints2/dict_0001_0016.uasset" 5135
"../../../Engine/Content/EngineMaterials/Substrate/Glints2/dict_0001_0017.uasset" 5136
"../../../Engine/Content/EngineMaterials/Substrate/Glints2/dict_0001_0018.uasset" 5137
"../../../Engine/Content/EngineMaterials/Substrate/Glints2/dict_0001_0019.uasset" 5138
"../../../Engine/Content/EngineMaterials/Substrate/Glints2/dict_0001_0020.uasset" 5139
"../../../Engine/Content/EngineMaterials/Substrate/Glints2/dict_0001_0021.uasset" 5140
"../../../Engine/Content/EngineMaterials/Substrate/Glints2/dict_0001_0022.uasset" 5141
"../../../Engine/Content/EngineMaterials/Substrate/Glints2/dict_0001_0023.uasset" 5142
"../../../Engine/Content/EngineMaterials/Substrate/Glints2/dict_0001_0024.uasset" 5143
"../../../Engine/Content/EngineMaterials/Substrate/Glints2/dict_0001_0025.uasset" 5144
"../../../Engine/Content/EngineMaterials/Substrate/Glints2/dict_0001_0026.uasset" 5145
"../../../Engine/Content/EngineMaterials/Substrate/Glints2/dict_0001_0027.uasset" 5146
"../../../Engine/Content/EngineMaterials/Substrate/Glints2/dict_0001_0028.uasset" 5147
"../../../Engine/Content/EngineMaterials/Substrate/Glints2/dict_0001_0029.uasset" 5148
"../../../Engine/Content/EngineMaterials/Substrate/Glints2/dict_0001_0030.uasset" 5149
"../../../Engine/Content/EngineMaterials/Substrate/Glints2/dict_0001_0031.uasset" 5150
"../../../Engine/Content/EngineMaterials/Substrate/Glints2/dict_0001_0032.uasset" 5151
"../../../Engine/Content/EngineMaterials/Substrate/Glints2/dict_0001_0033.uasset" 5152
"../../../Engine/Content/EngineMaterials/Substrate/Glints2/dict_0001_0034.uasset" 5153
"../../../Engine/Content/EngineMaterials/Substrate/Glints2/dict_0001_0035.uasset" 5154
"../../../Engine/Content/EngineMaterials/Substrate/Glints2/dict_0001_0036.uasset" 5155
"../../../Engine/Content/EngineMaterials/Substrate/Glints2/dict_0001_0037.uasset" 5156
"../../../Engine/Content/EngineMaterials/Substrate/Glints2/dict_0001_0038.uasset" 5157
"../../../Engine/Content/EngineMaterials/Substrate/Glints2/dict_0001_0039.uasset" 5158
"../../../Engine/Content/EngineMaterials/Substrate/Glints2/dict_0001_0040.uasset" 5159
"../../../Engine/Content/EngineMaterials/Substrate/Glints2/dict_0001_0041.uasset" 5160
"../../../Engine/Content/EngineMaterials/Substrate/Glints2/dict_0001_0042.uasset" 5161
"../../../Engine/Content/EngineMaterials/Substrate/Glints2/dict_0001_0043.uasset" 5162
"../../../Engine/Content/EngineMaterials/Substrate/Glints2/dict_0001_0044.uasset" 5163
"../../../Engine/Content/EngineMaterials/Substrate/Glints2/dict_0001_0045.uasset" 5164
"../../../Engine/Content/EngineMaterials/Substrate/Glints2/dict_0001_0046.uasset" 5165
"../../../Engine/Content/EngineMaterials/Substrate/Glints2/dict_0001_0047.uasset" 5166
"../../../Engine/Content/EngineMaterials/Substrate/Glints2/dict_0001_0048.uasset" 5167
"../../../Engine/Content/EngineMaterials/Substrate/Glints2/dict_0001_0049.uasset" 5168
"../../../Engine/Content/EngineMaterials/Substrate/Glints2/dict_0001_0050.uasset" 5169
"../../../Engine/Content/EngineMaterials/Substrate/Glints2/dict_0001_0051.uasset" 5170
"../../../Engine/Content/EngineMaterials/Substrate/Glints2/dict_0001_0052.uasset" 5171
"../../../Engine/Content/EngineMaterials/Substrate/Glints2/dict_0001_0053.uasset" 5172
"../../../Engine/Content/EngineMaterials/Substrate/Glints2/dict_0001_0054.uasset" 5173
"../../../Engine/Content/EngineMaterials/Substrate/Glints2/dict_0001_0055.uasset" 5174
"../../../Engine/Content/EngineMaterials/Substrate/Glints2/dict_0001_0056.uasset" 5175
"../../../Engine/Content/EngineMaterials/Substrate/Glints2/dict_0001_0057.uasset" 5176
"../../../Engine/Content/EngineMaterials/Substrate/Glints2/dict_0001_0058.uasset" 5177
"../../../Engine/Content/EngineMaterials/Substrate/Glints2/dict_0001_0059.uasset" 5178
"../../../Engine/Content/EngineMaterials/Substrate/Glints2/dict_0001_0060.uasset" 5179
"../../../Engine/Content/EngineMaterials/Substrate/Glints2/dict_0001_0061.uasset" 5180
"../../../Engine/Content/EngineMaterials/Substrate/Glints2/dict_0001_0062.uasset" 5181
"../../../Engine/Content/EngineMaterials/Substrate/Glints2/dict_0001_0063.uasset" 5182
"../../../Engine/Content/EngineMaterials/Substrate/Glints2/dict_0001_0064.uasset" 5183
"../../../Engine/Content/EngineMaterials/Substrate/Glints2/dict_0001_0065.uasset" 5184
"../../../Engine/Content/EngineMaterials/Substrate/Glints2/dict_0001_0066.uasset" 5185
"../../../Engine/Content/EngineMaterials/Substrate/Glints2/dict_0001_0067.uasset" 5186
"../../../Engine/Content/EngineMaterials/Substrate/Glints2/dict_0001_0068.uasset" 5187
"../../../Engine/Content/EngineMaterials/Substrate/Glints2/dict_0001_0069.uasset" 5188
"../../../Engine/Content/EngineMaterials/Substrate/Glints2/dict_0001_0070.uasset" 5189
"../../../Engine/Content/EngineMaterials/Substrate/Glints2/dict_0001_0071.uasset" 5190
"../../../Engine/Content/EngineMaterials/Substrate/Glints2/dict_0001_0072.uasset" 5191
"../../../Engine/Content/EngineMaterials/Substrate/Glints2/dict_0001_0073.uasset" 5192
"../../../Engine/Content/EngineMaterials/Substrate/Glints2/dict_0001_0074.uasset" 5193
"../../../Engine/Content/EngineMaterials/Substrate/Glints2/dict_0001_0075.uasset" 5194
"../../../Engine/Content/EngineMaterials/Substrate/Glints2/dict_0001_0076.uasset" 5195
"../../../Engine/Content/EngineMaterials/Substrate/Glints2/dict_0001_0077.uasset" 5196
"../../../Engine/Content/EngineMaterials/Substrate/Glints2/dict_0001_0078.uasset" 5197
"../../../Engine/Content/EngineMaterials/Substrate/Glints2/dict_0001_0079.uasset" 5198
"../../../Engine/Content/EngineMaterials/Substrate/Glints2/dict_0001_0080.uasset" 5199
"../../../Engine/Content/EngineMaterials/Substrate/Glints2/dict_0001_0081.uasset" 5200
"../../../Engine/Content/EngineMaterials/Substrate/Glints2/dict_0001_0082.uasset" 5201
"../../../Engine/Content/EngineMaterials/Substrate/Glints2/dict_0001_0083.uasset" 5202
"../../../Engine/Content/EngineMaterials/Substrate/Glints2/dict_0001_0084.uasset" 5203
"../../../Engine/Content/EngineMaterials/Substrate/Glints2/dict_0001_0085.uasset" 5204
"../../../Engine/Content/EngineMaterials/Substrate/Glints2/dict_0001_0086.uasset" 5205
"../../../Engine/Content/EngineMaterials/Substrate/Glints2/dict_0001_0087.uasset" 5206
"../../../Engine/Content/EngineMaterials/Substrate/Glints2/dict_0001_0088.uasset" 5207
"../../../Engine/Content/EngineMaterials/Substrate/Glints2/dict_0001_0089.uasset" 5208
"../../../Engine/Content/EngineMaterials/Substrate/Glints2/dict_0001_0090.uasset" 5209
"../../../Engine/Content/EngineMaterials/Substrate/Glints2/dict_0001_0091.uasset" 5210
"../../../Engine/Content/EngineMaterials/Substrate/Glints2/dict_0001_0092.uasset" 5211
"../../../Engine/Content/EngineMaterials/Substrate/Glints2/dict_0001_0093.uasset" 5212
"../../../Engine/Content/EngineMaterials/Substrate/Glints2/dict_0001_0094.uasset" 5213
"../../../Engine/Content/EngineMaterials/Substrate/Glints2/dict_0001_0095.uasset" 5214
"../../../Engine/Content/EngineMaterials/Substrate/Glints2/dict_0001_0096.uasset" 5215
"../../../Engine/Content/EngineMaterials/Substrate/Glints2/dict_0001_0097.uasset" 5216
"../../../Engine/Content/EngineMaterials/Substrate/Glints2/dict_0001_0098.uasset" 5217
"../../../Engine/Content/EngineMaterials/Substrate/Glints2/dict_0001_0099.uasset" 5218
"../../../Engine/Content/EngineMaterials/Substrate/Glints2/dict_0001_0100.uasset" 5219
"../../../Engine/Content/EngineMaterials/Substrate/Glints2/dict_0001_0101.uasset" 5220
"../../../Engine/Content/EngineMaterials/Substrate/Glints2/dict_0001_0102.uasset" 5221
"../../../Engine/Content/EngineMaterials/Substrate/Glints2/dict_0001_0103.uasset" 5222
"../../../Engine/Content/EngineMaterials/Substrate/Glints2/dict_0001_0104.uasset" 5223
"../../../Engine/Content/EngineMaterials/Substrate/Glints2/dict_0001_0105.uasset" 5224
"../../../Engine/Content/EngineMaterials/Substrate/Glints2/dict_0001_0106.uasset" 5225
"../../../Engine/Content/EngineMaterials/Substrate/Glints2/dict_0001_0107.uasset" 5226
"../../../Engine/Content/EngineMaterials/Substrate/Glints2/dict_0001_0108.uasset" 5227
"../../../Engine/Content/EngineMaterials/Substrate/Glints2/dict_0001_0109.uasset" 5228
"../../../Engine/Content/EngineMaterials/Substrate/Glints2/dict_0001_0110.uasset" 5229
"../../../Engine/Content/EngineMaterials/Substrate/Glints2/dict_0001_0111.uasset" 5230
"../../../Engine/Content/EngineMaterials/Substrate/Glints2/dict_0001_0112.uasset" 5231
"../../../Engine/Content/EngineMaterials/Substrate/Glints2/dict_0001_0113.uasset" 5232
"../../../Engine/Content/EngineMaterials/Substrate/Glints2/dict_0001_0114.uasset" 5233
"../../../Engine/Content/EngineMaterials/Substrate/Glints2/dict_0001_0115.uasset" 5234
"../../../Engine/Content/EngineMaterials/Substrate/Glints2/dict_0001_0116.uasset" 5235
"../../../Engine/Content/EngineMaterials/Substrate/Glints2/dict_0001_0117.uasset" 5236
"../../../Engine/Content/EngineMaterials/Substrate/Glints2/dict_0001_0118.uasset" 5237
"../../../Engine/Content/EngineMaterials/Substrate/Glints2/dict_0001_0119.uasset" 5238
"../../../Engine/Content/EngineMaterials/Substrate/Glints2/dict_0001_0120.uasset" 5239
"../../../Engine/Content/EngineMaterials/Substrate/Glints2/dict_0001_0121.uasset" 5240
"../../../Engine/Content/EngineMaterials/Substrate/Glints2/dict_0001_0122.uasset" 5241
"../../../Engine/Content/EngineMaterials/Substrate/Glints2/dict_0001_0123.uasset" 5242
"../../../Engine/Content/EngineMaterials/Substrate/Glints2/dict_0001_0124.uasset" 5243
"../../../Engine/Content/EngineMaterials/Substrate/Glints2/dict_0001_0125.uasset" 5244
"../../../Engine/Content/EngineMaterials/Substrate/Glints2/dict_0001_0126.uasset" 5245
"../../../Engine/Content/EngineMaterials/Substrate/Glints2/dict_0001_0127.uasset" 5246
"../../../Engine/Content/EngineMaterials/Substrate/Glints2/dict_0001_0128.uasset" 5247
"../../../Engine/Content/EngineMaterials/Substrate/Glints2/dict_0001_0129.uasset" 5248
"../../../Engine/Content/EngineMaterials/Substrate/Glints2/dict_0001_0130.uasset" 5249
"../../../Engine/Content/EngineMaterials/Substrate/Glints2/dict_0001_0131.uasset" 5250
"../../../Engine/Content/EngineMaterials/Substrate/Glints2/dict_0001_0132.uasset" 5251
"../../../Engine/Content/EngineMaterials/Substrate/Glints2/dict_0001_0133.uasset" 5252
"../../../Engine/Content/EngineMaterials/Substrate/Glints2/dict_0001_0134.uasset" 5253
"../../../Engine/Content/EngineMaterials/Substrate/Glints2/dict_0001_0135.uasset" 5254
"../../../Engine/Content/EngineMaterials/Substrate/Glints2/dict_0001_0136.uasset" 5255
"../../../Engine/Content/EngineMaterials/Substrate/Glints2/dict_0001_0137.uasset" 5256
"../../../Engine/Content/EngineMaterials/Substrate/Glints2/dict_0001_0138.uasset" 5257
"../../../Engine/Content/EngineMaterials/Substrate/Glints2/dict_0001_0139.uasset" 5258
"../../../Engine/Content/EngineMaterials/Substrate/Glints2/dict_0001_0140.uasset" 5259
"../../../Engine/Content/EngineMaterials/Substrate/Glints2/dict_0001_0141.uasset" 5260
"../../../Engine/Content/EngineMaterials/Substrate/Glints2/dict_0001_0142.uasset" 5261
"../../../Engine/Content/EngineMaterials/Substrate/Glints2/dict_0001_0143.uasset" 5262
"../../../Engine/Content/EngineMaterials/Substrate/Glints2/dict_0001_0144.uasset" 5263
"../../../Engine/Content/EngineMaterials/Substrate/Glints2/dict_0001_0145.uasset" 5264
"../../../Engine/Content/EngineMaterials/Substrate/Glints2/dict_0001_0146.uasset" 5265
"../../../Engine/Content/EngineMaterials/Substrate/Glints2/dict_0001_0147.uasset" 5266
"../../../Engine/Content/EngineMaterials/Substrate/Glints2/dict_0001_0148.uasset" 5267
"../../../Engine/Content/EngineMaterials/Substrate/Glints2/dict_0001_0149.uasset" 5268
"../../../Engine/Content/EngineMaterials/Substrate/Glints2/dict_0001_0150.uasset" 5269
"../../../Engine/Content/EngineMaterials/Substrate/Glints2/dict_0001_0151.uasset" 5270
"../../../Engine/Content/EngineMaterials/Substrate/Glints2/dict_0001_0152.uasset" 5271
"../../../Engine/Content/EngineMaterials/Substrate/Glints2/dict_0001_0153.uasset" 5272
"../../../Engine/Content/EngineMaterials/Substrate/Glints2/dict_0001_0154.uasset" 5273
"../../../Engine/Content/EngineMaterials/Substrate/Glints2/dict_0001_0155.uasset" 5274
"../../../Engine/Content/EngineMaterials/Substrate/Glints2/dict_0001_0156.uasset" 5275
"../../../Engine/Content/EngineMaterials/Substrate/Glints2/dict_0001_0157.uasset" 5276
"../../../Engine/Content/EngineMaterials/Substrate/Glints2/dict_0001_0158.uasset" 5277
"../../../Engine/Content/EngineMaterials/Substrate/Glints2/dict_0001_0159.uasset" 5278
"../../../Engine/Content/EngineMaterials/Substrate/Glints2/dict_0001_0160.uasset" 5279
"../../../Engine/Content/EngineMaterials/Substrate/Glints2/dict_0001_0161.uasset" 5280
"../../../Engine/Content/EngineMaterials/Substrate/Glints2/dict_0001_0162.uasset" 5281
"../../../Engine/Content/EngineMaterials/Substrate/Glints2/dict_0001_0163.uasset" 5282
"../../../Engine/Content/EngineMaterials/Substrate/Glints2/dict_0001_0164.uasset" 5283
"../../../Engine/Content/EngineMaterials/Substrate/Glints2/dict_0001_0165.uasset" 5284
"../../../Engine/Content/EngineMaterials/Substrate/Glints2/dict_0001_0166.uasset" 5285
"../../../Engine/Content/EngineMaterials/Substrate/Glints2/dict_0001_0167.uasset" 5286
"../../../Engine/Content/EngineMaterials/Substrate/Glints2/dict_0001_0168.uasset" 5287
"../../../Engine/Content/EngineMaterials/Substrate/Glints2/dict_0001_0169.uasset" 5288
"../../../Engine/Content/EngineMaterials/Substrate/Glints2/dict_0001_0170.uasset" 5289
"../../../Engine/Content/EngineMaterials/Substrate/Glints2/dict_0001_0171.uasset" 5290
"../../../Engine/Content/EngineMaterials/Substrate/Glints2/dict_0001_0172.uasset" 5291
"../../../Engine/Content/EngineMaterials/Substrate/Glints2/dict_0001_0173.uasset" 5292
"../../../Engine/Content/EngineMaterials/Substrate/Glints2/dict_0001_0174.uasset" 5293
"../../../Engine/Content/EngineMaterials/Substrate/Glints2/dict_0001_0175.uasset" 5294
"../../../Engine/Content/EngineMaterials/Substrate/Glints2/dict_0001_0176.uasset" 5295
"../../../Engine/Content/EngineMaterials/Substrate/Glints2/dict_0001_0177.uasset" 5296
"../../../Engine/Content/EngineMaterials/Substrate/Glints2/dict_0001_0178.uasset" 5297
"../../../Engine/Content/EngineMaterials/Substrate/Glints2/dict_0001_0179.uasset" 5298
"../../../Engine/Content/EngineMaterials/Substrate/Glints2/dict_0001_0180.uasset" 5299
"../../../Engine/Content/EngineMaterials/Substrate/Glints2/dict_0001_0181.uasset" 5300
"../../../Engine/Content/EngineMaterials/Substrate/Glints2/dict_0001_0182.uasset" 5301
"../../../Engine/Content/EngineMaterials/Substrate/Glints2/dict_0001_0183.uasset" 5302
"../../../Engine/Content/EngineMaterials/Substrate/Glints2/dict_0001_0184.uasset" 5303
"../../../Engine/Content/EngineMaterials/Substrate/Glints2/dict_0001_0185.uasset" 5304
"../../../Engine/Content/EngineMaterials/Substrate/Glints2/dict_0001_0186.uasset" 5305
"../../../Engine/Content/EngineMaterials/Substrate/Glints2/dict_0001_0187.uasset" 5306
"../../../Engine/Content/EngineMaterials/Substrate/Glints2/dict_0001_0188.uasset" 5307
"../../../Engine/Content/EngineMaterials/Substrate/Glints2/dict_0001_0189.uasset" 5308
"../../../Engine/Content/EngineMaterials/Substrate/Glints2/dict_0001_0190.uasset" 5309
"../../../Engine/Content/EngineMaterials/Substrate/Glints2/dict_0001_0191.uasset" 5310
"../../../Engine/Content/EngineMaterials/Substrate/Glints2/dict_0001_0192.uasset" 5311
"../../../Engine/Content/EngineMaterials/Substrate/Glints2/dict_0001_0193.uasset" 5312
"../../../Engine/Content/EngineMaterials/Substrate/Glints2/dict_0001_0194.uasset" 5313
"../../../Engine/Content/EngineMaterials/Substrate/Glints2/dict_0001_0195.uasset" 5314
"../../../Engine/Content/EngineMaterials/Substrate/Glints2/dict_0001_0196.uasset" 5315
"../../../Engine/Content/EngineMaterials/Substrate/Glints2/dict_0001_0197.uasset" 5316
"../../../Engine/Content/EngineMaterials/Substrate/Glints2/dict_0001_0198.uasset" 5317
"../../../Engine/Content/EngineMaterials/Substrate/Glints2/dict_0001_0199.uasset" 5318
"../../../Engine/Content/EngineMaterials/Substrate/Glints2/dict_0001_0200.uasset" 5319
"../../../Engine/Content/EngineMaterials/Substrate/Glints2/dict_0001_0201.uasset" 5320
"../../../Engine/Content/EngineMaterials/Substrate/Glints2/dict_0001_0202.uasset" 5321
"../../../Engine/Content/EngineMaterials/Substrate/Glints2/dict_0001_0203.uasset" 5322
"../../../Engine/Content/EngineMaterials/Substrate/Glints2/dict_0001_0204.uasset" 5323
"../../../Engine/Content/EngineMaterials/Substrate/Glints2/dict_0001_0205.uasset" 5324
"../../../Engine/Content/EngineMaterials/Substrate/Glints2/dict_0001_0206.uasset" 5325
"../../../Engine/Content/EngineMaterials/Substrate/Glints2/dict_0001_0207.uasset" 5326
"../../../Engine/Content/EngineMaterials/Substrate/Glints2/dict_0001_0208.uasset" 5327
"../../../Engine/Content/EngineMaterials/Substrate/Glints2/dict_0001_0209.uasset" 5328
"../../../Engine/Content/EngineMaterials/Substrate/Glints2/dict_0001_0210.uasset" 5329
"../../../Engine/Content/EngineMaterials/Substrate/Glints2/dict_0001_0211.uasset" 5330
"../../../Engine/Content/EngineMaterials/Substrate/Glints2/dict_0001_0212.uasset" 5331
"../../../Engine/Content/EngineMaterials/Substrate/Glints2/dict_0001_0213.uasset" 5332
"../../../Engine/Content/EngineMaterials/Substrate/Glints2/dict_0001_0214.uasset" 5333
"../../../Engine/Content/EngineMaterials/Substrate/Glints2/dict_0001_0215.uasset" 5334
"../../../Engine/Content/EngineMaterials/Substrate/Glints2/dict_0001_0216.uasset" 5335
"../../../Engine/Content/EngineMaterials/Substrate/Glints2/dict_0001_0217.uasset" 5336
"../../../Engine/Content/EngineMaterials/Substrate/Glints2/dict_0001_0218.uasset" 5337
"../../../Engine/Content/EngineMaterials/Substrate/Glints2/dict_0001_0219.uasset" 5338
"../../../Engine/Content/EngineMaterials/Substrate/Glints2/dict_0001_0220.uasset" 5339
"../../../Engine/Content/EngineMaterials/Substrate/Glints2/dict_0001_0221.uasset" 5340
"../../../Engine/Content/EngineMaterials/Substrate/Glints2/dict_0001_0222.uasset" 5341
"../../../Engine/Content/EngineMaterials/Substrate/Glints2/dict_0001_0223.uasset" 5342
"../../../Engine/Content/EngineMaterials/Substrate/Glints2/dict_0001_0224.uasset" 5343
"../../../Engine/Content/EngineMaterials/Substrate/Glints2/dict_0001_0225.uasset" 5344
"../../../Engine/Content/EngineMaterials/Substrate/Glints2/dict_0001_0226.uasset" 5345
"../../../Engine/Content/EngineMaterials/Substrate/Glints2/dict_0001_0227.uasset" 5346
"../../../Engine/Content/EngineMaterials/Substrate/Glints2/dict_0001_0228.uasset" 5347
"../../../Engine/Content/EngineMaterials/Substrate/Glints2/dict_0001_0229.uasset" 5348
"../../../Engine/Content/EngineMaterials/Substrate/Glints2/dict_0001_0230.uasset" 5349
"../../../Engine/Content/EngineMaterials/Substrate/Glints2/dict_0001_0231.uasset" 5350
"../../../Engine/Content/EngineMaterials/Substrate/Glints2/dict_0001_0232.uasset" 5351
"../../../Engine/Content/EngineMaterials/Substrate/Glints2/dict_0001_0233.uasset" 5352
"../../../Engine/Content/EngineMaterials/Substrate/Glints2/dict_0001_0234.uasset" 5353
"../../../Engine/Content/EngineMaterials/Substrate/Glints2/dict_0001_0235.uasset" 5354
"../../../Engine/Content/EngineMaterials/Substrate/Glints2/dict_0001_0236.uasset" 5355
"../../../Engine/Content/EngineMaterials/Substrate/Glints2/dict_0001_0237.uasset" 5356
"../../../Engine/Content/EngineMaterials/Substrate/Glints2/dict_0001_0238.uasset" 5357
"../../../Engine/Content/EngineMaterials/Substrate/Glints2/dict_0001_0239.uasset" 5358
"../../../Engine/Content/EngineMaterials/Substrate/Glints2/dict_0001_0240.uasset" 5359
"../../../Engine/Content/EngineMaterials/Substrate/Glints2/dict_0001_0241.uasset" 5360
"../../../Engine/Content/EngineMaterials/Substrate/Glints2/dict_0001_0242.uasset" 5361
"../../../Engine/Content/EngineMaterials/Substrate/Glints2/dict_0001_0243.uasset" 5362
"../../../Engine/Content/EngineMaterials/Substrate/Glints2/dict_0001_0244.uasset" 5363
"../../../Engine/Content/EngineMaterials/Substrate/Glints2/dict_0001_0245.uasset" 5364
"../../../Engine/Content/EngineMaterials/Substrate/Glints2/dict_0001_0246.uasset" 5365
"../../../Engine/Content/EngineMaterials/Substrate/Glints2/dict_0001_0247.uasset" 5366
"../../../Engine/Content/EngineMaterials/Substrate/Glints2/dict_0001_0248.uasset" 5367
"../../../Engine/Content/EngineMaterials/Substrate/Glints2/dict_0001_0249.uasset" 5368
"../../../Engine/Content/EngineMaterials/Substrate/Glints2/dict_0001_0250.uasset" 5369
"../../../Engine/Content/EngineMaterials/Substrate/Glints2/dict_0001_0251.uasset" 5370
"../../../Engine/Content/EngineMaterials/Substrate/Glints2/dict_0001_0252.uasset" 5371
"../../../Engine/Content/EngineMaterials/Substrate/Glints2/dict_0001_0253.uasset" 5372
"../../../Engine/Content/EngineMaterials/Substrate/Glints2/dict_0001_0254.uasset" 5373
"../../../Engine/Content/EngineMaterials/Substrate/Glints2/dict_0001_0255.uasset" 5374
"../../../Engine/Content/EngineMaterials/Substrate/Glints2/dict_0002_0000.uasset" 5375
"../../../Engine/Content/EngineMaterials/Substrate/Glints2/dict_0002_0001.uasset" 5376
"../../../Engine/Content/EngineMaterials/Substrate/Glints2/dict_0002_0002.uasset" 5377
"../../../Engine/Content/EngineMaterials/Substrate/Glints2/dict_0002_0003.uasset" 5378
"../../../Engine/Content/EngineMaterials/Substrate/Glints2/dict_0002_0004.uasset" 5379
"../../../Engine/Content/EngineMaterials/Substrate/Glints2/dict_0002_0005.uasset" 5380
"../../../Engine/Content/EngineMaterials/Substrate/Glints2/dict_0002_0006.uasset" 5381
"../../../Engine/Content/EngineMaterials/Substrate/Glints2/dict_0002_0007.uasset" 5382
"../../../Engine/Content/EngineMaterials/Substrate/Glints2/dict_0002_0008.uasset" 5383
"../../../Engine/Content/EngineMaterials/Substrate/Glints2/dict_0002_0009.uasset" 5384
"../../../Engine/Content/EngineMaterials/Substrate/Glints2/dict_0002_0010.uasset" 5385
"../../../Engine/Content/EngineMaterials/Substrate/Glints2/dict_0002_0011.uasset" 5386
"../../../Engine/Content/EngineMaterials/Substrate/Glints2/dict_0002_0012.uasset" 5387
"../../../Engine/Content/EngineMaterials/Substrate/Glints2/dict_0002_0013.uasset" 5388
"../../../Engine/Content/EngineMaterials/Substrate/Glints2/dict_0002_0014.uasset" 5389
"../../../Engine/Content/EngineMaterials/Substrate/Glints2/dict_0002_0015.uasset" 5390
"../../../Engine/Content/EngineMaterials/Substrate/Glints2/dict_0002_0016.uasset" 5391
"../../../Engine/Content/EngineMaterials/Substrate/Glints2/dict_0002_0017.uasset" 5392
"../../../Engine/Content/EngineMaterials/Substrate/Glints2/dict_0002_0018.uasset" 5393
"../../../Engine/Content/EngineMaterials/Substrate/Glints2/dict_0002_0019.uasset" 5394
"../../../Engine/Content/EngineMaterials/Substrate/Glints2/dict_0002_0020.uasset" 5395
"../../../Engine/Content/EngineMaterials/Substrate/Glints2/dict_0002_0021.uasset" 5396
"../../../Engine/Content/EngineMaterials/Substrate/Glints2/dict_0002_0022.uasset" 5397
"../../../Engine/Content/EngineMaterials/Substrate/Glints2/dict_0002_0023.uasset" 5398
"../../../Engine/Content/EngineMaterials/Substrate/Glints2/dict_0002_0024.uasset" 5399
"../../../Engine/Content/EngineMaterials/Substrate/Glints2/dict_0002_0025.uasset" 5400
"../../../Engine/Content/EngineMaterials/Substrate/Glints2/dict_0002_0026.uasset" 5401
"../../../Engine/Content/EngineMaterials/Substrate/Glints2/dict_0002_0027.uasset" 5402
"../../../Engine/Content/EngineMaterials/Substrate/Glints2/dict_0002_0028.uasset" 5403
"../../../Engine/Content/EngineMaterials/Substrate/Glints2/dict_0002_0029.uasset" 5404
"../../../Engine/Content/EngineMaterials/Substrate/Glints2/dict_0002_0030.uasset" 5405
"../../../Engine/Content/EngineMaterials/Substrate/Glints2/dict_0002_0031.uasset" 5406
"../../../Engine/Content/EngineMaterials/Substrate/Glints2/dict_0002_0032.uasset" 5407
"../../../Engine/Content/EngineMaterials/Substrate/Glints2/dict_0002_0033.uasset" 5408
"../../../Engine/Content/EngineMaterials/Substrate/Glints2/dict_0002_0034.uasset" 5409
"../../../Engine/Content/EngineMaterials/Substrate/Glints2/dict_0002_0035.uasset" 5410
"../../../Engine/Content/EngineMaterials/Substrate/Glints2/dict_0002_0036.uasset" 5411
"../../../Engine/Content/EngineMaterials/Substrate/Glints2/dict_0002_0037.uasset" 5412
"../../../Engine/Content/EngineMaterials/Substrate/Glints2/dict_0002_0038.uasset" 5413
"../../../Engine/Content/EngineMaterials/Substrate/Glints2/dict_0002_0039.uasset" 5414
"../../../Engine/Content/EngineMaterials/Substrate/Glints2/dict_0002_0040.uasset" 5415
"../../../Engine/Content/EngineMaterials/Substrate/Glints2/dict_0002_0041.uasset" 5416
"../../../Engine/Content/EngineMaterials/Substrate/Glints2/dict_0002_0042.uasset" 5417
"../../../Engine/Content/EngineMaterials/Substrate/Glints2/dict_0002_0043.uasset" 5418
"../../../Engine/Content/EngineMaterials/Substrate/Glints2/dict_0002_0044.uasset" 5419
"../../../Engine/Content/EngineMaterials/Substrate/Glints2/dict_0002_0045.uasset" 5420
"../../../Engine/Content/EngineMaterials/Substrate/Glints2/dict_0002_0046.uasset" 5421
"../../../Engine/Content/EngineMaterials/Substrate/Glints2/dict_0002_0047.uasset" 5422
"../../../Engine/Content/EngineMaterials/Substrate/Glints2/dict_0002_0048.uasset" 5423
"../../../Engine/Content/EngineMaterials/Substrate/Glints2/dict_0002_0049.uasset" 5424
"../../../Engine/Content/EngineMaterials/Substrate/Glints2/dict_0002_0050.uasset" 5425
"../../../Engine/Content/EngineMaterials/Substrate/Glints2/dict_0002_0051.uasset" 5426
"../../../Engine/Content/EngineMaterials/Substrate/Glints2/dict_0002_0052.uasset" 5427
"../../../Engine/Content/EngineMaterials/Substrate/Glints2/dict_0002_0053.uasset" 5428
"../../../Engine/Content/EngineMaterials/Substrate/Glints2/dict_0002_0054.uasset" 5429
"../../../Engine/Content/EngineMaterials/Substrate/Glints2/dict_0002_0055.uasset" 5430
"../../../Engine/Content/EngineMaterials/Substrate/Glints2/dict_0002_0056.uasset" 5431
"../../../Engine/Content/EngineMaterials/Substrate/Glints2/dict_0002_0057.uasset" 5432
"../../../Engine/Content/EngineMaterials/Substrate/Glints2/dict_0002_0058.uasset" 5433
"../../../Engine/Content/EngineMaterials/Substrate/Glints2/dict_0002_0059.uasset" 5434
"../../../Engine/Content/EngineMaterials/Substrate/Glints2/dict_0002_0060.uasset" 5435
"../../../Engine/Content/EngineMaterials/Substrate/Glints2/dict_0002_0061.uasset" 5436
"../../../Engine/Content/EngineMaterials/Substrate/Glints2/dict_0002_0062.uasset" 5437
"../../../Engine/Content/EngineMaterials/Substrate/Glints2/dict_0002_0063.uasset" 5438
"../../../Engine/Content/EngineMaterials/Substrate/Glints2/dict_0002_0064.uasset" 5439
"../../../Engine/Content/EngineMaterials/Substrate/Glints2/dict_0002_0065.uasset" 5440
"../../../Engine/Content/EngineMaterials/Substrate/Glints2/dict_0002_0066.uasset" 5441
"../../../Engine/Content/EngineMaterials/Substrate/Glints2/dict_0002_0067.uasset" 5442
"../../../Engine/Content/EngineMaterials/Substrate/Glints2/dict_0002_0068.uasset" 5443
"../../../Engine/Content/EngineMaterials/Substrate/Glints2/dict_0002_0069.uasset" 5444
"../../../Engine/Content/EngineMaterials/Substrate/Glints2/dict_0002_0070.uasset" 5445
"../../../Engine/Content/EngineMaterials/Substrate/Glints2/dict_0002_0071.uasset" 5446
"../../../Engine/Content/EngineMaterials/Substrate/Glints2/dict_0002_0072.uasset" 5447
"../../../Engine/Content/EngineMaterials/Substrate/Glints2/dict_0002_0073.uasset" 5448
"../../../Engine/Content/EngineMaterials/Substrate/Glints2/dict_0002_0074.uasset" 5449
"../../../Engine/Content/EngineMaterials/Substrate/Glints2/dict_0002_0075.uasset" 5450
"../../../Engine/Content/EngineMaterials/Substrate/Glints2/dict_0002_0076.uasset" 5451
"../../../Engine/Content/EngineMaterials/Substrate/Glints2/dict_0002_0077.uasset" 5452
"../../../Engine/Content/EngineMaterials/Substrate/Glints2/dict_0002_0078.uasset" 5453
"../../../Engine/Content/EngineMaterials/Substrate/Glints2/dict_0002_0079.uasset" 5454
"../../../Engine/Content/EngineMaterials/Substrate/Glints2/dict_0002_0080.uasset" 5455
"../../../Engine/Content/EngineMaterials/Substrate/Glints2/dict_0002_0081.uasset" 5456
"../../../Engine/Content/EngineMaterials/Substrate/Glints2/dict_0002_0082.uasset" 5457
"../../../Engine/Content/EngineMaterials/Substrate/Glints2/dict_0002_0083.uasset" 5458
"../../../Engine/Content/EngineMaterials/Substrate/Glints2/dict_0002_0084.uasset" 5459
"../../../Engine/Content/EngineMaterials/Substrate/Glints2/dict_0002_0085.uasset" 5460
"../../../Engine/Content/EngineMaterials/Substrate/Glints2/dict_0002_0086.uasset" 5461
"../../../Engine/Content/EngineMaterials/Substrate/Glints2/dict_0002_0087.uasset" 5462
"../../../Engine/Content/EngineMaterials/Substrate/Glints2/dict_0002_0088.uasset" 5463
"../../../Engine/Content/EngineMaterials/Substrate/Glints2/dict_0002_0089.uasset" 5464
"../../../Engine/Content/EngineMaterials/Substrate/Glints2/dict_0002_0090.uasset" 5465
"../../../Engine/Content/EngineMaterials/Substrate/Glints2/dict_0002_0091.uasset" 5466
"../../../Engine/Content/EngineMaterials/Substrate/Glints2/dict_0002_0092.uasset" 5467
"../../../Engine/Content/EngineMaterials/Substrate/Glints2/dict_0002_0093.uasset" 5468
"../../../Engine/Content/EngineMaterials/Substrate/Glints2/dict_0002_0094.uasset" 5469
"../../../Engine/Content/EngineMaterials/Substrate/Glints2/dict_0002_0095.uasset" 5470
"../../../Engine/Content/EngineMaterials/Substrate/Glints2/dict_0002_0096.uasset" 5471
"../../../Engine/Content/EngineMaterials/Substrate/Glints2/dict_0002_0097.uasset" 5472
"../../../Engine/Content/EngineMaterials/Substrate/Glints2/dict_0002_0098.uasset" 5473
"../../../Engine/Content/EngineMaterials/Substrate/Glints2/dict_0002_0099.uasset" 5474
"../../../Engine/Content/EngineMaterials/Substrate/Glints2/dict_0002_0100.uasset" 5475
"../../../Engine/Content/EngineMaterials/Substrate/Glints2/dict_0002_0101.uasset" 5476
"../../../Engine/Content/EngineMaterials/Substrate/Glints2/dict_0002_0102.uasset" 5477
"../../../Engine/Content/EngineMaterials/Substrate/Glints2/dict_0002_0103.uasset" 5478
"../../../Engine/Content/EngineMaterials/Substrate/Glints2/dict_0002_0104.uasset" 5479
"../../../Engine/Content/EngineMaterials/Substrate/Glints2/dict_0002_0105.uasset" 5480
"../../../Engine/Content/EngineMaterials/Substrate/Glints2/dict_0002_0106.uasset" 5481
"../../../Engine/Content/EngineMaterials/Substrate/Glints2/dict_0002_0107.uasset" 5482
"../../../Engine/Content/EngineMaterials/Substrate/Glints2/dict_0002_0108.uasset" 5483
"../../../Engine/Content/EngineMaterials/Substrate/Glints2/dict_0002_0109.uasset" 5484
"../../../Engine/Content/EngineMaterials/Substrate/Glints2/dict_0002_0110.uasset" 5485
"../../../Engine/Content/EngineMaterials/Substrate/Glints2/dict_0002_0111.uasset" 5486
"../../../Engine/Content/EngineMaterials/Substrate/Glints2/dict_0002_0112.uasset" 5487
"../../../Engine/Content/EngineMaterials/Substrate/Glints2/dict_0002_0113.uasset" 5488
"../../../Engine/Content/EngineMaterials/Substrate/Glints2/dict_0002_0114.uasset" 5489
"../../../Engine/Content/EngineMaterials/Substrate/Glints2/dict_0002_0115.uasset" 5490
"../../../Engine/Content/EngineMaterials/Substrate/Glints2/dict_0002_0116.uasset" 5491
"../../../Engine/Content/EngineMaterials/Substrate/Glints2/dict_0002_0117.uasset" 5492
"../../../Engine/Content/EngineMaterials/Substrate/Glints2/dict_0002_0118.uasset" 5493
"../../../Engine/Content/EngineMaterials/Substrate/Glints2/dict_0002_0119.uasset" 5494
"../../../Engine/Content/EngineMaterials/Substrate/Glints2/dict_0002_0120.uasset" 5495
"../../../Engine/Content/EngineMaterials/Substrate/Glints2/dict_0002_0121.uasset" 5496
"../../../Engine/Content/EngineMaterials/Substrate/Glints2/dict_0002_0122.uasset" 5497
"../../../Engine/Content/EngineMaterials/Substrate/Glints2/dict_0002_0123.uasset" 5498
"../../../Engine/Content/EngineMaterials/Substrate/Glints2/dict_0002_0124.uasset" 5499
"../../../Engine/Content/EngineMaterials/Substrate/Glints2/dict_0002_0125.uasset" 5500
"../../../Engine/Content/EngineMaterials/Substrate/Glints2/dict_0002_0126.uasset" 5501
"../../../Engine/Content/EngineMaterials/Substrate/Glints2/dict_0002_0127.uasset" 5502
"../../../Engine/Content/EngineMaterials/Substrate/Glints2/dict_0002_0128.uasset" 5503
"../../../Engine/Content/EngineMaterials/Substrate/Glints2/dict_0002_0129.uasset" 5504
"../../../Engine/Content/EngineMaterials/Substrate/Glints2/dict_0002_0130.uasset" 5505
"../../../Engine/Content/EngineMaterials/Substrate/Glints2/dict_0002_0131.uasset" 5506
"../../../Engine/Content/EngineMaterials/Substrate/Glints2/dict_0002_0132.uasset" 5507
"../../../Engine/Content/EngineMaterials/Substrate/Glints2/dict_0002_0133.uasset" 5508
"../../../Engine/Content/EngineMaterials/Substrate/Glints2/dict_0002_0134.uasset" 5509
"../../../Engine/Content/EngineMaterials/Substrate/Glints2/dict_0002_0135.uasset" 5510
"../../../Engine/Content/EngineMaterials/Substrate/Glints2/dict_0002_0136.uasset" 5511
"../../../Engine/Content/EngineMaterials/Substrate/Glints2/dict_0002_0137.uasset" 5512
"../../../Engine/Content/EngineMaterials/Substrate/Glints2/dict_0002_0138.uasset" 5513
"../../../Engine/Content/EngineMaterials/Substrate/Glints2/dict_0002_0139.uasset" 5514
"../../../Engine/Content/EngineMaterials/Substrate/Glints2/dict_0002_0140.uasset" 5515
"../../../Engine/Content/EngineMaterials/Substrate/Glints2/dict_0002_0141.uasset" 5516
"../../../Engine/Content/EngineMaterials/Substrate/Glints2/dict_0002_0142.uasset" 5517
"../../../Engine/Content/EngineMaterials/Substrate/Glints2/dict_0002_0143.uasset" 5518
"../../../Engine/Content/EngineMaterials/Substrate/Glints2/dict_0002_0144.uasset" 5519
"../../../Engine/Content/EngineMaterials/Substrate/Glints2/dict_0002_0145.uasset" 5520
"../../../Engine/Content/EngineMaterials/Substrate/Glints2/dict_0002_0146.uasset" 5521
"../../../Engine/Content/EngineMaterials/Substrate/Glints2/dict_0002_0147.uasset" 5522
"../../../Engine/Content/EngineMaterials/Substrate/Glints2/dict_0002_0148.uasset" 5523
"../../../Engine/Content/EngineMaterials/Substrate/Glints2/dict_0002_0149.uasset" 5524
"../../../Engine/Content/EngineMaterials/Substrate/Glints2/dict_0002_0150.uasset" 5525
"../../../Engine/Content/EngineMaterials/Substrate/Glints2/dict_0002_0151.uasset" 5526
"../../../Engine/Content/EngineMaterials/Substrate/Glints2/dict_0002_0152.uasset" 5527
"../../../Engine/Content/EngineMaterials/Substrate/Glints2/dict_0002_0153.uasset" 5528
"../../../Engine/Content/EngineMaterials/Substrate/Glints2/dict_0002_0154.uasset" 5529
"../../../Engine/Content/EngineMaterials/Substrate/Glints2/dict_0002_0155.uasset" 5530
"../../../Engine/Content/EngineMaterials/Substrate/Glints2/dict_0002_0156.uasset" 5531
"../../../Engine/Content/EngineMaterials/Substrate/Glints2/dict_0002_0157.uasset" 5532
"../../../Engine/Content/EngineMaterials/Substrate/Glints2/dict_0002_0158.uasset" 5533
"../../../Engine/Content/EngineMaterials/Substrate/Glints2/dict_0002_0159.uasset" 5534
"../../../Engine/Content/EngineMaterials/Substrate/Glints2/dict_0002_0160.uasset" 5535
"../../../Engine/Content/EngineMaterials/Substrate/Glints2/dict_0002_0161.uasset" 5536
"../../../Engine/Content/EngineMaterials/Substrate/Glints2/dict_0002_0162.uasset" 5537
"../../../Engine/Content/EngineMaterials/Substrate/Glints2/dict_0002_0163.uasset" 5538
"../../../Engine/Content/EngineMaterials/Substrate/Glints2/dict_0002_0164.uasset" 5539
"../../../Engine/Content/EngineMaterials/Substrate/Glints2/dict_0002_0165.uasset" 5540
"../../../Engine/Content/EngineMaterials/Substrate/Glints2/dict_0002_0166.uasset" 5541
"../../../Engine/Content/EngineMaterials/Substrate/Glints2/dict_0002_0167.uasset" 5542
"../../../Engine/Content/EngineMaterials/Substrate/Glints2/dict_0002_0168.uasset" 5543
"../../../Engine/Content/EngineMaterials/Substrate/Glints2/dict_0002_0169.uasset" 5544
"../../../Engine/Content/EngineMaterials/Substrate/Glints2/dict_0002_0170.uasset" 5545
"../../../Engine/Content/EngineMaterials/Substrate/Glints2/dict_0002_0171.uasset" 5546
"../../../Engine/Content/EngineMaterials/Substrate/Glints2/dict_0002_0172.uasset" 5547
"../../../Engine/Content/EngineMaterials/Substrate/Glints2/dict_0002_0173.uasset" 5548
"../../../Engine/Content/EngineMaterials/Substrate/Glints2/dict_0002_0174.uasset" 5549
"../../../Engine/Content/EngineMaterials/Substrate/Glints2/dict_0002_0175.uasset" 5550
"../../../Engine/Content/EngineMaterials/Substrate/Glints2/dict_0002_0176.uasset" 5551
"../../../Engine/Content/EngineMaterials/Substrate/Glints2/dict_0002_0177.uasset" 5552
"../../../Engine/Content/EngineMaterials/Substrate/Glints2/dict_0002_0178.uasset" 5553
"../../../Engine/Content/EngineMaterials/Substrate/Glints2/dict_0002_0179.uasset" 5554
"../../../Engine/Content/EngineMaterials/Substrate/Glints2/dict_0002_0180.uasset" 5555
"../../../Engine/Content/EngineMaterials/Substrate/Glints2/dict_0002_0181.uasset" 5556
"../../../Engine/Content/EngineMaterials/Substrate/Glints2/dict_0002_0182.uasset" 5557
"../../../Engine/Content/EngineMaterials/Substrate/Glints2/dict_0002_0183.uasset" 5558
"../../../Engine/Content/EngineMaterials/Substrate/Glints2/dict_0002_0184.uasset" 5559
"../../../Engine/Content/EngineMaterials/Substrate/Glints2/dict_0002_0185.uasset" 5560
"../../../Engine/Content/EngineMaterials/Substrate/Glints2/dict_0002_0186.uasset" 5561
"../../../Engine/Content/EngineMaterials/Substrate/Glints2/dict_0002_0187.uasset" 5562
"../../../Engine/Content/EngineMaterials/Substrate/Glints2/dict_0002_0188.uasset" 5563
"../../../Engine/Content/EngineMaterials/Substrate/Glints2/dict_0002_0189.uasset" 5564
"../../../Engine/Content/EngineMaterials/Substrate/Glints2/dict_0002_0190.uasset" 5565
"../../../Engine/Content/EngineMaterials/Substrate/Glints2/dict_0002_0191.uasset" 5566
"../../../Engine/Content/EngineMaterials/Substrate/Glints2/dict_0002_0192.uasset" 5567
"../../../Engine/Content/EngineMaterials/Substrate/Glints2/dict_0002_0193.uasset" 5568
"../../../Engine/Content/EngineMaterials/Substrate/Glints2/dict_0002_0194.uasset" 5569
"../../../Engine/Content/EngineMaterials/Substrate/Glints2/dict_0002_0195.uasset" 5570
"../../../Engine/Content/EngineMaterials/Substrate/Glints2/dict_0002_0196.uasset" 5571
"../../../Engine/Content/EngineMaterials/Substrate/Glints2/dict_0002_0197.uasset" 5572
"../../../Engine/Content/EngineMaterials/Substrate/Glints2/dict_0002_0198.uasset" 5573
"../../../Engine/Content/EngineMaterials/Substrate/Glints2/dict_0002_0199.uasset" 5574
"../../../Engine/Content/EngineMaterials/Substrate/Glints2/dict_0002_0200.uasset" 5575
"../../../Engine/Content/EngineMaterials/Substrate/Glints2/dict_0002_0201.uasset" 5576
"../../../Engine/Content/EngineMaterials/Substrate/Glints2/dict_0002_0202.uasset" 5577
"../../../Engine/Content/EngineMaterials/Substrate/Glints2/dict_0002_0203.uasset" 5578
"../../../Engine/Content/EngineMaterials/Substrate/Glints2/dict_0002_0204.uasset" 5579
"../../../Engine/Content/EngineMaterials/Substrate/Glints2/dict_0002_0205.uasset" 5580
"../../../Engine/Content/EngineMaterials/Substrate/Glints2/dict_0002_0206.uasset" 5581
"../../../Engine/Content/EngineMaterials/Substrate/Glints2/dict_0002_0207.uasset" 5582
"../../../Engine/Content/EngineMaterials/Substrate/Glints2/dict_0002_0208.uasset" 5583
"../../../Engine/Content/EngineMaterials/Substrate/Glints2/dict_0002_0209.uasset" 5584
"../../../Engine/Content/EngineMaterials/Substrate/Glints2/dict_0002_0210.uasset" 5585
"../../../Engine/Content/EngineMaterials/Substrate/Glints2/dict_0002_0211.uasset" 5586
"../../../Engine/Content/EngineMaterials/Substrate/Glints2/dict_0002_0212.uasset" 5587
"../../../Engine/Content/EngineMaterials/Substrate/Glints2/dict_0002_0213.uasset" 5588
"../../../Engine/Content/EngineMaterials/Substrate/Glints2/dict_0002_0214.uasset" 5589
"../../../Engine/Content/EngineMaterials/Substrate/Glints2/dict_0002_0215.uasset" 5590
"../../../Engine/Content/EngineMaterials/Substrate/Glints2/dict_0002_0216.uasset" 5591
"../../../Engine/Content/EngineMaterials/Substrate/Glints2/dict_0002_0217.uasset" 5592
"../../../Engine/Content/EngineMaterials/Substrate/Glints2/dict_0002_0218.uasset" 5593
"../../../Engine/Content/EngineMaterials/Substrate/Glints2/dict_0002_0219.uasset" 5594
"../../../Engine/Content/EngineMaterials/Substrate/Glints2/dict_0002_0220.uasset" 5595
"../../../Engine/Content/EngineMaterials/Substrate/Glints2/dict_0002_0221.uasset" 5596
"../../../Engine/Content/EngineMaterials/Substrate/Glints2/dict_0002_0222.uasset" 5597
"../../../Engine/Content/EngineMaterials/Substrate/Glints2/dict_0002_0223.uasset" 5598
"../../../Engine/Content/EngineMaterials/Substrate/Glints2/dict_0002_0224.uasset" 5599
"../../../Engine/Content/EngineMaterials/Substrate/Glints2/dict_0002_0225.uasset" 5600
"../../../Engine/Content/EngineMaterials/Substrate/Glints2/dict_0002_0226.uasset" 5601
"../../../Engine/Content/EngineMaterials/Substrate/Glints2/dict_0002_0227.uasset" 5602
"../../../Engine/Content/EngineMaterials/Substrate/Glints2/dict_0002_0228.uasset" 5603
"../../../Engine/Content/EngineMaterials/Substrate/Glints2/dict_0002_0229.uasset" 5604
"../../../Engine/Content/EngineMaterials/Substrate/Glints2/dict_0002_0230.uasset" 5605
"../../../Engine/Content/EngineMaterials/Substrate/Glints2/dict_0002_0231.uasset" 5606
"../../../Engine/Content/EngineMaterials/Substrate/Glints2/dict_0002_0232.uasset" 5607
"../../../Engine/Content/EngineMaterials/Substrate/Glints2/dict_0002_0233.uasset" 5608
"../../../Engine/Content/EngineMaterials/Substrate/Glints2/dict_0002_0234.uasset" 5609
"../../../Engine/Content/EngineMaterials/Substrate/Glints2/dict_0002_0235.uasset" 5610
"../../../Engine/Content/EngineMaterials/Substrate/Glints2/dict_0002_0236.uasset" 5611
"../../../Engine/Content/EngineMaterials/Substrate/Glints2/dict_0002_0237.uasset" 5612
"../../../Engine/Content/EngineMaterials/Substrate/Glints2/dict_0002_0238.uasset" 5613
"../../../Engine/Content/EngineMaterials/Substrate/Glints2/dict_0002_0239.uasset" 5614
"../../../Engine/Content/EngineMaterials/Substrate/Glints2/dict_0002_0240.uasset" 5615
"../../../Engine/Content/EngineMaterials/Substrate/Glints2/dict_0002_0241.uasset" 5616
"../../../Engine/Content/EngineMaterials/Substrate/Glints2/dict_0002_0242.uasset" 5617
"../../../Engine/Content/EngineMaterials/Substrate/Glints2/dict_0002_0243.uasset" 5618
"../../../Engine/Content/EngineMaterials/Substrate/Glints2/dict_0002_0244.uasset" 5619
"../../../Engine/Content/EngineMaterials/Substrate/Glints2/dict_0002_0245.uasset" 5620
"../../../Engine/Content/EngineMaterials/Substrate/Glints2/dict_0002_0246.uasset" 5621
"../../../Engine/Content/EngineMaterials/Substrate/Glints2/dict_0002_0247.uasset" 5622
"../../../Engine/Content/EngineMaterials/Substrate/Glints2/dict_0002_0248.uasset" 5623
"../../../Engine/Content/EngineMaterials/Substrate/Glints2/dict_0002_0249.uasset" 5624
"../../../Engine/Content/EngineMaterials/Substrate/Glints2/dict_0002_0250.uasset" 5625
"../../../Engine/Content/EngineMaterials/Substrate/Glints2/dict_0002_0251.uasset" 5626
"../../../Engine/Content/EngineMaterials/Substrate/Glints2/dict_0002_0252.uasset" 5627
"../../../Engine/Content/EngineMaterials/Substrate/Glints2/dict_0002_0253.uasset" 5628
"../../../Engine/Content/EngineMaterials/Substrate/Glints2/dict_0002_0254.uasset" 5629
"../../../Engine/Content/EngineMaterials/Substrate/Glints2/dict_0002_0255.uasset" 5630
"../../../Engine/Content/EngineMaterials/Substrate/Glints2/dict_0003_0000.uasset" 5631
"../../../Engine/Content/EngineMaterials/Substrate/Glints2/dict_0003_0001.uasset" 5632
"../../../Engine/Content/EngineMaterials/Substrate/Glints2/dict_0003_0002.uasset" 5633
"../../../Engine/Content/EngineMaterials/Substrate/Glints2/dict_0003_0003.uasset" 5634
"../../../Engine/Content/EngineMaterials/Substrate/Glints2/dict_0003_0004.uasset" 5635
"../../../Engine/Content/EngineMaterials/Substrate/Glints2/dict_0003_0005.uasset" 5636
"../../../Engine/Content/EngineMaterials/Substrate/Glints2/dict_0003_0006.uasset" 5637
"../../../Engine/Content/EngineMaterials/Substrate/Glints2/dict_0003_0007.uasset" 5638
"../../../Engine/Content/EngineMaterials/Substrate/Glints2/dict_0003_0008.uasset" 5639
"../../../Engine/Content/EngineMaterials/Substrate/Glints2/dict_0003_0009.uasset" 5640
"../../../Engine/Content/EngineMaterials/Substrate/Glints2/dict_0003_0010.uasset" 5641
"../../../Engine/Content/EngineMaterials/Substrate/Glints2/dict_0003_0011.uasset" 5642
"../../../Engine/Content/EngineMaterials/Substrate/Glints2/dict_0003_0012.uasset" 5643
"../../../Engine/Content/EngineMaterials/Substrate/Glints2/dict_0003_0013.uasset" 5644
"../../../Engine/Content/EngineMaterials/Substrate/Glints2/dict_0003_0014.uasset" 5645
"../../../Engine/Content/EngineMaterials/Substrate/Glints2/dict_0003_0015.uasset" 5646
"../../../Engine/Content/EngineMaterials/Substrate/Glints2/dict_0003_0016.uasset" 5647
"../../../Engine/Content/EngineMaterials/Substrate/Glints2/dict_0003_0017.uasset" 5648
"../../../Engine/Content/EngineMaterials/Substrate/Glints2/dict_0003_0018.uasset" 5649
"../../../Engine/Content/EngineMaterials/Substrate/Glints2/dict_0003_0019.uasset" 5650
"../../../Engine/Content/EngineMaterials/Substrate/Glints2/dict_0003_0020.uasset" 5651
"../../../Engine/Content/EngineMaterials/Substrate/Glints2/dict_0003_0021.uasset" 5652
"../../../Engine/Content/EngineMaterials/Substrate/Glints2/dict_0003_0022.uasset" 5653
"../../../Engine/Content/EngineMaterials/Substrate/Glints2/dict_0003_0023.uasset" 5654
"../../../Engine/Content/EngineMaterials/Substrate/Glints2/dict_0003_0024.uasset" 5655
"../../../Engine/Content/EngineMaterials/Substrate/Glints2/dict_0003_0025.uasset" 5656
"../../../Engine/Content/EngineMaterials/Substrate/Glints2/dict_0003_0026.uasset" 5657
"../../../Engine/Content/EngineMaterials/Substrate/Glints2/dict_0003_0027.uasset" 5658
"../../../Engine/Content/EngineMaterials/Substrate/Glints2/dict_0003_0028.uasset" 5659
"../../../Engine/Content/EngineMaterials/Substrate/Glints2/dict_0003_0029.uasset" 5660
"../../../Engine/Content/EngineMaterials/Substrate/Glints2/dict_0003_0030.uasset" 5661
"../../../Engine/Content/EngineMaterials/Substrate/Glints2/dict_0003_0031.uasset" 5662
"../../../Engine/Content/EngineMaterials/Substrate/Glints2/dict_0003_0032.uasset" 5663
"../../../Engine/Content/EngineMaterials/Substrate/Glints2/dict_0003_0033.uasset" 5664
"../../../Engine/Content/EngineMaterials/Substrate/Glints2/dict_0003_0034.uasset" 5665
"../../../Engine/Content/EngineMaterials/Substrate/Glints2/dict_0003_0035.uasset" 5666
"../../../Engine/Content/EngineMaterials/Substrate/Glints2/dict_0003_0036.uasset" 5667
"../../../Engine/Content/EngineMaterials/Substrate/Glints2/dict_0003_0037.uasset" 5668
"../../../Engine/Content/EngineMaterials/Substrate/Glints2/dict_0003_0038.uasset" 5669
"../../../Engine/Content/EngineMaterials/Substrate/Glints2/dict_0003_0039.uasset" 5670
"../../../Engine/Content/EngineMaterials/Substrate/Glints2/dict_0003_0040.uasset" 5671
"../../../Engine/Content/EngineMaterials/Substrate/Glints2/dict_0003_0041.uasset" 5672
"../../../Engine/Content/EngineMaterials/Substrate/Glints2/dict_0003_0042.uasset" 5673
"../../../Engine/Content/EngineMaterials/Substrate/Glints2/dict_0003_0043.uasset" 5674
"../../../Engine/Content/EngineMaterials/Substrate/Glints2/dict_0003_0044.uasset" 5675
"../../../Engine/Content/EngineMaterials/Substrate/Glints2/dict_0003_0045.uasset" 5676
"../../../Engine/Content/EngineMaterials/Substrate/Glints2/dict_0003_0046.uasset" 5677
"../../../Engine/Content/EngineMaterials/Substrate/Glints2/dict_0003_0047.uasset" 5678
"../../../Engine/Content/EngineMaterials/Substrate/Glints2/dict_0003_0048.uasset" 5679
"../../../Engine/Content/EngineMaterials/Substrate/Glints2/dict_0003_0049.uasset" 5680
"../../../Engine/Content/EngineMaterials/Substrate/Glints2/dict_0003_0050.uasset" 5681
"../../../Engine/Content/EngineMaterials/Substrate/Glints2/dict_0003_0051.uasset" 5682
"../../../Engine/Content/EngineMaterials/Substrate/Glints2/dict_0003_0052.uasset" 5683
"../../../Engine/Content/EngineMaterials/Substrate/Glints2/dict_0003_0053.uasset" 5684
"../../../Engine/Content/EngineMaterials/Substrate/Glints2/dict_0003_0054.uasset" 5685
"../../../Engine/Content/EngineMaterials/Substrate/Glints2/dict_0003_0055.uasset" 5686
"../../../Engine/Content/EngineMaterials/Substrate/Glints2/dict_0003_0056.uasset" 5687
"../../../Engine/Content/EngineMaterials/Substrate/Glints2/dict_0003_0057.uasset" 5688
"../../../Engine/Content/EngineMaterials/Substrate/Glints2/dict_0003_0058.uasset" 5689
"../../../Engine/Content/EngineMaterials/Substrate/Glints2/dict_0003_0059.uasset" 5690
"../../../Engine/Content/EngineMaterials/Substrate/Glints2/dict_0003_0060.uasset" 5691
"../../../Engine/Content/EngineMaterials/Substrate/Glints2/dict_0003_0061.uasset" 5692
"../../../Engine/Content/EngineMaterials/Substrate/Glints2/dict_0003_0062.uasset" 5693
"../../../Engine/Content/EngineMaterials/Substrate/Glints2/dict_0003_0063.uasset" 5694
"../../../Engine/Content/EngineMaterials/Substrate/Glints2/dict_0003_0064.uasset" 5695
"../../../Engine/Content/EngineMaterials/Substrate/Glints2/dict_0003_0065.uasset" 5696
"../../../Engine/Content/EngineMaterials/Substrate/Glints2/dict_0003_0066.uasset" 5697
"../../../Engine/Content/EngineMaterials/Substrate/Glints2/dict_0003_0067.uasset" 5698
"../../../Engine/Content/EngineMaterials/Substrate/Glints2/dict_0003_0068.uasset" 5699
"../../../Engine/Content/EngineMaterials/Substrate/Glints2/dict_0003_0069.uasset" 5700
"../../../Engine/Content/EngineMaterials/Substrate/Glints2/dict_0003_0070.uasset" 5701
"../../../Engine/Content/EngineMaterials/Substrate/Glints2/dict_0003_0071.uasset" 5702
"../../../Engine/Content/EngineMaterials/Substrate/Glints2/dict_0003_0072.uasset" 5703
"../../../Engine/Content/EngineMaterials/Substrate/Glints2/dict_0003_0073.uasset" 5704
"../../../Engine/Content/EngineMaterials/Substrate/Glints2/dict_0003_0074.uasset" 5705
"../../../Engine/Content/EngineMaterials/Substrate/Glints2/dict_0003_0075.uasset" 5706
"../../../Engine/Content/EngineMaterials/Substrate/Glints2/dict_0003_0076.uasset" 5707
"../../../Engine/Content/EngineMaterials/Substrate/Glints2/dict_0003_0077.uasset" 5708
"../../../Engine/Content/EngineMaterials/Substrate/Glints2/dict_0003_0078.uasset" 5709
"../../../Engine/Content/EngineMaterials/Substrate/Glints2/dict_0003_0079.uasset" 5710
"../../../Engine/Content/EngineMaterials/Substrate/Glints2/dict_0003_0080.uasset" 5711
"../../../Engine/Content/EngineMaterials/Substrate/Glints2/dict_0003_0081.uasset" 5712
"../../../Engine/Content/EngineMaterials/Substrate/Glints2/dict_0003_0082.uasset" 5713
"../../../Engine/Content/EngineMaterials/Substrate/Glints2/dict_0003_0083.uasset" 5714
"../../../Engine/Content/EngineMaterials/Substrate/Glints2/dict_0003_0084.uasset" 5715
"../../../Engine/Content/EngineMaterials/Substrate/Glints2/dict_0003_0085.uasset" 5716
"../../../Engine/Content/EngineMaterials/Substrate/Glints2/dict_0003_0086.uasset" 5717
"../../../Engine/Content/EngineMaterials/Substrate/Glints2/dict_0003_0087.uasset" 5718
"../../../Engine/Content/EngineMaterials/Substrate/Glints2/dict_0003_0088.uasset" 5719
"../../../Engine/Content/EngineMaterials/Substrate/Glints2/dict_0003_0089.uasset" 5720
"../../../Engine/Content/EngineMaterials/Substrate/Glints2/dict_0003_0090.uasset" 5721
"../../../Engine/Content/EngineMaterials/Substrate/Glints2/dict_0003_0091.uasset" 5722
"../../../Engine/Content/EngineMaterials/Substrate/Glints2/dict_0003_0092.uasset" 5723
"../../../Engine/Content/EngineMaterials/Substrate/Glints2/dict_0003_0093.uasset" 5724
"../../../Engine/Content/EngineMaterials/Substrate/Glints2/dict_0003_0094.uasset" 5725
"../../../Engine/Content/EngineMaterials/Substrate/Glints2/dict_0003_0095.uasset" 5726
"../../../Engine/Content/EngineMaterials/Substrate/Glints2/dict_0003_0096.uasset" 5727
"../../../Engine/Content/EngineMaterials/Substrate/Glints2/dict_0003_0097.uasset" 5728
"../../../Engine/Content/EngineMaterials/Substrate/Glints2/dict_0003_0098.uasset" 5729
"../../../Engine/Content/EngineMaterials/Substrate/Glints2/dict_0003_0099.uasset" 5730
"../../../Engine/Content/EngineMaterials/Substrate/Glints2/dict_0003_0100.uasset" 5731
"../../../Engine/Content/EngineMaterials/Substrate/Glints2/dict_0003_0101.uasset" 5732
"../../../Engine/Content/EngineMaterials/Substrate/Glints2/dict_0003_0102.uasset" 5733
"../../../Engine/Content/EngineMaterials/Substrate/Glints2/dict_0003_0103.uasset" 5734
"../../../Engine/Content/EngineMaterials/Substrate/Glints2/dict_0003_0104.uasset" 5735
"../../../Engine/Content/EngineMaterials/Substrate/Glints2/dict_0003_0105.uasset" 5736
"../../../Engine/Content/EngineMaterials/Substrate/Glints2/dict_0003_0106.uasset" 5737
"../../../Engine/Content/EngineMaterials/Substrate/Glints2/dict_0003_0107.uasset" 5738
"../../../Engine/Content/EngineMaterials/Substrate/Glints2/dict_0003_0108.uasset" 5739
"../../../Engine/Content/EngineMaterials/Substrate/Glints2/dict_0003_0109.uasset" 5740
"../../../Engine/Content/EngineMaterials/Substrate/Glints2/dict_0003_0110.uasset" 5741
"../../../Engine/Content/EngineMaterials/Substrate/Glints2/dict_0003_0111.uasset" 5742
"../../../Engine/Content/EngineMaterials/Substrate/Glints2/dict_0003_0112.uasset" 5743
"../../../Engine/Content/EngineMaterials/Substrate/Glints2/dict_0003_0113.uasset" 5744
"../../../Engine/Content/EngineMaterials/Substrate/Glints2/dict_0003_0114.uasset" 5745
"../../../Engine/Content/EngineMaterials/Substrate/Glints2/dict_0003_0115.uasset" 5746
"../../../Engine/Content/EngineMaterials/Substrate/Glints2/dict_0003_0116.uasset" 5747
"../../../Engine/Content/EngineMaterials/Substrate/Glints2/dict_0003_0117.uasset" 5748
"../../../Engine/Content/EngineMaterials/Substrate/Glints2/dict_0003_0118.uasset" 5749
"../../../Engine/Content/EngineMaterials/Substrate/Glints2/dict_0003_0119.uasset" 5750
"../../../Engine/Content/EngineMaterials/Substrate/Glints2/dict_0003_0120.uasset" 5751
"../../../Engine/Content/EngineMaterials/Substrate/Glints2/dict_0003_0121.uasset" 5752
"../../../Engine/Content/EngineMaterials/Substrate/Glints2/dict_0003_0122.uasset" 5753
"../../../Engine/Content/EngineMaterials/Substrate/Glints2/dict_0003_0123.uasset" 5754
"../../../Engine/Content/EngineMaterials/Substrate/Glints2/dict_0003_0124.uasset" 5755
"../../../Engine/Content/EngineMaterials/Substrate/Glints2/dict_0003_0125.uasset" 5756
"../../../Engine/Content/EngineMaterials/Substrate/Glints2/dict_0003_0126.uasset" 5757
"../../../Engine/Content/EngineMaterials/Substrate/Glints2/dict_0003_0127.uasset" 5758
"../../../Engine/Content/EngineMaterials/Substrate/Glints2/dict_0003_0128.uasset" 5759
"../../../Engine/Content/EngineMaterials/Substrate/Glints2/dict_0003_0129.uasset" 5760
"../../../Engine/Content/EngineMaterials/Substrate/Glints2/dict_0003_0130.uasset" 5761
"../../../Engine/Content/EngineMaterials/Substrate/Glints2/dict_0003_0131.uasset" 5762
"../../../Engine/Content/EngineMaterials/Substrate/Glints2/dict_0003_0132.uasset" 5763
"../../../Engine/Content/EngineMaterials/Substrate/Glints2/dict_0003_0133.uasset" 5764
"../../../Engine/Content/EngineMaterials/Substrate/Glints2/dict_0003_0134.uasset" 5765
"../../../Engine/Content/EngineMaterials/Substrate/Glints2/dict_0003_0135.uasset" 5766
"../../../Engine/Content/EngineMaterials/Substrate/Glints2/dict_0003_0136.uasset" 5767
"../../../Engine/Content/EngineMaterials/Substrate/Glints2/dict_0003_0137.uasset" 5768
"../../../Engine/Content/EngineMaterials/Substrate/Glints2/dict_0003_0138.uasset" 5769
"../../../Engine/Content/EngineMaterials/Substrate/Glints2/dict_0003_0139.uasset" 5770
"../../../Engine/Content/EngineMaterials/Substrate/Glints2/dict_0003_0140.uasset" 5771
"../../../Engine/Content/EngineMaterials/Substrate/Glints2/dict_0003_0141.uasset" 5772
"../../../Engine/Content/EngineMaterials/Substrate/Glints2/dict_0003_0142.uasset" 5773
"../../../Engine/Content/EngineMaterials/Substrate/Glints2/dict_0003_0143.uasset" 5774
"../../../Engine/Content/EngineMaterials/Substrate/Glints2/dict_0003_0144.uasset" 5775
"../../../Engine/Content/EngineMaterials/Substrate/Glints2/dict_0003_0145.uasset" 5776
"../../../Engine/Content/EngineMaterials/Substrate/Glints2/dict_0003_0146.uasset" 5777
"../../../Engine/Content/EngineMaterials/Substrate/Glints2/dict_0003_0147.uasset" 5778
"../../../Engine/Content/EngineMaterials/Substrate/Glints2/dict_0003_0148.uasset" 5779
"../../../Engine/Content/EngineMaterials/Substrate/Glints2/dict_0003_0149.uasset" 5780
"../../../Engine/Content/EngineMaterials/Substrate/Glints2/dict_0003_0150.uasset" 5781
"../../../Engine/Content/EngineMaterials/Substrate/Glints2/dict_0003_0151.uasset" 5782
"../../../Engine/Content/EngineMaterials/Substrate/Glints2/dict_0003_0152.uasset" 5783
"../../../Engine/Content/EngineMaterials/Substrate/Glints2/dict_0003_0153.uasset" 5784
"../../../Engine/Content/EngineMaterials/Substrate/Glints2/dict_0003_0154.uasset" 5785
"../../../Engine/Content/EngineMaterials/Substrate/Glints2/dict_0003_0155.uasset" 5786
"../../../Engine/Content/EngineMaterials/Substrate/Glints2/dict_0003_0156.uasset" 5787
"../../../Engine/Content/EngineMaterials/Substrate/Glints2/dict_0003_0157.uasset" 5788
"../../../Engine/Content/EngineMaterials/Substrate/Glints2/dict_0003_0158.uasset" 5789
"../../../Engine/Content/EngineMaterials/Substrate/Glints2/dict_0003_0159.uasset" 5790
"../../../Engine/Content/EngineMaterials/Substrate/Glints2/dict_0003_0160.uasset" 5791
"../../../Engine/Content/EngineMaterials/Substrate/Glints2/dict_0003_0161.uasset" 5792
"../../../Engine/Content/EngineMaterials/Substrate/Glints2/dict_0003_0162.uasset" 5793
"../../../Engine/Content/EngineMaterials/Substrate/Glints2/dict_0003_0163.uasset" 5794
"../../../Engine/Content/EngineMaterials/Substrate/Glints2/dict_0003_0164.uasset" 5795
"../../../Engine/Content/EngineMaterials/Substrate/Glints2/dict_0003_0165.uasset" 5796
"../../../Engine/Content/EngineMaterials/Substrate/Glints2/dict_0003_0166.uasset" 5797
"../../../Engine/Content/EngineMaterials/Substrate/Glints2/dict_0003_0167.uasset" 5798
"../../../Engine/Content/EngineMaterials/Substrate/Glints2/dict_0003_0168.uasset" 5799
"../../../Engine/Content/EngineMaterials/Substrate/Glints2/dict_0003_0169.uasset" 5800
"../../../Engine/Content/EngineMaterials/Substrate/Glints2/dict_0003_0170.uasset" 5801
"../../../Engine/Content/EngineMaterials/Substrate/Glints2/dict_0003_0171.uasset" 5802
"../../../Engine/Content/EngineMaterials/Substrate/Glints2/dict_0003_0172.uasset" 5803
"../../../Engine/Content/EngineMaterials/Substrate/Glints2/dict_0003_0173.uasset" 5804
"../../../Engine/Content/EngineMaterials/Substrate/Glints2/dict_0003_0174.uasset" 5805
"../../../Engine/Content/EngineMaterials/Substrate/Glints2/dict_0003_0175.uasset" 5806
"../../../Engine/Content/EngineMaterials/Substrate/Glints2/dict_0003_0176.uasset" 5807
"../../../Engine/Content/EngineMaterials/Substrate/Glints2/dict_0003_0177.uasset" 5808
"../../../Engine/Content/EngineMaterials/Substrate/Glints2/dict_0003_0178.uasset" 5809
"../../../Engine/Content/EngineMaterials/Substrate/Glints2/dict_0003_0179.uasset" 5810
"../../../Engine/Content/EngineMaterials/Substrate/Glints2/dict_0003_0180.uasset" 5811
"../../../Engine/Content/EngineMaterials/Substrate/Glints2/dict_0003_0181.uasset" 5812
"../../../Engine/Content/EngineMaterials/Substrate/Glints2/dict_0003_0182.uasset" 5813
"../../../Engine/Content/EngineMaterials/Substrate/Glints2/dict_0003_0183.uasset" 5814
"../../../Engine/Content/EngineMaterials/Substrate/Glints2/dict_0003_0184.uasset" 5815
"../../../Engine/Content/EngineMaterials/Substrate/Glints2/dict_0003_0185.uasset" 5816
"../../../Engine/Content/EngineMaterials/Substrate/Glints2/dict_0003_0186.uasset" 5817
"../../../Engine/Content/EngineMaterials/Substrate/Glints2/dict_0003_0187.uasset" 5818
"../../../Engine/Content/EngineMaterials/Substrate/Glints2/dict_0003_0188.uasset" 5819
"../../../Engine/Content/EngineMaterials/Substrate/Glints2/dict_0003_0189.uasset" 5820
"../../../Engine/Content/EngineMaterials/Substrate/Glints2/dict_0003_0190.uasset" 5821
"../../../Engine/Content/EngineMaterials/Substrate/Glints2/dict_0003_0191.uasset" 5822
"../../../Engine/Content/EngineMaterials/Substrate/Glints2/dict_0003_0192.uasset" 5823
"../../../Engine/Content/EngineMaterials/Substrate/Glints2/dict_0003_0193.uasset" 5824
"../../../Engine/Content/EngineMaterials/Substrate/Glints2/dict_0003_0194.uasset" 5825
"../../../Engine/Content/EngineMaterials/Substrate/Glints2/dict_0003_0195.uasset" 5826
"../../../Engine/Content/EngineMaterials/Substrate/Glints2/dict_0003_0196.uasset" 5827
"../../../Engine/Content/EngineMaterials/Substrate/Glints2/dict_0003_0197.uasset" 5828
"../../../Engine/Content/EngineMaterials/Substrate/Glints2/dict_0003_0198.uasset" 5829
"../../../Engine/Content/EngineMaterials/Substrate/Glints2/dict_0003_0199.uasset" 5830
"../../../Engine/Content/EngineMaterials/Substrate/Glints2/dict_0003_0200.uasset" 5831
"../../../Engine/Content/EngineMaterials/Substrate/Glints2/dict_0003_0201.uasset" 5832
"../../../Engine/Content/EngineMaterials/Substrate/Glints2/dict_0003_0202.uasset" 5833
"../../../Engine/Content/EngineMaterials/Substrate/Glints2/dict_0003_0203.uasset" 5834
"../../../Engine/Content/EngineMaterials/Substrate/Glints2/dict_0003_0204.uasset" 5835
"../../../Engine/Content/EngineMaterials/Substrate/Glints2/dict_0003_0205.uasset" 5836
"../../../Engine/Content/EngineMaterials/Substrate/Glints2/dict_0003_0206.uasset" 5837
"../../../Engine/Content/EngineMaterials/Substrate/Glints2/dict_0003_0207.uasset" 5838
"../../../Engine/Content/EngineMaterials/Substrate/Glints2/dict_0003_0208.uasset" 5839
"../../../Engine/Content/EngineMaterials/Substrate/Glints2/dict_0003_0209.uasset" 5840
"../../../Engine/Content/EngineMaterials/Substrate/Glints2/dict_0003_0210.uasset" 5841
"../../../Engine/Content/EngineMaterials/Substrate/Glints2/dict_0003_0211.uasset" 5842
"../../../Engine/Content/EngineMaterials/Substrate/Glints2/dict_0003_0212.uasset" 5843
"../../../Engine/Content/EngineMaterials/Substrate/Glints2/dict_0003_0213.uasset" 5844
"../../../Engine/Content/EngineMaterials/Substrate/Glints2/dict_0003_0214.uasset" 5845
"../../../Engine/Content/EngineMaterials/Substrate/Glints2/dict_0003_0215.uasset" 5846
"../../../Engine/Content/EngineMaterials/Substrate/Glints2/dict_0003_0216.uasset" 5847
"../../../Engine/Content/EngineMaterials/Substrate/Glints2/dict_0003_0217.uasset" 5848
"../../../Engine/Content/EngineMaterials/Substrate/Glints2/dict_0003_0218.uasset" 5849
"../../../Engine/Content/EngineMaterials/Substrate/Glints2/dict_0003_0219.uasset" 5850
"../../../Engine/Content/EngineMaterials/Substrate/Glints2/dict_0003_0220.uasset" 5851
"../../../Engine/Content/EngineMaterials/Substrate/Glints2/dict_0003_0221.uasset" 5852
"../../../Engine/Content/EngineMaterials/Substrate/Glints2/dict_0003_0222.uasset" 5853
"../../../Engine/Content/EngineMaterials/Substrate/Glints2/dict_0003_0223.uasset" 5854
"../../../Engine/Content/EngineMaterials/Substrate/Glints2/dict_0003_0224.uasset" 5855
"../../../Engine/Content/EngineMaterials/Substrate/Glints2/dict_0003_0225.uasset" 5856
"../../../Engine/Content/EngineMaterials/Substrate/Glints2/dict_0003_0226.uasset" 5857
"../../../Engine/Content/EngineMaterials/Substrate/Glints2/dict_0003_0227.uasset" 5858
"../../../Engine/Content/EngineMaterials/Substrate/Glints2/dict_0003_0228.uasset" 5859
"../../../Engine/Content/EngineMaterials/Substrate/Glints2/dict_0003_0229.uasset" 5860
"../../../Engine/Content/EngineMaterials/Substrate/Glints2/dict_0003_0230.uasset" 5861
"../../../Engine/Content/EngineMaterials/Substrate/Glints2/dict_0003_0231.uasset" 5862
"../../../Engine/Content/EngineMaterials/Substrate/Glints2/dict_0003_0232.uasset" 5863
"../../../Engine/Content/EngineMaterials/Substrate/Glints2/dict_0003_0233.uasset" 5864
"../../../Engine/Content/EngineMaterials/Substrate/Glints2/dict_0003_0234.uasset" 5865
"../../../Engine/Content/EngineMaterials/Substrate/Glints2/dict_0003_0235.uasset" 5866
"../../../Engine/Content/EngineMaterials/Substrate/Glints2/dict_0003_0236.uasset" 5867
"../../../Engine/Content/EngineMaterials/Substrate/Glints2/dict_0003_0237.uasset" 5868
"../../../Engine/Content/EngineMaterials/Substrate/Glints2/dict_0003_0238.uasset" 5869
"../../../Engine/Content/EngineMaterials/Substrate/Glints2/dict_0003_0239.uasset" 5870
"../../../Engine/Content/EngineMaterials/Substrate/Glints2/dict_0003_0240.uasset" 5871
"../../../Engine/Content/EngineMaterials/Substrate/Glints2/dict_0003_0241.uasset" 5872
"../../../Engine/Content/EngineMaterials/Substrate/Glints2/dict_0003_0242.uasset" 5873
"../../../Engine/Content/EngineMaterials/Substrate/Glints2/dict_0003_0243.uasset" 5874
"../../../Engine/Content/EngineMaterials/Substrate/Glints2/dict_0003_0244.uasset" 5875
"../../../Engine/Content/EngineMaterials/Substrate/Glints2/dict_0003_0245.uasset" 5876
"../../../Engine/Content/EngineMaterials/Substrate/Glints2/dict_0003_0246.uasset" 5877
"../../../Engine/Content/EngineMaterials/Substrate/Glints2/dict_0003_0247.uasset" 5878
"../../../Engine/Content/EngineMaterials/Substrate/Glints2/dict_0003_0248.uasset" 5879
"../../../Engine/Content/EngineMaterials/Substrate/Glints2/dict_0003_0249.uasset" 5880
"../../../Engine/Content/EngineMaterials/Substrate/Glints2/dict_0003_0250.uasset" 5881
"../../../Engine/Content/EngineMaterials/Substrate/Glints2/dict_0003_0251.uasset" 5882
"../../../Engine/Content/EngineMaterials/Substrate/Glints2/dict_0003_0252.uasset" 5883
"../../../Engine/Content/EngineMaterials/Substrate/Glints2/dict_0003_0253.uasset" 5884
"../../../Engine/Content/EngineMaterials/Substrate/Glints2/dict_0003_0254.uasset" 5885
"../../../Engine/Content/EngineMaterials/Substrate/Glints2/dict_0003_0255.uasset" 5886
"../../../Engine/Content/EngineMaterials/Substrate/Glints2/dict_0004_0000.uasset" 5887
"../../../Engine/Content/EngineMaterials/Substrate/Glints2/dict_0004_0001.uasset" 5888
"../../../Engine/Content/EngineMaterials/Substrate/Glints2/dict_0004_0002.uasset" 5889
"../../../Engine/Content/EngineMaterials/Substrate/Glints2/dict_0004_0003.uasset" 5890
"../../../Engine/Content/EngineMaterials/Substrate/Glints2/dict_0004_0004.uasset" 5891
"../../../Engine/Content/EngineMaterials/Substrate/Glints2/dict_0004_0005.uasset" 5892
"../../../Engine/Content/EngineMaterials/Substrate/Glints2/dict_0004_0006.uasset" 5893
"../../../Engine/Content/EngineMaterials/Substrate/Glints2/dict_0004_0007.uasset" 5894
"../../../Engine/Content/EngineMaterials/Substrate/Glints2/dict_0004_0008.uasset" 5895
"../../../Engine/Content/EngineMaterials/Substrate/Glints2/dict_0004_0009.uasset" 5896
"../../../Engine/Content/EngineMaterials/Substrate/Glints2/dict_0004_0010.uasset" 5897
"../../../Engine/Content/EngineMaterials/Substrate/Glints2/dict_0004_0011.uasset" 5898
"../../../Engine/Content/EngineMaterials/Substrate/Glints2/dict_0004_0012.uasset" 5899
"../../../Engine/Content/EngineMaterials/Substrate/Glints2/dict_0004_0013.uasset" 5900
"../../../Engine/Content/EngineMaterials/Substrate/Glints2/dict_0004_0014.uasset" 5901
"../../../Engine/Content/EngineMaterials/Substrate/Glints2/dict_0004_0015.uasset" 5902
"../../../Engine/Content/EngineMaterials/Substrate/Glints2/dict_0004_0016.uasset" 5903
"../../../Engine/Content/EngineMaterials/Substrate/Glints2/dict_0004_0017.uasset" 5904
"../../../Engine/Content/EngineMaterials/Substrate/Glints2/dict_0004_0018.uasset" 5905
"../../../Engine/Content/EngineMaterials/Substrate/Glints2/dict_0004_0019.uasset" 5906
"../../../Engine/Content/EngineMaterials/Substrate/Glints2/dict_0004_0020.uasset" 5907
"../../../Engine/Content/EngineMaterials/Substrate/Glints2/dict_0004_0021.uasset" 5908
"../../../Engine/Content/EngineMaterials/Substrate/Glints2/dict_0004_0022.uasset" 5909
"../../../Engine/Content/EngineMaterials/Substrate/Glints2/dict_0004_0023.uasset" 5910
"../../../Engine/Content/EngineMaterials/Substrate/Glints2/dict_0004_0024.uasset" 5911
"../../../Engine/Content/EngineMaterials/Substrate/Glints2/dict_0004_0025.uasset" 5912
"../../../Engine/Content/EngineMaterials/Substrate/Glints2/dict_0004_0026.uasset" 5913
"../../../Engine/Content/EngineMaterials/Substrate/Glints2/dict_0004_0027.uasset" 5914
"../../../Engine/Content/EngineMaterials/Substrate/Glints2/dict_0004_0028.uasset" 5915
"../../../Engine/Content/EngineMaterials/Substrate/Glints2/dict_0004_0029.uasset" 5916
"../../../Engine/Content/EngineMaterials/Substrate/Glints2/dict_0004_0030.uasset" 5917
"../../../Engine/Content/EngineMaterials/Substrate/Glints2/dict_0004_0031.uasset" 5918
"../../../Engine/Content/EngineMaterials/Substrate/Glints2/dict_0004_0032.uasset" 5919
"../../../Engine/Content/EngineMaterials/Substrate/Glints2/dict_0004_0033.uasset" 5920
"../../../Engine/Content/EngineMaterials/Substrate/Glints2/dict_0004_0034.uasset" 5921
"../../../Engine/Content/EngineMaterials/Substrate/Glints2/dict_0004_0035.uasset" 5922
"../../../Engine/Content/EngineMaterials/Substrate/Glints2/dict_0004_0036.uasset" 5923
"../../../Engine/Content/EngineMaterials/Substrate/Glints2/dict_0004_0037.uasset" 5924
"../../../Engine/Content/EngineMaterials/Substrate/Glints2/dict_0004_0038.uasset" 5925
"../../../Engine/Content/EngineMaterials/Substrate/Glints2/dict_0004_0039.uasset" 5926
"../../../Engine/Content/EngineMaterials/Substrate/Glints2/dict_0004_0040.uasset" 5927
"../../../Engine/Content/EngineMaterials/Substrate/Glints2/dict_0004_0041.uasset" 5928
"../../../Engine/Content/EngineMaterials/Substrate/Glints2/dict_0004_0042.uasset" 5929
"../../../Engine/Content/EngineMaterials/Substrate/Glints2/dict_0004_0043.uasset" 5930
"../../../Engine/Content/EngineMaterials/Substrate/Glints2/dict_0004_0044.uasset" 5931
"../../../Engine/Content/EngineMaterials/Substrate/Glints2/dict_0004_0045.uasset" 5932
"../../../Engine/Content/EngineMaterials/Substrate/Glints2/dict_0004_0046.uasset" 5933
"../../../Engine/Content/EngineMaterials/Substrate/Glints2/dict_0004_0047.uasset" 5934
"../../../Engine/Content/EngineMaterials/Substrate/Glints2/dict_0004_0048.uasset" 5935
"../../../Engine/Content/EngineMaterials/Substrate/Glints2/dict_0004_0049.uasset" 5936
"../../../Engine/Content/EngineMaterials/Substrate/Glints2/dict_0004_0050.uasset" 5937
"../../../Engine/Content/EngineMaterials/Substrate/Glints2/dict_0004_0051.uasset" 5938
"../../../Engine/Content/EngineMaterials/Substrate/Glints2/dict_0004_0052.uasset" 5939
"../../../Engine/Content/EngineMaterials/Substrate/Glints2/dict_0004_0053.uasset" 5940
"../../../Engine/Content/EngineMaterials/Substrate/Glints2/dict_0004_0054.uasset" 5941
"../../../Engine/Content/EngineMaterials/Substrate/Glints2/dict_0004_0055.uasset" 5942
"../../../Engine/Content/EngineMaterials/Substrate/Glints2/dict_0004_0056.uasset" 5943
"../../../Engine/Content/EngineMaterials/Substrate/Glints2/dict_0004_0057.uasset" 5944
"../../../Engine/Content/EngineMaterials/Substrate/Glints2/dict_0004_0058.uasset" 5945
"../../../Engine/Content/EngineMaterials/Substrate/Glints2/dict_0004_0059.uasset" 5946
"../../../Engine/Content/EngineMaterials/Substrate/Glints2/dict_0004_0060.uasset" 5947
"../../../Engine/Content/EngineMaterials/Substrate/Glints2/dict_0004_0061.uasset" 5948
"../../../Engine/Content/EngineMaterials/Substrate/Glints2/dict_0004_0062.uasset" 5949
"../../../Engine/Content/EngineMaterials/Substrate/Glints2/dict_0004_0063.uasset" 5950
"../../../Engine/Content/EngineMaterials/Substrate/Glints2/dict_0004_0064.uasset" 5951
"../../../Engine/Content/EngineMaterials/Substrate/Glints2/dict_0004_0065.uasset" 5952
"../../../Engine/Content/EngineMaterials/Substrate/Glints2/dict_0004_0066.uasset" 5953
"../../../Engine/Content/EngineMaterials/Substrate/Glints2/dict_0004_0067.uasset" 5954
"../../../Engine/Content/EngineMaterials/Substrate/Glints2/dict_0004_0068.uasset" 5955
"../../../Engine/Content/EngineMaterials/Substrate/Glints2/dict_0004_0069.uasset" 5956
"../../../Engine/Content/EngineMaterials/Substrate/Glints2/dict_0004_0070.uasset" 5957
"../../../Engine/Content/EngineMaterials/Substrate/Glints2/dict_0004_0071.uasset" 5958
"../../../Engine/Content/EngineMaterials/Substrate/Glints2/dict_0004_0072.uasset" 5959
"../../../Engine/Content/EngineMaterials/Substrate/Glints2/dict_0004_0073.uasset" 5960
"../../../Engine/Content/EngineMaterials/Substrate/Glints2/dict_0004_0074.uasset" 5961
"../../../Engine/Content/EngineMaterials/Substrate/Glints2/dict_0004_0075.uasset" 5962
"../../../Engine/Content/EngineMaterials/Substrate/Glints2/dict_0004_0076.uasset" 5963
"../../../Engine/Content/EngineMaterials/Substrate/Glints2/dict_0004_0077.uasset" 5964
"../../../Engine/Content/EngineMaterials/Substrate/Glints2/dict_0004_0078.uasset" 5965
"../../../Engine/Content/EngineMaterials/Substrate/Glints2/dict_0004_0079.uasset" 5966
"../../../Engine/Content/EngineMaterials/Substrate/Glints2/dict_0004_0080.uasset" 5967
"../../../Engine/Content/EngineMaterials/Substrate/Glints2/dict_0004_0081.uasset" 5968
"../../../Engine/Content/EngineMaterials/Substrate/Glints2/dict_0004_0082.uasset" 5969
"../../../Engine/Content/EngineMaterials/Substrate/Glints2/dict_0004_0083.uasset" 5970
"../../../Engine/Content/EngineMaterials/Substrate/Glints2/dict_0004_0084.uasset" 5971
"../../../Engine/Content/EngineMaterials/Substrate/Glints2/dict_0004_0085.uasset" 5972
"../../../Engine/Content/EngineMaterials/Substrate/Glints2/dict_0004_0086.uasset" 5973
"../../../Engine/Content/EngineMaterials/Substrate/Glints2/dict_0004_0087.uasset" 5974
"../../../Engine/Content/EngineMaterials/Substrate/Glints2/dict_0004_0088.uasset" 5975
"../../../Engine/Content/EngineMaterials/Substrate/Glints2/dict_0004_0089.uasset" 5976
"../../../Engine/Content/EngineMaterials/Substrate/Glints2/dict_0004_0090.uasset" 5977
"../../../Engine/Content/EngineMaterials/Substrate/Glints2/dict_0004_0091.uasset" 5978
"../../../Engine/Content/EngineMaterials/Substrate/Glints2/dict_0004_0092.uasset" 5979
"../../../Engine/Content/EngineMaterials/Substrate/Glints2/dict_0004_0093.uasset" 5980
"../../../Engine/Content/EngineMaterials/Substrate/Glints2/dict_0004_0094.uasset" 5981
"../../../Engine/Content/EngineMaterials/Substrate/Glints2/dict_0004_0095.uasset" 5982
"../../../Engine/Content/EngineMaterials/Substrate/Glints2/dict_0004_0096.uasset" 5983
"../../../Engine/Content/EngineMaterials/Substrate/Glints2/dict_0004_0097.uasset" 5984
"../../../Engine/Content/EngineMaterials/Substrate/Glints2/dict_0004_0098.uasset" 5985
"../../../Engine/Content/EngineMaterials/Substrate/Glints2/dict_0004_0099.uasset" 5986
"../../../Engine/Content/EngineMaterials/Substrate/Glints2/dict_0004_0100.uasset" 5987
"../../../Engine/Content/EngineMaterials/Substrate/Glints2/dict_0004_0101.uasset" 5988
"../../../Engine/Content/EngineMaterials/Substrate/Glints2/dict_0004_0102.uasset" 5989
"../../../Engine/Content/EngineMaterials/Substrate/Glints2/dict_0004_0103.uasset" 5990
"../../../Engine/Content/EngineMaterials/Substrate/Glints2/dict_0004_0104.uasset" 5991
"../../../Engine/Content/EngineMaterials/Substrate/Glints2/dict_0004_0105.uasset" 5992
"../../../Engine/Content/EngineMaterials/Substrate/Glints2/dict_0004_0106.uasset" 5993
"../../../Engine/Content/EngineMaterials/Substrate/Glints2/dict_0004_0107.uasset" 5994
"../../../Engine/Content/EngineMaterials/Substrate/Glints2/dict_0004_0108.uasset" 5995
"../../../Engine/Content/EngineMaterials/Substrate/Glints2/dict_0004_0109.uasset" 5996
"../../../Engine/Content/EngineMaterials/Substrate/Glints2/dict_0004_0110.uasset" 5997
"../../../Engine/Content/EngineMaterials/Substrate/Glints2/dict_0004_0111.uasset" 5998
"../../../Engine/Content/EngineMaterials/Substrate/Glints2/dict_0004_0112.uasset" 5999
"../../../Engine/Content/EngineMaterials/Substrate/Glints2/dict_0004_0113.uasset" 6000
"../../../Engine/Content/EngineMaterials/Substrate/Glints2/dict_0004_0114.uasset" 6001
"../../../Engine/Content/EngineMaterials/Substrate/Glints2/dict_0004_0115.uasset" 6002
"../../../Engine/Content/EngineMaterials/Substrate/Glints2/dict_0004_0116.uasset" 6003
"../../../Engine/Content/EngineMaterials/Substrate/Glints2/dict_0004_0117.uasset" 6004
"../../../Engine/Content/EngineMaterials/Substrate/Glints2/dict_0004_0118.uasset" 6005
"../../../Engine/Content/EngineMaterials/Substrate/Glints2/dict_0004_0119.uasset" 6006
"../../../Engine/Content/EngineMaterials/Substrate/Glints2/dict_0004_0120.uasset" 6007
"../../../Engine/Content/EngineMaterials/Substrate/Glints2/dict_0004_0121.uasset" 6008
"../../../Engine/Content/EngineMaterials/Substrate/Glints2/dict_0004_0122.uasset" 6009
"../../../Engine/Content/EngineMaterials/Substrate/Glints2/dict_0004_0123.uasset" 6010
"../../../Engine/Content/EngineMaterials/Substrate/Glints2/dict_0004_0124.uasset" 6011
"../../../Engine/Content/EngineMaterials/Substrate/Glints2/dict_0004_0125.uasset" 6012
"../../../Engine/Content/EngineMaterials/Substrate/Glints2/dict_0004_0126.uasset" 6013
"../../../Engine/Content/EngineMaterials/Substrate/Glints2/dict_0004_0127.uasset" 6014
"../../../Engine/Content/EngineMaterials/Substrate/Glints2/dict_0004_0128.uasset" 6015
"../../../Engine/Content/EngineMaterials/Substrate/Glints2/dict_0004_0129.uasset" 6016
"../../../Engine/Content/EngineMaterials/Substrate/Glints2/dict_0004_0130.uasset" 6017
"../../../Engine/Content/EngineMaterials/Substrate/Glints2/dict_0004_0131.uasset" 6018
"../../../Engine/Content/EngineMaterials/Substrate/Glints2/dict_0004_0132.uasset" 6019
"../../../Engine/Content/EngineMaterials/Substrate/Glints2/dict_0004_0133.uasset" 6020
"../../../Engine/Content/EngineMaterials/Substrate/Glints2/dict_0004_0134.uasset" 6021
"../../../Engine/Content/EngineMaterials/Substrate/Glints2/dict_0004_0135.uasset" 6022
"../../../Engine/Content/EngineMaterials/Substrate/Glints2/dict_0004_0136.uasset" 6023
"../../../Engine/Content/EngineMaterials/Substrate/Glints2/dict_0004_0137.uasset" 6024
"../../../Engine/Content/EngineMaterials/Substrate/Glints2/dict_0004_0138.uasset" 6025
"../../../Engine/Content/EngineMaterials/Substrate/Glints2/dict_0004_0139.uasset" 6026
"../../../Engine/Content/EngineMaterials/Substrate/Glints2/dict_0004_0140.uasset" 6027
"../../../Engine/Content/EngineMaterials/Substrate/Glints2/dict_0004_0141.uasset" 6028
"../../../Engine/Content/EngineMaterials/Substrate/Glints2/dict_0004_0142.uasset" 6029
"../../../Engine/Content/EngineMaterials/Substrate/Glints2/dict_0004_0143.uasset" 6030
"../../../Engine/Content/EngineMaterials/Substrate/Glints2/dict_0004_0144.uasset" 6031
"../../../Engine/Content/EngineMaterials/Substrate/Glints2/dict_0004_0145.uasset" 6032
"../../../Engine/Content/EngineMaterials/Substrate/Glints2/dict_0004_0146.uasset" 6033
"../../../Engine/Content/EngineMaterials/Substrate/Glints2/dict_0004_0147.uasset" 6034
"../../../Engine/Content/EngineMaterials/Substrate/Glints2/dict_0004_0148.uasset" 6035
"../../../Engine/Content/EngineMaterials/Substrate/Glints2/dict_0004_0149.uasset" 6036
"../../../Engine/Content/EngineMaterials/Substrate/Glints2/dict_0004_0150.uasset" 6037
"../../../Engine/Content/EngineMaterials/Substrate/Glints2/dict_0004_0151.uasset" 6038
"../../../Engine/Content/EngineMaterials/Substrate/Glints2/dict_0004_0152.uasset" 6039
"../../../Engine/Content/EngineMaterials/Substrate/Glints2/dict_0004_0153.uasset" 6040
"../../../Engine/Content/EngineMaterials/Substrate/Glints2/dict_0004_0154.uasset" 6041
"../../../Engine/Content/EngineMaterials/Substrate/Glints2/dict_0004_0155.uasset" 6042
"../../../Engine/Content/EngineMaterials/Substrate/Glints2/dict_0004_0156.uasset" 6043
"../../../Engine/Content/EngineMaterials/Substrate/Glints2/dict_0004_0157.uasset" 6044
"../../../Engine/Content/EngineMaterials/Substrate/Glints2/dict_0004_0158.uasset" 6045
"../../../Engine/Content/EngineMaterials/Substrate/Glints2/dict_0004_0159.uasset" 6046
"../../../Engine/Content/EngineMaterials/Substrate/Glints2/dict_0004_0160.uasset" 6047
"../../../Engine/Content/EngineMaterials/Substrate/Glints2/dict_0004_0161.uasset" 6048
"../../../Engine/Content/EngineMaterials/Substrate/Glints2/dict_0004_0162.uasset" 6049
"../../../Engine/Content/EngineMaterials/Substrate/Glints2/dict_0004_0163.uasset" 6050
"../../../Engine/Content/EngineMaterials/Substrate/Glints2/dict_0004_0164.uasset" 6051
"../../../Engine/Content/EngineMaterials/Substrate/Glints2/dict_0004_0165.uasset" 6052
"../../../Engine/Content/EngineMaterials/Substrate/Glints2/dict_0004_0166.uasset" 6053
"../../../Engine/Content/EngineMaterials/Substrate/Glints2/dict_0004_0167.uasset" 6054
"../../../Engine/Content/EngineMaterials/Substrate/Glints2/dict_0004_0168.uasset" 6055
"../../../Engine/Content/EngineMaterials/Substrate/Glints2/dict_0004_0169.uasset" 6056
"../../../Engine/Content/EngineMaterials/Substrate/Glints2/dict_0004_0170.uasset" 6057
"../../../Engine/Content/EngineMaterials/Substrate/Glints2/dict_0004_0171.uasset" 6058
"../../../Engine/Content/EngineMaterials/Substrate/Glints2/dict_0004_0172.uasset" 6059
"../../../Engine/Content/EngineMaterials/Substrate/Glints2/dict_0004_0173.uasset" 6060
"../../../Engine/Content/EngineMaterials/Substrate/Glints2/dict_0004_0174.uasset" 6061
"../../../Engine/Content/EngineMaterials/Substrate/Glints2/dict_0004_0175.uasset" 6062
"../../../Engine/Content/EngineMaterials/Substrate/Glints2/dict_0004_0176.uasset" 6063
"../../../Engine/Content/EngineMaterials/Substrate/Glints2/dict_0004_0177.uasset" 6064
"../../../Engine/Content/EngineMaterials/Substrate/Glints2/dict_0004_0178.uasset" 6065
"../../../Engine/Content/EngineMaterials/Substrate/Glints2/dict_0004_0179.uasset" 6066
"../../../Engine/Content/EngineMaterials/Substrate/Glints2/dict_0004_0180.uasset" 6067
"../../../Engine/Content/EngineMaterials/Substrate/Glints2/dict_0004_0181.uasset" 6068
"../../../Engine/Content/EngineMaterials/Substrate/Glints2/dict_0004_0182.uasset" 6069
"../../../Engine/Content/EngineMaterials/Substrate/Glints2/dict_0004_0183.uasset" 6070
"../../../Engine/Content/EngineMaterials/Substrate/Glints2/dict_0004_0184.uasset" 6071
"../../../Engine/Content/EngineMaterials/Substrate/Glints2/dict_0004_0185.uasset" 6072
"../../../Engine/Content/EngineMaterials/Substrate/Glints2/dict_0004_0186.uasset" 6073
"../../../Engine/Content/EngineMaterials/Substrate/Glints2/dict_0004_0187.uasset" 6074
"../../../Engine/Content/EngineMaterials/Substrate/Glints2/dict_0004_0188.uasset" 6075
"../../../Engine/Content/EngineMaterials/Substrate/Glints2/dict_0004_0189.uasset" 6076
"../../../Engine/Content/EngineMaterials/Substrate/Glints2/dict_0004_0190.uasset" 6077
"../../../Engine/Content/EngineMaterials/Substrate/Glints2/dict_0004_0191.uasset" 6078
"../../../Engine/Content/EngineMaterials/Substrate/Glints2/dict_0004_0192.uasset" 6079
"../../../Engine/Content/EngineMaterials/Substrate/Glints2/dict_0004_0193.uasset" 6080
"../../../Engine/Content/EngineMaterials/Substrate/Glints2/dict_0004_0194.uasset" 6081
"../../../Engine/Content/EngineMaterials/Substrate/Glints2/dict_0004_0195.uasset" 6082
"../../../Engine/Content/EngineMaterials/Substrate/Glints2/dict_0004_0196.uasset" 6083
"../../../Engine/Content/EngineMaterials/Substrate/Glints2/dict_0004_0197.uasset" 6084
"../../../Engine/Content/EngineMaterials/Substrate/Glints2/dict_0004_0198.uasset" 6085
"../../../Engine/Content/EngineMaterials/Substrate/Glints2/dict_0004_0199.uasset" 6086
"../../../Engine/Content/EngineMaterials/Substrate/Glints2/dict_0004_0200.uasset" 6087
"../../../Engine/Content/EngineMaterials/Substrate/Glints2/dict_0004_0201.uasset" 6088
"../../../Engine/Content/EngineMaterials/Substrate/Glints2/dict_0004_0202.uasset" 6089
"../../../Engine/Content/EngineMaterials/Substrate/Glints2/dict_0004_0203.uasset" 6090
"../../../Engine/Content/EngineMaterials/Substrate/Glints2/dict_0004_0204.uasset" 6091
"../../../Engine/Content/EngineMaterials/Substrate/Glints2/dict_0004_0205.uasset" 6092
"../../../Engine/Content/EngineMaterials/Substrate/Glints2/dict_0004_0206.uasset" 6093
"../../../Engine/Content/EngineMaterials/Substrate/Glints2/dict_0004_0207.uasset" 6094
"../../../Engine/Content/EngineMaterials/Substrate/Glints2/dict_0004_0208.uasset" 6095
"../../../Engine/Content/EngineMaterials/Substrate/Glints2/dict_0004_0209.uasset" 6096
"../../../Engine/Content/EngineMaterials/Substrate/Glints2/dict_0004_0210.uasset" 6097
"../../../Engine/Content/EngineMaterials/Substrate/Glints2/dict_0004_0211.uasset" 6098
"../../../Engine/Content/EngineMaterials/Substrate/Glints2/dict_0004_0212.uasset" 6099
"../../../Engine/Content/EngineMaterials/Substrate/Glints2/dict_0004_0213.uasset" 6100
"../../../Engine/Content/EngineMaterials/Substrate/Glints2/dict_0004_0214.uasset" 6101
"../../../Engine/Content/EngineMaterials/Substrate/Glints2/dict_0004_0215.uasset" 6102
"../../../Engine/Content/EngineMaterials/Substrate/Glints2/dict_0004_0216.uasset" 6103
"../../../Engine/Content/EngineMaterials/Substrate/Glints2/dict_0004_0217.uasset" 6104
"../../../Engine/Content/EngineMaterials/Substrate/Glints2/dict_0004_0218.uasset" 6105
"../../../Engine/Content/EngineMaterials/Substrate/Glints2/dict_0004_0219.uasset" 6106
"../../../Engine/Content/EngineMaterials/Substrate/Glints2/dict_0004_0220.uasset" 6107
"../../../Engine/Content/EngineMaterials/Substrate/Glints2/dict_0004_0221.uasset" 6108
"../../../Engine/Content/EngineMaterials/Substrate/Glints2/dict_0004_0222.uasset" 6109
"../../../Engine/Content/EngineMaterials/Substrate/Glints2/dict_0004_0223.uasset" 6110
"../../../Engine/Content/EngineMaterials/Substrate/Glints2/dict_0004_0224.uasset" 6111
"../../../Engine/Content/EngineMaterials/Substrate/Glints2/dict_0004_0225.uasset" 6112
"../../../Engine/Content/EngineMaterials/Substrate/Glints2/dict_0004_0226.uasset" 6113
"../../../Engine/Content/EngineMaterials/Substrate/Glints2/dict_0004_0227.uasset" 6114
"../../../Engine/Content/EngineMaterials/Substrate/Glints2/dict_0004_0228.uasset" 6115
"../../../Engine/Content/EngineMaterials/Substrate/Glints2/dict_0004_0229.uasset" 6116
"../../../Engine/Content/EngineMaterials/Substrate/Glints2/dict_0004_0230.uasset" 6117
"../../../Engine/Content/EngineMaterials/Substrate/Glints2/dict_0004_0231.uasset" 6118
"../../../Engine/Content/EngineMaterials/Substrate/Glints2/dict_0004_0232.uasset" 6119
"../../../Engine/Content/EngineMaterials/Substrate/Glints2/dict_0004_0233.uasset" 6120
"../../../Engine/Content/EngineMaterials/Substrate/Glints2/dict_0004_0234.uasset" 6121
"../../../Engine/Content/EngineMaterials/Substrate/Glints2/dict_0004_0235.uasset" 6122
"../../../Engine/Content/EngineMaterials/Substrate/Glints2/dict_0004_0236.uasset" 6123
"../../../Engine/Content/EngineMaterials/Substrate/Glints2/dict_0004_0237.uasset" 6124
"../../../Engine/Content/EngineMaterials/Substrate/Glints2/dict_0004_0238.uasset" 6125
"../../../Engine/Content/EngineMaterials/Substrate/Glints2/dict_0004_0239.uasset" 6126
"../../../Engine/Content/EngineMaterials/Substrate/Glints2/dict_0004_0240.uasset" 6127
"../../../Engine/Content/EngineMaterials/Substrate/Glints2/dict_0004_0241.uasset" 6128
"../../../Engine/Content/EngineMaterials/Substrate/Glints2/dict_0004_0242.uasset" 6129
"../../../Engine/Content/EngineMaterials/Substrate/Glints2/dict_0004_0243.uasset" 6130
"../../../Engine/Content/EngineMaterials/Substrate/Glints2/dict_0004_0244.uasset" 6131
"../../../Engine/Content/EngineMaterials/Substrate/Glints2/dict_0004_0245.uasset" 6132
"../../../Engine/Content/EngineMaterials/Substrate/Glints2/dict_0004_0246.uasset" 6133
"../../../Engine/Content/EngineMaterials/Substrate/Glints2/dict_0004_0247.uasset" 6134
"../../../Engine/Content/EngineMaterials/Substrate/Glints2/dict_0004_0248.uasset" 6135
"../../../Engine/Content/EngineMaterials/Substrate/Glints2/dict_0004_0249.uasset" 6136
"../../../Engine/Content/EngineMaterials/Substrate/Glints2/dict_0004_0250.uasset" 6137
"../../../Engine/Content/EngineMaterials/Substrate/Glints2/dict_0004_0251.uasset" 6138
"../../../Engine/Content/EngineMaterials/Substrate/Glints2/dict_0004_0252.uasset" 6139
"../../../Engine/Content/EngineMaterials/Substrate/Glints2/dict_0004_0253.uasset" 6140
"../../../Engine/Content/EngineMaterials/Substrate/Glints2/dict_0004_0254.uasset" 6141
"../../../Engine/Content/EngineMaterials/Substrate/Glints2/dict_0004_0255.uasset" 6142
"../../../Engine/Content/EngineMaterials/Substrate/Glints2/dict_0005_0000.uasset" 6143
"../../../Engine/Content/EngineMaterials/Substrate/Glints2/dict_0005_0001.uasset" 6144
"../../../Engine/Content/EngineMaterials/Substrate/Glints2/dict_0005_0002.uasset" 6145
"../../../Engine/Content/EngineMaterials/Substrate/Glints2/dict_0005_0003.uasset" 6146
"../../../Engine/Content/EngineMaterials/Substrate/Glints2/dict_0005_0004.uasset" 6147
"../../../Engine/Content/EngineMaterials/Substrate/Glints2/dict_0005_0005.uasset" 6148
"../../../Engine/Content/EngineMaterials/Substrate/Glints2/dict_0005_0006.uasset" 6149
"../../../Engine/Content/EngineMaterials/Substrate/Glints2/dict_0005_0007.uasset" 6150
"../../../Engine/Content/EngineMaterials/Substrate/Glints2/dict_0005_0008.uasset" 6151
"../../../Engine/Content/EngineMaterials/Substrate/Glints2/dict_0005_0009.uasset" 6152
"../../../Engine/Content/EngineMaterials/Substrate/Glints2/dict_0005_0010.uasset" 6153
"../../../Engine/Content/EngineMaterials/Substrate/Glints2/dict_0005_0011.uasset" 6154
"../../../Engine/Content/EngineMaterials/Substrate/Glints2/dict_0005_0012.uasset" 6155
"../../../Engine/Content/EngineMaterials/Substrate/Glints2/dict_0005_0013.uasset" 6156
"../../../Engine/Content/EngineMaterials/Substrate/Glints2/dict_0005_0014.uasset" 6157
"../../../Engine/Content/EngineMaterials/Substrate/Glints2/dict_0005_0015.uasset" 6158
"../../../Engine/Content/EngineMaterials/Substrate/Glints2/dict_0005_0016.uasset" 6159
"../../../Engine/Content/EngineMaterials/Substrate/Glints2/dict_0005_0017.uasset" 6160
"../../../Engine/Content/EngineMaterials/Substrate/Glints2/dict_0005_0018.uasset" 6161
"../../../Engine/Content/EngineMaterials/Substrate/Glints2/dict_0005_0019.uasset" 6162
"../../../Engine/Content/EngineMaterials/Substrate/Glints2/dict_0005_0020.uasset" 6163
"../../../Engine/Content/EngineMaterials/Substrate/Glints2/dict_0005_0021.uasset" 6164
"../../../Engine/Content/EngineMaterials/Substrate/Glints2/dict_0005_0022.uasset" 6165
"../../../Engine/Content/EngineMaterials/Substrate/Glints2/dict_0005_0023.uasset" 6166
"../../../Engine/Content/EngineMaterials/Substrate/Glints2/dict_0005_0024.uasset" 6167
"../../../Engine/Content/EngineMaterials/Substrate/Glints2/dict_0005_0025.uasset" 6168
"../../../Engine/Content/EngineMaterials/Substrate/Glints2/dict_0005_0026.uasset" 6169
"../../../Engine/Content/EngineMaterials/Substrate/Glints2/dict_0005_0027.uasset" 6170
"../../../Engine/Content/EngineMaterials/Substrate/Glints2/dict_0005_0028.uasset" 6171
"../../../Engine/Content/EngineMaterials/Substrate/Glints2/dict_0005_0029.uasset" 6172
"../../../Engine/Content/EngineMaterials/Substrate/Glints2/dict_0005_0030.uasset" 6173
"../../../Engine/Content/EngineMaterials/Substrate/Glints2/dict_0005_0031.uasset" 6174
"../../../Engine/Content/EngineMaterials/Substrate/Glints2/dict_0005_0032.uasset" 6175
"../../../Engine/Content/EngineMaterials/Substrate/Glints2/dict_0005_0033.uasset" 6176
"../../../Engine/Content/EngineMaterials/Substrate/Glints2/dict_0005_0034.uasset" 6177
"../../../Engine/Content/EngineMaterials/Substrate/Glints2/dict_0005_0035.uasset" 6178
"../../../Engine/Content/EngineMaterials/Substrate/Glints2/dict_0005_0036.uasset" 6179
"../../../Engine/Content/EngineMaterials/Substrate/Glints2/dict_0005_0037.uasset" 6180
"../../../Engine/Content/EngineMaterials/Substrate/Glints2/dict_0005_0038.uasset" 6181
"../../../Engine/Content/EngineMaterials/Substrate/Glints2/dict_0005_0039.uasset" 6182
"../../../Engine/Content/EngineMaterials/Substrate/Glints2/dict_0005_0040.uasset" 6183
"../../../Engine/Content/EngineMaterials/Substrate/Glints2/dict_0005_0041.uasset" 6184
"../../../Engine/Content/EngineMaterials/Substrate/Glints2/dict_0005_0042.uasset" 6185
"../../../Engine/Content/EngineMaterials/Substrate/Glints2/dict_0005_0043.uasset" 6186
"../../../Engine/Content/EngineMaterials/Substrate/Glints2/dict_0005_0044.uasset" 6187
"../../../Engine/Content/EngineMaterials/Substrate/Glints2/dict_0005_0045.uasset" 6188
"../../../Engine/Content/EngineMaterials/Substrate/Glints2/dict_0005_0046.uasset" 6189
"../../../Engine/Content/EngineMaterials/Substrate/Glints2/dict_0005_0047.uasset" 6190
"../../../Engine/Content/EngineMaterials/Substrate/Glints2/dict_0005_0048.uasset" 6191
"../../../Engine/Content/EngineMaterials/Substrate/Glints2/dict_0005_0049.uasset" 6192
"../../../Engine/Content/EngineMaterials/Substrate/Glints2/dict_0005_0050.uasset" 6193
"../../../Engine/Content/EngineMaterials/Substrate/Glints2/dict_0005_0051.uasset" 6194
"../../../Engine/Content/EngineMaterials/Substrate/Glints2/dict_0005_0052.uasset" 6195
"../../../Engine/Content/EngineMaterials/Substrate/Glints2/dict_0005_0053.uasset" 6196
"../../../Engine/Content/EngineMaterials/Substrate/Glints2/dict_0005_0054.uasset" 6197
"../../../Engine/Content/EngineMaterials/Substrate/Glints2/dict_0005_0055.uasset" 6198
"../../../Engine/Content/EngineMaterials/Substrate/Glints2/dict_0005_0056.uasset" 6199
"../../../Engine/Content/EngineMaterials/Substrate/Glints2/dict_0005_0057.uasset" 6200
"../../../Engine/Content/EngineMaterials/Substrate/Glints2/dict_0005_0058.uasset" 6201
"../../../Engine/Content/EngineMaterials/Substrate/Glints2/dict_0005_0059.uasset" 6202
"../../../Engine/Content/EngineMaterials/Substrate/Glints2/dict_0005_0060.uasset" 6203
"../../../Engine/Content/EngineMaterials/Substrate/Glints2/dict_0005_0061.uasset" 6204
"../../../Engine/Content/EngineMaterials/Substrate/Glints2/dict_0005_0062.uasset" 6205
"../../../Engine/Content/EngineMaterials/Substrate/Glints2/dict_0005_0063.uasset" 6206
"../../../Engine/Content/EngineMaterials/Substrate/Glints2/dict_0005_0064.uasset" 6207
"../../../Engine/Content/EngineMaterials/Substrate/Glints2/dict_0005_0065.uasset" 6208
"../../../Engine/Content/EngineMaterials/Substrate/Glints2/dict_0005_0066.uasset" 6209
"../../../Engine/Content/EngineMaterials/Substrate/Glints2/dict_0005_0067.uasset" 6210
"../../../Engine/Content/EngineMaterials/Substrate/Glints2/dict_0005_0068.uasset" 6211
"../../../Engine/Content/EngineMaterials/Substrate/Glints2/dict_0005_0069.uasset" 6212
"../../../Engine/Content/EngineMaterials/Substrate/Glints2/dict_0005_0070.uasset" 6213
"../../../Engine/Content/EngineMaterials/Substrate/Glints2/dict_0005_0071.uasset" 6214
"../../../Engine/Content/EngineMaterials/Substrate/Glints2/dict_0005_0072.uasset" 6215
"../../../Engine/Content/EngineMaterials/Substrate/Glints2/dict_0005_0073.uasset" 6216
"../../../Engine/Content/EngineMaterials/Substrate/Glints2/dict_0005_0074.uasset" 6217
"../../../Engine/Content/EngineMaterials/Substrate/Glints2/dict_0005_0075.uasset" 6218
"../../../Engine/Content/EngineMaterials/Substrate/Glints2/dict_0005_0076.uasset" 6219
"../../../Engine/Content/EngineMaterials/Substrate/Glints2/dict_0005_0077.uasset" 6220
"../../../Engine/Content/EngineMaterials/Substrate/Glints2/dict_0005_0078.uasset" 6221
"../../../Engine/Content/EngineMaterials/Substrate/Glints2/dict_0005_0079.uasset" 6222
"../../../Engine/Content/EngineMaterials/Substrate/Glints2/dict_0005_0080.uasset" 6223
"../../../Engine/Content/EngineMaterials/Substrate/Glints2/dict_0005_0081.uasset" 6224
"../../../Engine/Content/EngineMaterials/Substrate/Glints2/dict_0005_0082.uasset" 6225
"../../../Engine/Content/EngineMaterials/Substrate/Glints2/dict_0005_0083.uasset" 6226
"../../../Engine/Content/EngineMaterials/Substrate/Glints2/dict_0005_0084.uasset" 6227
"../../../Engine/Content/EngineMaterials/Substrate/Glints2/dict_0005_0085.uasset" 6228
"../../../Engine/Content/EngineMaterials/Substrate/Glints2/dict_0005_0086.uasset" 6229
"../../../Engine/Content/EngineMaterials/Substrate/Glints2/dict_0005_0087.uasset" 6230
"../../../Engine/Content/EngineMaterials/Substrate/Glints2/dict_0005_0088.uasset" 6231
"../../../Engine/Content/EngineMaterials/Substrate/Glints2/dict_0005_0089.uasset" 6232
"../../../Engine/Content/EngineMaterials/Substrate/Glints2/dict_0005_0090.uasset" 6233
"../../../Engine/Content/EngineMaterials/Substrate/Glints2/dict_0005_0091.uasset" 6234
"../../../Engine/Content/EngineMaterials/Substrate/Glints2/dict_0005_0092.uasset" 6235
"../../../Engine/Content/EngineMaterials/Substrate/Glints2/dict_0005_0093.uasset" 6236
"../../../Engine/Content/EngineMaterials/Substrate/Glints2/dict_0005_0094.uasset" 6237
"../../../Engine/Content/EngineMaterials/Substrate/Glints2/dict_0005_0095.uasset" 6238
"../../../Engine/Content/EngineMaterials/Substrate/Glints2/dict_0005_0096.uasset" 6239
"../../../Engine/Content/EngineMaterials/Substrate/Glints2/dict_0005_0097.uasset" 6240
"../../../Engine/Content/EngineMaterials/Substrate/Glints2/dict_0005_0098.uasset" 6241
"../../../Engine/Content/EngineMaterials/Substrate/Glints2/dict_0005_0099.uasset" 6242
"../../../Engine/Content/EngineMaterials/Substrate/Glints2/dict_0005_0100.uasset" 6243
"../../../Engine/Content/EngineMaterials/Substrate/Glints2/dict_0005_0101.uasset" 6244
"../../../Engine/Content/EngineMaterials/Substrate/Glints2/dict_0005_0102.uasset" 6245
"../../../Engine/Content/EngineMaterials/Substrate/Glints2/dict_0005_0103.uasset" 6246
"../../../Engine/Content/EngineMaterials/Substrate/Glints2/dict_0005_0104.uasset" 6247
"../../../Engine/Content/EngineMaterials/Substrate/Glints2/dict_0005_0105.uasset" 6248
"../../../Engine/Content/EngineMaterials/Substrate/Glints2/dict_0005_0106.uasset" 6249
"../../../Engine/Content/EngineMaterials/Substrate/Glints2/dict_0005_0107.uasset" 6250
"../../../Engine/Content/EngineMaterials/Substrate/Glints2/dict_0005_0108.uasset" 6251
"../../../Engine/Content/EngineMaterials/Substrate/Glints2/dict_0005_0109.uasset" 6252
"../../../Engine/Content/EngineMaterials/Substrate/Glints2/dict_0005_0110.uasset" 6253
"../../../Engine/Content/EngineMaterials/Substrate/Glints2/dict_0005_0111.uasset" 6254
"../../../Engine/Content/EngineMaterials/Substrate/Glints2/dict_0005_0112.uasset" 6255
"../../../Engine/Content/EngineMaterials/Substrate/Glints2/dict_0005_0113.uasset" 6256
"../../../Engine/Content/EngineMaterials/Substrate/Glints2/dict_0005_0114.uasset" 6257
"../../../Engine/Content/EngineMaterials/Substrate/Glints2/dict_0005_0115.uasset" 6258
"../../../Engine/Content/EngineMaterials/Substrate/Glints2/dict_0005_0116.uasset" 6259
"../../../Engine/Content/EngineMaterials/Substrate/Glints2/dict_0005_0117.uasset" 6260
"../../../Engine/Content/EngineMaterials/Substrate/Glints2/dict_0005_0118.uasset" 6261
"../../../Engine/Content/EngineMaterials/Substrate/Glints2/dict_0005_0119.uasset" 6262
"../../../Engine/Content/EngineMaterials/Substrate/Glints2/dict_0005_0120.uasset" 6263
"../../../Engine/Content/EngineMaterials/Substrate/Glints2/dict_0005_0121.uasset" 6264
"../../../Engine/Content/EngineMaterials/Substrate/Glints2/dict_0005_0122.uasset" 6265
"../../../Engine/Content/EngineMaterials/Substrate/Glints2/dict_0005_0123.uasset" 6266
"../../../Engine/Content/EngineMaterials/Substrate/Glints2/dict_0005_0124.uasset" 6267
"../../../Engine/Content/EngineMaterials/Substrate/Glints2/dict_0005_0125.uasset" 6268
"../../../Engine/Content/EngineMaterials/Substrate/Glints2/dict_0005_0126.uasset" 6269
"../../../Engine/Content/EngineMaterials/Substrate/Glints2/dict_0005_0127.uasset" 6270
"../../../Engine/Content/EngineMaterials/Substrate/Glints2/dict_0005_0128.uasset" 6271
"../../../Engine/Content/EngineMaterials/Substrate/Glints2/dict_0005_0129.uasset" 6272
"../../../Engine/Content/EngineMaterials/Substrate/Glints2/dict_0005_0130.uasset" 6273
"../../../Engine/Content/EngineMaterials/Substrate/Glints2/dict_0005_0131.uasset" 6274
"../../../Engine/Content/EngineMaterials/Substrate/Glints2/dict_0005_0132.uasset" 6275
"../../../Engine/Content/EngineMaterials/Substrate/Glints2/dict_0005_0133.uasset" 6276
"../../../Engine/Content/EngineMaterials/Substrate/Glints2/dict_0005_0134.uasset" 6277
"../../../Engine/Content/EngineMaterials/Substrate/Glints2/dict_0005_0135.uasset" 6278
"../../../Engine/Content/EngineMaterials/Substrate/Glints2/dict_0005_0136.uasset" 6279
"../../../Engine/Content/EngineMaterials/Substrate/Glints2/dict_0005_0137.uasset" 6280
"../../../Engine/Content/EngineMaterials/Substrate/Glints2/dict_0005_0138.uasset" 6281
"../../../Engine/Content/EngineMaterials/Substrate/Glints2/dict_0005_0139.uasset" 6282
"../../../Engine/Content/EngineMaterials/Substrate/Glints2/dict_0005_0140.uasset" 6283
"../../../Engine/Content/EngineMaterials/Substrate/Glints2/dict_0005_0141.uasset" 6284
"../../../Engine/Content/EngineMaterials/Substrate/Glints2/dict_0005_0142.uasset" 6285
"../../../Engine/Content/EngineMaterials/Substrate/Glints2/dict_0005_0143.uasset" 6286
"../../../Engine/Content/EngineMaterials/Substrate/Glints2/dict_0005_0144.uasset" 6287
"../../../Engine/Content/EngineMaterials/Substrate/Glints2/dict_0005_0145.uasset" 6288
"../../../Engine/Content/EngineMaterials/Substrate/Glints2/dict_0005_0146.uasset" 6289
"../../../Engine/Content/EngineMaterials/Substrate/Glints2/dict_0005_0147.uasset" 6290
"../../../Engine/Content/EngineMaterials/Substrate/Glints2/dict_0005_0148.uasset" 6291
"../../../Engine/Content/EngineMaterials/Substrate/Glints2/dict_0005_0149.uasset" 6292
"../../../Engine/Content/EngineMaterials/Substrate/Glints2/dict_0005_0150.uasset" 6293
"../../../Engine/Content/EngineMaterials/Substrate/Glints2/dict_0005_0151.uasset" 6294
"../../../Engine/Content/EngineMaterials/Substrate/Glints2/dict_0005_0152.uasset" 6295
"../../../Engine/Content/EngineMaterials/Substrate/Glints2/dict_0005_0153.uasset" 6296
"../../../Engine/Content/EngineMaterials/Substrate/Glints2/dict_0005_0154.uasset" 6297
"../../../Engine/Content/EngineMaterials/Substrate/Glints2/dict_0005_0155.uasset" 6298
"../../../Engine/Content/EngineMaterials/Substrate/Glints2/dict_0005_0156.uasset" 6299
"../../../Engine/Content/EngineMaterials/Substrate/Glints2/dict_0005_0157.uasset" 6300
"../../../Engine/Content/EngineMaterials/Substrate/Glints2/dict_0005_0158.uasset" 6301
"../../../Engine/Content/EngineMaterials/Substrate/Glints2/dict_0005_0159.uasset" 6302
"../../../Engine/Content/EngineMaterials/Substrate/Glints2/dict_0005_0160.uasset" 6303
"../../../Engine/Content/EngineMaterials/Substrate/Glints2/dict_0005_0161.uasset" 6304
"../../../Engine/Content/EngineMaterials/Substrate/Glints2/dict_0005_0162.uasset" 6305
"../../../Engine/Content/EngineMaterials/Substrate/Glints2/dict_0005_0163.uasset" 6306
"../../../Engine/Content/EngineMaterials/Substrate/Glints2/dict_0005_0164.uasset" 6307
"../../../Engine/Content/EngineMaterials/Substrate/Glints2/dict_0005_0165.uasset" 6308
"../../../Engine/Content/EngineMaterials/Substrate/Glints2/dict_0005_0166.uasset" 6309
"../../../Engine/Content/EngineMaterials/Substrate/Glints2/dict_0005_0167.uasset" 6310
"../../../Engine/Content/EngineMaterials/Substrate/Glints2/dict_0005_0168.uasset" 6311
"../../../Engine/Content/EngineMaterials/Substrate/Glints2/dict_0005_0169.uasset" 6312
"../../../Engine/Content/EngineMaterials/Substrate/Glints2/dict_0005_0170.uasset" 6313
"../../../Engine/Content/EngineMaterials/Substrate/Glints2/dict_0005_0171.uasset" 6314
"../../../Engine/Content/EngineMaterials/Substrate/Glints2/dict_0005_0172.uasset" 6315
"../../../Engine/Content/EngineMaterials/Substrate/Glints2/dict_0005_0173.uasset" 6316
"../../../Engine/Content/EngineMaterials/Substrate/Glints2/dict_0005_0174.uasset" 6317
"../../../Engine/Content/EngineMaterials/Substrate/Glints2/dict_0005_0175.uasset" 6318
"../../../Engine/Content/EngineMaterials/Substrate/Glints2/dict_0005_0176.uasset" 6319
"../../../Engine/Content/EngineMaterials/Substrate/Glints2/dict_0005_0177.uasset" 6320
"../../../Engine/Content/EngineMaterials/Substrate/Glints2/dict_0005_0178.uasset" 6321
"../../../Engine/Content/EngineMaterials/Substrate/Glints2/dict_0005_0179.uasset" 6322
"../../../Engine/Content/EngineMaterials/Substrate/Glints2/dict_0005_0180.uasset" 6323
"../../../Engine/Content/EngineMaterials/Substrate/Glints2/dict_0005_0181.uasset" 6324
"../../../Engine/Content/EngineMaterials/Substrate/Glints2/dict_0005_0182.uasset" 6325
"../../../Engine/Content/EngineMaterials/Substrate/Glints2/dict_0005_0183.uasset" 6326
"../../../Engine/Content/EngineMaterials/Substrate/Glints2/dict_0005_0184.uasset" 6327
"../../../Engine/Content/EngineMaterials/Substrate/Glints2/dict_0005_0185.uasset" 6328
"../../../Engine/Content/EngineMaterials/Substrate/Glints2/dict_0005_0186.uasset" 6329
"../../../Engine/Content/EngineMaterials/Substrate/Glints2/dict_0005_0187.uasset" 6330
"../../../Engine/Content/EngineMaterials/Substrate/Glints2/dict_0005_0188.uasset" 6331
"../../../Engine/Content/EngineMaterials/Substrate/Glints2/dict_0005_0189.uasset" 6332
"../../../Engine/Content/EngineMaterials/Substrate/Glints2/dict_0005_0190.uasset" 6333
"../../../Engine/Content/EngineMaterials/Substrate/Glints2/dict_0005_0191.uasset" 6334
"../../../Engine/Content/EngineMaterials/Substrate/Glints2/dict_0005_0192.uasset" 6335
"../../../Engine/Content/EngineMaterials/Substrate/Glints2/dict_0005_0193.uasset" 6336
"../../../Engine/Content/EngineMaterials/Substrate/Glints2/dict_0005_0194.uasset" 6337
"../../../Engine/Content/EngineMaterials/Substrate/Glints2/dict_0005_0195.uasset" 6338
"../../../Engine/Content/EngineMaterials/Substrate/Glints2/dict_0005_0196.uasset" 6339
"../../../Engine/Content/EngineMaterials/Substrate/Glints2/dict_0005_0197.uasset" 6340
"../../../Engine/Content/EngineMaterials/Substrate/Glints2/dict_0005_0198.uasset" 6341
"../../../Engine/Content/EngineMaterials/Substrate/Glints2/dict_0005_0199.uasset" 6342
"../../../Engine/Content/EngineMaterials/Substrate/Glints2/dict_0005_0200.uasset" 6343
"../../../Engine/Content/EngineMaterials/Substrate/Glints2/dict_0005_0201.uasset" 6344
"../../../Engine/Content/EngineMaterials/Substrate/Glints2/dict_0005_0202.uasset" 6345
"../../../Engine/Content/EngineMaterials/Substrate/Glints2/dict_0005_0203.uasset" 6346
"../../../Engine/Content/EngineMaterials/Substrate/Glints2/dict_0005_0204.uasset" 6347
"../../../Engine/Content/EngineMaterials/Substrate/Glints2/dict_0005_0205.uasset" 6348
"../../../Engine/Content/EngineMaterials/Substrate/Glints2/dict_0005_0206.uasset" 6349
"../../../Engine/Content/EngineMaterials/Substrate/Glints2/dict_0005_0207.uasset" 6350
"../../../Engine/Content/EngineMaterials/Substrate/Glints2/dict_0005_0208.uasset" 6351
"../../../Engine/Content/EngineMaterials/Substrate/Glints2/dict_0005_0209.uasset" 6352
"../../../Engine/Content/EngineMaterials/Substrate/Glints2/dict_0005_0210.uasset" 6353
"../../../Engine/Content/EngineMaterials/Substrate/Glints2/dict_0005_0211.uasset" 6354
"../../../Engine/Content/EngineMaterials/Substrate/Glints2/dict_0005_0212.uasset" 6355
"../../../Engine/Content/EngineMaterials/Substrate/Glints2/dict_0005_0213.uasset" 6356
"../../../Engine/Content/EngineMaterials/Substrate/Glints2/dict_0005_0214.uasset" 6357
"../../../Engine/Content/EngineMaterials/Substrate/Glints2/dict_0005_0215.uasset" 6358
"../../../Engine/Content/EngineMaterials/Substrate/Glints2/dict_0005_0216.uasset" 6359
"../../../Engine/Content/EngineMaterials/Substrate/Glints2/dict_0005_0217.uasset" 6360
"../../../Engine/Content/EngineMaterials/Substrate/Glints2/dict_0005_0218.uasset" 6361
"../../../Engine/Content/EngineMaterials/Substrate/Glints2/dict_0005_0219.uasset" 6362
"../../../Engine/Content/EngineMaterials/Substrate/Glints2/dict_0005_0220.uasset" 6363
"../../../Engine/Content/EngineMaterials/Substrate/Glints2/dict_0005_0221.uasset" 6364
"../../../Engine/Content/EngineMaterials/Substrate/Glints2/dict_0005_0222.uasset" 6365
"../../../Engine/Content/EngineMaterials/Substrate/Glints2/dict_0005_0223.uasset" 6366
"../../../Engine/Content/EngineMaterials/Substrate/Glints2/dict_0005_0224.uasset" 6367
"../../../Engine/Content/EngineMaterials/Substrate/Glints2/dict_0005_0225.uasset" 6368
"../../../Engine/Content/EngineMaterials/Substrate/Glints2/dict_0005_0226.uasset" 6369
"../../../Engine/Content/EngineMaterials/Substrate/Glints2/dict_0005_0227.uasset" 6370
"../../../Engine/Content/EngineMaterials/Substrate/Glints2/dict_0005_0228.uasset" 6371
"../../../Engine/Content/EngineMaterials/Substrate/Glints2/dict_0005_0229.uasset" 6372
"../../../Engine/Content/EngineMaterials/Substrate/Glints2/dict_0005_0230.uasset" 6373
"../../../Engine/Content/EngineMaterials/Substrate/Glints2/dict_0005_0231.uasset" 6374
"../../../Engine/Content/EngineMaterials/Substrate/Glints2/dict_0005_0232.uasset" 6375
"../../../Engine/Content/EngineMaterials/Substrate/Glints2/dict_0005_0233.uasset" 6376
"../../../Engine/Content/EngineMaterials/Substrate/Glints2/dict_0005_0234.uasset" 6377
"../../../Engine/Content/EngineMaterials/Substrate/Glints2/dict_0005_0235.uasset" 6378
"../../../Engine/Content/EngineMaterials/Substrate/Glints2/dict_0005_0236.uasset" 6379
"../../../Engine/Content/EngineMaterials/Substrate/Glints2/dict_0005_0237.uasset" 6380
"../../../Engine/Content/EngineMaterials/Substrate/Glints2/dict_0005_0238.uasset" 6381
"../../../Engine/Content/EngineMaterials/Substrate/Glints2/dict_0005_0239.uasset" 6382
"../../../Engine/Content/EngineMaterials/Substrate/Glints2/dict_0005_0240.uasset" 6383
"../../../Engine/Content/EngineMaterials/Substrate/Glints2/dict_0005_0241.uasset" 6384
"../../../Engine/Content/EngineMaterials/Substrate/Glints2/dict_0005_0242.uasset" 6385
"../../../Engine/Content/EngineMaterials/Substrate/Glints2/dict_0005_0243.uasset" 6386
"../../../Engine/Content/EngineMaterials/Substrate/Glints2/dict_0005_0244.uasset" 6387
"../../../Engine/Content/EngineMaterials/Substrate/Glints2/dict_0005_0245.uasset" 6388
"../../../Engine/Content/EngineMaterials/Substrate/Glints2/dict_0005_0246.uasset" 6389
"../../../Engine/Content/EngineMaterials/Substrate/Glints2/dict_0005_0247.uasset" 6390
"../../../Engine/Content/EngineMaterials/Substrate/Glints2/dict_0005_0248.uasset" 6391
"../../../Engine/Content/EngineMaterials/Substrate/Glints2/dict_0005_0249.uasset" 6392
"../../../Engine/Content/EngineMaterials/Substrate/Glints2/dict_0005_0250.uasset" 6393
"../../../Engine/Content/EngineMaterials/Substrate/Glints2/dict_0005_0251.uasset" 6394
"../../../Engine/Content/EngineMaterials/Substrate/Glints2/dict_0005_0252.uasset" 6395
"../../../Engine/Content/EngineMaterials/Substrate/Glints2/dict_0005_0253.uasset" 6396
"../../../Engine/Content/EngineMaterials/Substrate/Glints2/dict_0005_0254.uasset" 6397
"../../../Engine/Content/EngineMaterials/Substrate/Glints2/dict_0005_0255.uasset" 6398
"../../../Engine/Content/EngineMaterials/Substrate/Glints2/dict_0006_0000.uasset" 6399
"../../../Engine/Content/EngineMaterials/Substrate/Glints2/dict_0006_0001.uasset" 6400
"../../../Engine/Content/EngineMaterials/Substrate/Glints2/dict_0006_0002.uasset" 6401
"../../../Engine/Content/EngineMaterials/Substrate/Glints2/dict_0006_0003.uasset" 6402
"../../../Engine/Content/EngineMaterials/Substrate/Glints2/dict_0006_0004.uasset" 6403
"../../../Engine/Content/EngineMaterials/Substrate/Glints2/dict_0006_0005.uasset" 6404
"../../../Engine/Content/EngineMaterials/Substrate/Glints2/dict_0006_0006.uasset" 6405
"../../../Engine/Content/EngineMaterials/Substrate/Glints2/dict_0006_0007.uasset" 6406
"../../../Engine/Content/EngineMaterials/Substrate/Glints2/dict_0006_0008.uasset" 6407
"../../../Engine/Content/EngineMaterials/Substrate/Glints2/dict_0006_0009.uasset" 6408
"../../../Engine/Content/EngineMaterials/Substrate/Glints2/dict_0006_0010.uasset" 6409
"../../../Engine/Content/EngineMaterials/Substrate/Glints2/dict_0006_0011.uasset" 6410
"../../../Engine/Content/EngineMaterials/Substrate/Glints2/dict_0006_0012.uasset" 6411
"../../../Engine/Content/EngineMaterials/Substrate/Glints2/dict_0006_0013.uasset" 6412
"../../../Engine/Content/EngineMaterials/Substrate/Glints2/dict_0006_0014.uasset" 6413
"../../../Engine/Content/EngineMaterials/Substrate/Glints2/dict_0006_0015.uasset" 6414
"../../../Engine/Content/EngineMaterials/Substrate/Glints2/dict_0006_0016.uasset" 6415
"../../../Engine/Content/EngineMaterials/Substrate/Glints2/dict_0006_0017.uasset" 6416
"../../../Engine/Content/EngineMaterials/Substrate/Glints2/dict_0006_0018.uasset" 6417
"../../../Engine/Content/EngineMaterials/Substrate/Glints2/dict_0006_0019.uasset" 6418
"../../../Engine/Content/EngineMaterials/Substrate/Glints2/dict_0006_0020.uasset" 6419
"../../../Engine/Content/EngineMaterials/Substrate/Glints2/dict_0006_0021.uasset" 6420
"../../../Engine/Content/EngineMaterials/Substrate/Glints2/dict_0006_0022.uasset" 6421
"../../../Engine/Content/EngineMaterials/Substrate/Glints2/dict_0006_0023.uasset" 6422
"../../../Engine/Content/EngineMaterials/Substrate/Glints2/dict_0006_0024.uasset" 6423
"../../../Engine/Content/EngineMaterials/Substrate/Glints2/dict_0006_0025.uasset" 6424
"../../../Engine/Content/EngineMaterials/Substrate/Glints2/dict_0006_0026.uasset" 6425
"../../../Engine/Content/EngineMaterials/Substrate/Glints2/dict_0006_0027.uasset" 6426
"../../../Engine/Content/EngineMaterials/Substrate/Glints2/dict_0006_0028.uasset" 6427
"../../../Engine/Content/EngineMaterials/Substrate/Glints2/dict_0006_0029.uasset" 6428
"../../../Engine/Content/EngineMaterials/Substrate/Glints2/dict_0006_0030.uasset" 6429
"../../../Engine/Content/EngineMaterials/Substrate/Glints2/dict_0006_0031.uasset" 6430
"../../../Engine/Content/EngineMaterials/Substrate/Glints2/dict_0006_0032.uasset" 6431
"../../../Engine/Content/EngineMaterials/Substrate/Glints2/dict_0006_0033.uasset" 6432
"../../../Engine/Content/EngineMaterials/Substrate/Glints2/dict_0006_0034.uasset" 6433
"../../../Engine/Content/EngineMaterials/Substrate/Glints2/dict_0006_0035.uasset" 6434
"../../../Engine/Content/EngineMaterials/Substrate/Glints2/dict_0006_0036.uasset" 6435
"../../../Engine/Content/EngineMaterials/Substrate/Glints2/dict_0006_0037.uasset" 6436
"../../../Engine/Content/EngineMaterials/Substrate/Glints2/dict_0006_0038.uasset" 6437
"../../../Engine/Content/EngineMaterials/Substrate/Glints2/dict_0006_0039.uasset" 6438
"../../../Engine/Content/EngineMaterials/Substrate/Glints2/dict_0006_0040.uasset" 6439
"../../../Engine/Content/EngineMaterials/Substrate/Glints2/dict_0006_0041.uasset" 6440
"../../../Engine/Content/EngineMaterials/Substrate/Glints2/dict_0006_0042.uasset" 6441
"../../../Engine/Content/EngineMaterials/Substrate/Glints2/dict_0006_0043.uasset" 6442
"../../../Engine/Content/EngineMaterials/Substrate/Glints2/dict_0006_0044.uasset" 6443
"../../../Engine/Content/EngineMaterials/Substrate/Glints2/dict_0006_0045.uasset" 6444
"../../../Engine/Content/EngineMaterials/Substrate/Glints2/dict_0006_0046.uasset" 6445
"../../../Engine/Content/EngineMaterials/Substrate/Glints2/dict_0006_0047.uasset" 6446
"../../../Engine/Content/EngineMaterials/Substrate/Glints2/dict_0006_0048.uasset" 6447
"../../../Engine/Content/EngineMaterials/Substrate/Glints2/dict_0006_0049.uasset" 6448
"../../../Engine/Content/EngineMaterials/Substrate/Glints2/dict_0006_0050.uasset" 6449
"../../../Engine/Content/EngineMaterials/Substrate/Glints2/dict_0006_0051.uasset" 6450
"../../../Engine/Content/EngineMaterials/Substrate/Glints2/dict_0006_0052.uasset" 6451
"../../../Engine/Content/EngineMaterials/Substrate/Glints2/dict_0006_0053.uasset" 6452
"../../../Engine/Content/EngineMaterials/Substrate/Glints2/dict_0006_0054.uasset" 6453
"../../../Engine/Content/EngineMaterials/Substrate/Glints2/dict_0006_0055.uasset" 6454
"../../../Engine/Content/EngineMaterials/Substrate/Glints2/dict_0006_0056.uasset" 6455
"../../../Engine/Content/EngineMaterials/Substrate/Glints2/dict_0006_0057.uasset" 6456
"../../../Engine/Content/EngineMaterials/Substrate/Glints2/dict_0006_0058.uasset" 6457
"../../../Engine/Content/EngineMaterials/Substrate/Glints2/dict_0006_0059.uasset" 6458
"../../../Engine/Content/EngineMaterials/Substrate/Glints2/dict_0006_0060.uasset" 6459
"../../../Engine/Content/EngineMaterials/Substrate/Glints2/dict_0006_0061.uasset" 6460
"../../../Engine/Content/EngineMaterials/Substrate/Glints2/dict_0006_0062.uasset" 6461
"../../../Engine/Content/EngineMaterials/Substrate/Glints2/dict_0006_0063.uasset" 6462
"../../../Engine/Content/EngineMaterials/Substrate/Glints2/dict_0006_0064.uasset" 6463
"../../../Engine/Content/EngineMaterials/Substrate/Glints2/dict_0006_0065.uasset" 6464
"../../../Engine/Content/EngineMaterials/Substrate/Glints2/dict_0006_0066.uasset" 6465
"../../../Engine/Content/EngineMaterials/Substrate/Glints2/dict_0006_0067.uasset" 6466
"../../../Engine/Content/EngineMaterials/Substrate/Glints2/dict_0006_0068.uasset" 6467
"../../../Engine/Content/EngineMaterials/Substrate/Glints2/dict_0006_0069.uasset" 6468
"../../../Engine/Content/EngineMaterials/Substrate/Glints2/dict_0006_0070.uasset" 6469
"../../../Engine/Content/EngineMaterials/Substrate/Glints2/dict_0006_0071.uasset" 6470
"../../../Engine/Content/EngineMaterials/Substrate/Glints2/dict_0006_0072.uasset" 6471
"../../../Engine/Content/EngineMaterials/Substrate/Glints2/dict_0006_0073.uasset" 6472
"../../../Engine/Content/EngineMaterials/Substrate/Glints2/dict_0006_0074.uasset" 6473
"../../../Engine/Content/EngineMaterials/Substrate/Glints2/dict_0006_0075.uasset" 6474
"../../../Engine/Content/EngineMaterials/Substrate/Glints2/dict_0006_0076.uasset" 6475
"../../../Engine/Content/EngineMaterials/Substrate/Glints2/dict_0006_0077.uasset" 6476
"../../../Engine/Content/EngineMaterials/Substrate/Glints2/dict_0006_0078.uasset" 6477
"../../../Engine/Content/EngineMaterials/Substrate/Glints2/dict_0006_0079.uasset" 6478
"../../../Engine/Content/EngineMaterials/Substrate/Glints2/dict_0006_0080.uasset" 6479
"../../../Engine/Content/EngineMaterials/Substrate/Glints2/dict_0006_0081.uasset" 6480
"../../../Engine/Content/EngineMaterials/Substrate/Glints2/dict_0006_0082.uasset" 6481
"../../../Engine/Content/EngineMaterials/Substrate/Glints2/dict_0006_0083.uasset" 6482
"../../../Engine/Content/EngineMaterials/Substrate/Glints2/dict_0006_0084.uasset" 6483
"../../../Engine/Content/EngineMaterials/Substrate/Glints2/dict_0006_0085.uasset" 6484
"../../../Engine/Content/EngineMaterials/Substrate/Glints2/dict_0006_0086.uasset" 6485
"../../../Engine/Content/EngineMaterials/Substrate/Glints2/dict_0006_0087.uasset" 6486
"../../../Engine/Content/EngineMaterials/Substrate/Glints2/dict_0006_0088.uasset" 6487
"../../../Engine/Content/EngineMaterials/Substrate/Glints2/dict_0006_0089.uasset" 6488
"../../../Engine/Content/EngineMaterials/Substrate/Glints2/dict_0006_0090.uasset" 6489
"../../../Engine/Content/EngineMaterials/Substrate/Glints2/dict_0006_0091.uasset" 6490
"../../../Engine/Content/EngineMaterials/Substrate/Glints2/dict_0006_0092.uasset" 6491
"../../../Engine/Content/EngineMaterials/Substrate/Glints2/dict_0006_0093.uasset" 6492
"../../../Engine/Content/EngineMaterials/Substrate/Glints2/dict_0006_0094.uasset" 6493
"../../../Engine/Content/EngineMaterials/Substrate/Glints2/dict_0006_0095.uasset" 6494
"../../../Engine/Content/EngineMaterials/Substrate/Glints2/dict_0006_0096.uasset" 6495
"../../../Engine/Content/EngineMaterials/Substrate/Glints2/dict_0006_0097.uasset" 6496
"../../../Engine/Content/EngineMaterials/Substrate/Glints2/dict_0006_0098.uasset" 6497
"../../../Engine/Content/EngineMaterials/Substrate/Glints2/dict_0006_0099.uasset" 6498
"../../../Engine/Content/EngineMaterials/Substrate/Glints2/dict_0006_0100.uasset" 6499
"../../../Engine/Content/EngineMaterials/Substrate/Glints2/dict_0006_0101.uasset" 6500
"../../../Engine/Content/EngineMaterials/Substrate/Glints2/dict_0006_0102.uasset" 6501
"../../../Engine/Content/EngineMaterials/Substrate/Glints2/dict_0006_0103.uasset" 6502
"../../../Engine/Content/EngineMaterials/Substrate/Glints2/dict_0006_0104.uasset" 6503
"../../../Engine/Content/EngineMaterials/Substrate/Glints2/dict_0006_0105.uasset" 6504
"../../../Engine/Content/EngineMaterials/Substrate/Glints2/dict_0006_0106.uasset" 6505
"../../../Engine/Content/EngineMaterials/Substrate/Glints2/dict_0006_0107.uasset" 6506
"../../../Engine/Content/EngineMaterials/Substrate/Glints2/dict_0006_0108.uasset" 6507
"../../../Engine/Content/EngineMaterials/Substrate/Glints2/dict_0006_0109.uasset" 6508
"../../../Engine/Content/EngineMaterials/Substrate/Glints2/dict_0006_0110.uasset" 6509
"../../../Engine/Content/EngineMaterials/Substrate/Glints2/dict_0006_0111.uasset" 6510
"../../../Engine/Content/EngineMaterials/Substrate/Glints2/dict_0006_0112.uasset" 6511
"../../../Engine/Content/EngineMaterials/Substrate/Glints2/dict_0006_0113.uasset" 6512
"../../../Engine/Content/EngineMaterials/Substrate/Glints2/dict_0006_0114.uasset" 6513
"../../../Engine/Content/EngineMaterials/Substrate/Glints2/dict_0006_0115.uasset" 6514
"../../../Engine/Content/EngineMaterials/Substrate/Glints2/dict_0006_0116.uasset" 6515
"../../../Engine/Content/EngineMaterials/Substrate/Glints2/dict_0006_0117.uasset" 6516
"../../../Engine/Content/EngineMaterials/Substrate/Glints2/dict_0006_0118.uasset" 6517
"../../../Engine/Content/EngineMaterials/Substrate/Glints2/dict_0006_0119.uasset" 6518
"../../../Engine/Content/EngineMaterials/Substrate/Glints2/dict_0006_0120.uasset" 6519
"../../../Engine/Content/EngineMaterials/Substrate/Glints2/dict_0006_0121.uasset" 6520
"../../../Engine/Content/EngineMaterials/Substrate/Glints2/dict_0006_0122.uasset" 6521
"../../../Engine/Content/EngineMaterials/Substrate/Glints2/dict_0006_0123.uasset" 6522
"../../../Engine/Content/EngineMaterials/Substrate/Glints2/dict_0006_0124.uasset" 6523
"../../../Engine/Content/EngineMaterials/Substrate/Glints2/dict_0006_0125.uasset" 6524
"../../../Engine/Content/EngineMaterials/Substrate/Glints2/dict_0006_0126.uasset" 6525
"../../../Engine/Content/EngineMaterials/Substrate/Glints2/dict_0006_0127.uasset" 6526
"../../../Engine/Content/EngineMaterials/Substrate/Glints2/dict_0006_0128.uasset" 6527
"../../../Engine/Content/EngineMaterials/Substrate/Glints2/dict_0006_0129.uasset" 6528
"../../../Engine/Content/EngineMaterials/Substrate/Glints2/dict_0006_0130.uasset" 6529
"../../../Engine/Content/EngineMaterials/Substrate/Glints2/dict_0006_0131.uasset" 6530
"../../../Engine/Content/EngineMaterials/Substrate/Glints2/dict_0006_0132.uasset" 6531
"../../../Engine/Content/EngineMaterials/Substrate/Glints2/dict_0006_0133.uasset" 6532
"../../../Engine/Content/EngineMaterials/Substrate/Glints2/dict_0006_0134.uasset" 6533
"../../../Engine/Content/EngineMaterials/Substrate/Glints2/dict_0006_0135.uasset" 6534
"../../../Engine/Content/EngineMaterials/Substrate/Glints2/dict_0006_0136.uasset" 6535
"../../../Engine/Content/EngineMaterials/Substrate/Glints2/dict_0006_0137.uasset" 6536
"../../../Engine/Content/EngineMaterials/Substrate/Glints2/dict_0006_0138.uasset" 6537
"../../../Engine/Content/EngineMaterials/Substrate/Glints2/dict_0006_0139.uasset" 6538
"../../../Engine/Content/EngineMaterials/Substrate/Glints2/dict_0006_0140.uasset" 6539
"../../../Engine/Content/EngineMaterials/Substrate/Glints2/dict_0006_0141.uasset" 6540
"../../../Engine/Content/EngineMaterials/Substrate/Glints2/dict_0006_0142.uasset" 6541
"../../../Engine/Content/EngineMaterials/Substrate/Glints2/dict_0006_0143.uasset" 6542
"../../../Engine/Content/EngineMaterials/Substrate/Glints2/dict_0006_0144.uasset" 6543
"../../../Engine/Content/EngineMaterials/Substrate/Glints2/dict_0006_0145.uasset" 6544
"../../../Engine/Content/EngineMaterials/Substrate/Glints2/dict_0006_0146.uasset" 6545
"../../../Engine/Content/EngineMaterials/Substrate/Glints2/dict_0006_0147.uasset" 6546
"../../../Engine/Content/EngineMaterials/Substrate/Glints2/dict_0006_0148.uasset" 6547
"../../../Engine/Content/EngineMaterials/Substrate/Glints2/dict_0006_0149.uasset" 6548
"../../../Engine/Content/EngineMaterials/Substrate/Glints2/dict_0006_0150.uasset" 6549
"../../../Engine/Content/EngineMaterials/Substrate/Glints2/dict_0006_0151.uasset" 6550
"../../../Engine/Content/EngineMaterials/Substrate/Glints2/dict_0006_0152.uasset" 6551
"../../../Engine/Content/EngineMaterials/Substrate/Glints2/dict_0006_0153.uasset" 6552
"../../../Engine/Content/EngineMaterials/Substrate/Glints2/dict_0006_0154.uasset" 6553
"../../../Engine/Content/EngineMaterials/Substrate/Glints2/dict_0006_0155.uasset" 6554
"../../../Engine/Content/EngineMaterials/Substrate/Glints2/dict_0006_0156.uasset" 6555
"../../../Engine/Content/EngineMaterials/Substrate/Glints2/dict_0006_0157.uasset" 6556
"../../../Engine/Content/EngineMaterials/Substrate/Glints2/dict_0006_0158.uasset" 6557
"../../../Engine/Content/EngineMaterials/Substrate/Glints2/dict_0006_0159.uasset" 6558
"../../../Engine/Content/EngineMaterials/Substrate/Glints2/dict_0006_0160.uasset" 6559
"../../../Engine/Content/EngineMaterials/Substrate/Glints2/dict_0006_0161.uasset" 6560
"../../../Engine/Content/EngineMaterials/Substrate/Glints2/dict_0006_0162.uasset" 6561
"../../../Engine/Content/EngineMaterials/Substrate/Glints2/dict_0006_0163.uasset" 6562
"../../../Engine/Content/EngineMaterials/Substrate/Glints2/dict_0006_0164.uasset" 6563
"../../../Engine/Content/EngineMaterials/Substrate/Glints2/dict_0006_0165.uasset" 6564
"../../../Engine/Content/EngineMaterials/Substrate/Glints2/dict_0006_0166.uasset" 6565
"../../../Engine/Content/EngineMaterials/Substrate/Glints2/dict_0006_0167.uasset" 6566
"../../../Engine/Content/EngineMaterials/Substrate/Glints2/dict_0006_0168.uasset" 6567
"../../../Engine/Content/EngineMaterials/Substrate/Glints2/dict_0006_0169.uasset" 6568
"../../../Engine/Content/EngineMaterials/Substrate/Glints2/dict_0006_0170.uasset" 6569
"../../../Engine/Content/EngineMaterials/Substrate/Glints2/dict_0006_0171.uasset" 6570
"../../../Engine/Content/EngineMaterials/Substrate/Glints2/dict_0006_0172.uasset" 6571
"../../../Engine/Content/EngineMaterials/Substrate/Glints2/dict_0006_0173.uasset" 6572
"../../../Engine/Content/EngineMaterials/Substrate/Glints2/dict_0006_0174.uasset" 6573
"../../../Engine/Content/EngineMaterials/Substrate/Glints2/dict_0006_0175.uasset" 6574
"../../../Engine/Content/EngineMaterials/Substrate/Glints2/dict_0006_0176.uasset" 6575
"../../../Engine/Content/EngineMaterials/Substrate/Glints2/dict_0006_0177.uasset" 6576
"../../../Engine/Content/EngineMaterials/Substrate/Glints2/dict_0006_0178.uasset" 6577
"../../../Engine/Content/EngineMaterials/Substrate/Glints2/dict_0006_0179.uasset" 6578
"../../../Engine/Content/EngineMaterials/Substrate/Glints2/dict_0006_0180.uasset" 6579
"../../../Engine/Content/EngineMaterials/Substrate/Glints2/dict_0006_0181.uasset" 6580
"../../../Engine/Content/EngineMaterials/Substrate/Glints2/dict_0006_0182.uasset" 6581
"../../../Engine/Content/EngineMaterials/Substrate/Glints2/dict_0006_0183.uasset" 6582
"../../../Engine/Content/EngineMaterials/Substrate/Glints2/dict_0006_0184.uasset" 6583
"../../../Engine/Content/EngineMaterials/Substrate/Glints2/dict_0006_0185.uasset" 6584
"../../../Engine/Content/EngineMaterials/Substrate/Glints2/dict_0006_0186.uasset" 6585
"../../../Engine/Content/EngineMaterials/Substrate/Glints2/dict_0006_0187.uasset" 6586
"../../../Engine/Content/EngineMaterials/Substrate/Glints2/dict_0006_0188.uasset" 6587
"../../../Engine/Content/EngineMaterials/Substrate/Glints2/dict_0006_0189.uasset" 6588
"../../../Engine/Content/EngineMaterials/Substrate/Glints2/dict_0006_0190.uasset" 6589
"../../../Engine/Content/EngineMaterials/Substrate/Glints2/dict_0006_0191.uasset" 6590
"../../../Engine/Content/EngineMaterials/Substrate/Glints2/dict_0006_0192.uasset" 6591
"../../../Engine/Content/EngineMaterials/Substrate/Glints2/dict_0006_0193.uasset" 6592
"../../../Engine/Content/EngineMaterials/Substrate/Glints2/dict_0006_0194.uasset" 6593
"../../../Engine/Content/EngineMaterials/Substrate/Glints2/dict_0006_0195.uasset" 6594
"../../../Engine/Content/EngineMaterials/Substrate/Glints2/dict_0006_0196.uasset" 6595
"../../../Engine/Content/EngineMaterials/Substrate/Glints2/dict_0006_0197.uasset" 6596
"../../../Engine/Content/EngineMaterials/Substrate/Glints2/dict_0006_0198.uasset" 6597
"../../../Engine/Content/EngineMaterials/Substrate/Glints2/dict_0006_0199.uasset" 6598
"../../../Engine/Content/EngineMaterials/Substrate/Glints2/dict_0006_0200.uasset" 6599
"../../../Engine/Content/EngineMaterials/Substrate/Glints2/dict_0006_0201.uasset" 6600
"../../../Engine/Content/EngineMaterials/Substrate/Glints2/dict_0006_0202.uasset" 6601
"../../../Engine/Content/EngineMaterials/Substrate/Glints2/dict_0006_0203.uasset" 6602
"../../../Engine/Content/EngineMaterials/Substrate/Glints2/dict_0006_0204.uasset" 6603
"../../../Engine/Content/EngineMaterials/Substrate/Glints2/dict_0006_0205.uasset" 6604
"../../../Engine/Content/EngineMaterials/Substrate/Glints2/dict_0006_0206.uasset" 6605
"../../../Engine/Content/EngineMaterials/Substrate/Glints2/dict_0006_0207.uasset" 6606
"../../../Engine/Content/EngineMaterials/Substrate/Glints2/dict_0006_0208.uasset" 6607
"../../../Engine/Content/EngineMaterials/Substrate/Glints2/dict_0006_0209.uasset" 6608
"../../../Engine/Content/EngineMaterials/Substrate/Glints2/dict_0006_0210.uasset" 6609
"../../../Engine/Content/EngineMaterials/Substrate/Glints2/dict_0006_0211.uasset" 6610
"../../../Engine/Content/EngineMaterials/Substrate/Glints2/dict_0006_0212.uasset" 6611
"../../../Engine/Content/EngineMaterials/Substrate/Glints2/dict_0006_0213.uasset" 6612
"../../../Engine/Content/EngineMaterials/Substrate/Glints2/dict_0006_0214.uasset" 6613
"../../../Engine/Content/EngineMaterials/Substrate/Glints2/dict_0006_0215.uasset" 6614
"../../../Engine/Content/EngineMaterials/Substrate/Glints2/dict_0006_0216.uasset" 6615
"../../../Engine/Content/EngineMaterials/Substrate/Glints2/dict_0006_0217.uasset" 6616
"../../../Engine/Content/EngineMaterials/Substrate/Glints2/dict_0006_0218.uasset" 6617
"../../../Engine/Content/EngineMaterials/Substrate/Glints2/dict_0006_0219.uasset" 6618
"../../../Engine/Content/EngineMaterials/Substrate/Glints2/dict_0006_0220.uasset" 6619
"../../../Engine/Content/EngineMaterials/Substrate/Glints2/dict_0006_0221.uasset" 6620
"../../../Engine/Content/EngineMaterials/Substrate/Glints2/dict_0006_0222.uasset" 6621
"../../../Engine/Content/EngineMaterials/Substrate/Glints2/dict_0006_0223.uasset" 6622
"../../../Engine/Content/EngineMaterials/Substrate/Glints2/dict_0006_0224.uasset" 6623
"../../../Engine/Content/EngineMaterials/Substrate/Glints2/dict_0006_0225.uasset" 6624
"../../../Engine/Content/EngineMaterials/Substrate/Glints2/dict_0006_0226.uasset" 6625
"../../../Engine/Content/EngineMaterials/Substrate/Glints2/dict_0006_0227.uasset" 6626
"../../../Engine/Content/EngineMaterials/Substrate/Glints2/dict_0006_0228.uasset" 6627
"../../../Engine/Content/EngineMaterials/Substrate/Glints2/dict_0006_0229.uasset" 6628
"../../../Engine/Content/EngineMaterials/Substrate/Glints2/dict_0006_0230.uasset" 6629
"../../../Engine/Content/EngineMaterials/Substrate/Glints2/dict_0006_0231.uasset" 6630
"../../../Engine/Content/EngineMaterials/Substrate/Glints2/dict_0006_0232.uasset" 6631
"../../../Engine/Content/EngineMaterials/Substrate/Glints2/dict_0006_0233.uasset" 6632
"../../../Engine/Content/EngineMaterials/Substrate/Glints2/dict_0006_0234.uasset" 6633
"../../../Engine/Content/EngineMaterials/Substrate/Glints2/dict_0006_0235.uasset" 6634
"../../../Engine/Content/EngineMaterials/Substrate/Glints2/dict_0006_0236.uasset" 6635
"../../../Engine/Content/EngineMaterials/Substrate/Glints2/dict_0006_0237.uasset" 6636
"../../../Engine/Content/EngineMaterials/Substrate/Glints2/dict_0006_0238.uasset" 6637
"../../../Engine/Content/EngineMaterials/Substrate/Glints2/dict_0006_0239.uasset" 6638
"../../../Engine/Content/EngineMaterials/Substrate/Glints2/dict_0006_0240.uasset" 6639
"../../../Engine/Content/EngineMaterials/Substrate/Glints2/dict_0006_0241.uasset" 6640
"../../../Engine/Content/EngineMaterials/Substrate/Glints2/dict_0006_0242.uasset" 6641
"../../../Engine/Content/EngineMaterials/Substrate/Glints2/dict_0006_0243.uasset" 6642
"../../../Engine/Content/EngineMaterials/Substrate/Glints2/dict_0006_0244.uasset" 6643
"../../../Engine/Content/EngineMaterials/Substrate/Glints2/dict_0006_0245.uasset" 6644
"../../../Engine/Content/EngineMaterials/Substrate/Glints2/dict_0006_0246.uasset" 6645
"../../../Engine/Content/EngineMaterials/Substrate/Glints2/dict_0006_0247.uasset" 6646
"../../../Engine/Content/EngineMaterials/Substrate/Glints2/dict_0006_0248.uasset" 6647
"../../../Engine/Content/EngineMaterials/Substrate/Glints2/dict_0006_0249.uasset" 6648
"../../../Engine/Content/EngineMaterials/Substrate/Glints2/dict_0006_0250.uasset" 6649
"../../../Engine/Content/EngineMaterials/Substrate/Glints2/dict_0006_0251.uasset" 6650
"../../../Engine/Content/EngineMaterials/Substrate/Glints2/dict_0006_0252.uasset" 6651
"../../../Engine/Content/EngineMaterials/Substrate/Glints2/dict_0006_0253.uasset" 6652
"../../../Engine/Content/EngineMaterials/Substrate/Glints2/dict_0006_0254.uasset" 6653
"../../../Engine/Content/EngineMaterials/Substrate/Glints2/dict_0006_0255.uasset" 6654
"../../../Engine/Content/EngineMaterials/Substrate/Glints2/dict_0007_0000.uasset" 6655
"../../../Engine/Content/EngineMaterials/Substrate/Glints2/dict_0007_0001.uasset" 6656
"../../../Engine/Content/EngineMaterials/Substrate/Glints2/dict_0007_0002.uasset" 6657
"../../../Engine/Content/EngineMaterials/Substrate/Glints2/dict_0007_0003.uasset" 6658
"../../../Engine/Content/EngineMaterials/Substrate/Glints2/dict_0007_0004.uasset" 6659
"../../../Engine/Content/EngineMaterials/Substrate/Glints2/dict_0007_0005.uasset" 6660
"../../../Engine/Content/EngineMaterials/Substrate/Glints2/dict_0007_0006.uasset" 6661
"../../../Engine/Content/EngineMaterials/Substrate/Glints2/dict_0007_0007.uasset" 6662
"../../../Engine/Content/EngineMaterials/Substrate/Glints2/dict_0007_0008.uasset" 6663
"../../../Engine/Content/EngineMaterials/Substrate/Glints2/dict_0007_0009.uasset" 6664
"../../../Engine/Content/EngineMaterials/Substrate/Glints2/dict_0007_0010.uasset" 6665
"../../../Engine/Content/EngineMaterials/Substrate/Glints2/dict_0007_0011.uasset" 6666
"../../../Engine/Content/EngineMaterials/Substrate/Glints2/dict_0007_0012.uasset" 6667
"../../../Engine/Content/EngineMaterials/Substrate/Glints2/dict_0007_0013.uasset" 6668
"../../../Engine/Content/EngineMaterials/Substrate/Glints2/dict_0007_0014.uasset" 6669
"../../../Engine/Content/EngineMaterials/Substrate/Glints2/dict_0007_0015.uasset" 6670
"../../../Engine/Content/EngineMaterials/Substrate/Glints2/dict_0007_0016.uasset" 6671
"../../../Engine/Content/EngineMaterials/Substrate/Glints2/dict_0007_0017.uasset" 6672
"../../../Engine/Content/EngineMaterials/Substrate/Glints2/dict_0007_0018.uasset" 6673
"../../../Engine/Content/EngineMaterials/Substrate/Glints2/dict_0007_0019.uasset" 6674
"../../../Engine/Content/EngineMaterials/Substrate/Glints2/dict_0007_0020.uasset" 6675
"../../../Engine/Content/EngineMaterials/Substrate/Glints2/dict_0007_0021.uasset" 6676
"../../../Engine/Content/EngineMaterials/Substrate/Glints2/dict_0007_0022.uasset" 6677
"../../../Engine/Content/EngineMaterials/Substrate/Glints2/dict_0007_0023.uasset" 6678
"../../../Engine/Content/EngineMaterials/Substrate/Glints2/dict_0007_0024.uasset" 6679
"../../../Engine/Content/EngineMaterials/Substrate/Glints2/dict_0007_0025.uasset" 6680
"../../../Engine/Content/EngineMaterials/Substrate/Glints2/dict_0007_0026.uasset" 6681
"../../../Engine/Content/EngineMaterials/Substrate/Glints2/dict_0007_0027.uasset" 6682
"../../../Engine/Content/EngineMaterials/Substrate/Glints2/dict_0007_0028.uasset" 6683
"../../../Engine/Content/EngineMaterials/Substrate/Glints2/dict_0007_0029.uasset" 6684
"../../../Engine/Content/EngineMaterials/Substrate/Glints2/dict_0007_0030.uasset" 6685
"../../../Engine/Content/EngineMaterials/Substrate/Glints2/dict_0007_0031.uasset" 6686
"../../../Engine/Content/EngineMaterials/Substrate/Glints2/dict_0007_0032.uasset" 6687
"../../../Engine/Content/EngineMaterials/Substrate/Glints2/dict_0007_0033.uasset" 6688
"../../../Engine/Content/EngineMaterials/Substrate/Glints2/dict_0007_0034.uasset" 6689
"../../../Engine/Content/EngineMaterials/Substrate/Glints2/dict_0007_0035.uasset" 6690
"../../../Engine/Content/EngineMaterials/Substrate/Glints2/dict_0007_0036.uasset" 6691
"../../../Engine/Content/EngineMaterials/Substrate/Glints2/dict_0007_0037.uasset" 6692
"../../../Engine/Content/EngineMaterials/Substrate/Glints2/dict_0007_0038.uasset" 6693
"../../../Engine/Content/EngineMaterials/Substrate/Glints2/dict_0007_0039.uasset" 6694
"../../../Engine/Content/EngineMaterials/Substrate/Glints2/dict_0007_0040.uasset" 6695
"../../../Engine/Content/EngineMaterials/Substrate/Glints2/dict_0007_0041.uasset" 6696
"../../../Engine/Content/EngineMaterials/Substrate/Glints2/dict_0007_0042.uasset" 6697
"../../../Engine/Content/EngineMaterials/Substrate/Glints2/dict_0007_0043.uasset" 6698
"../../../Engine/Content/EngineMaterials/Substrate/Glints2/dict_0007_0044.uasset" 6699
"../../../Engine/Content/EngineMaterials/Substrate/Glints2/dict_0007_0045.uasset" 6700
"../../../Engine/Content/EngineMaterials/Substrate/Glints2/dict_0007_0046.uasset" 6701
"../../../Engine/Content/EngineMaterials/Substrate/Glints2/dict_0007_0047.uasset" 6702
"../../../Engine/Content/EngineMaterials/Substrate/Glints2/dict_0007_0048.uasset" 6703
"../../../Engine/Content/EngineMaterials/Substrate/Glints2/dict_0007_0049.uasset" 6704
"../../../Engine/Content/EngineMaterials/Substrate/Glints2/dict_0007_0050.uasset" 6705
"../../../Engine/Content/EngineMaterials/Substrate/Glints2/dict_0007_0051.uasset" 6706
"../../../Engine/Content/EngineMaterials/Substrate/Glints2/dict_0007_0052.uasset" 6707
"../../../Engine/Content/EngineMaterials/Substrate/Glints2/dict_0007_0053.uasset" 6708
"../../../Engine/Content/EngineMaterials/Substrate/Glints2/dict_0007_0054.uasset" 6709
"../../../Engine/Content/EngineMaterials/Substrate/Glints2/dict_0007_0055.uasset" 6710
"../../../Engine/Content/EngineMaterials/Substrate/Glints2/dict_0007_0056.uasset" 6711
"../../../Engine/Content/EngineMaterials/Substrate/Glints2/dict_0007_0057.uasset" 6712
"../../../Engine/Content/EngineMaterials/Substrate/Glints2/dict_0007_0058.uasset" 6713
"../../../Engine/Content/EngineMaterials/Substrate/Glints2/dict_0007_0059.uasset" 6714
"../../../Engine/Content/EngineMaterials/Substrate/Glints2/dict_0007_0060.uasset" 6715
"../../../Engine/Content/EngineMaterials/Substrate/Glints2/dict_0007_0061.uasset" 6716
"../../../Engine/Content/EngineMaterials/Substrate/Glints2/dict_0007_0062.uasset" 6717
"../../../Engine/Content/EngineMaterials/Substrate/Glints2/dict_0007_0063.uasset" 6718
"../../../Engine/Content/EngineMaterials/Substrate/Glints2/dict_0007_0064.uasset" 6719
"../../../Engine/Content/EngineMaterials/Substrate/Glints2/dict_0007_0065.uasset" 6720
"../../../Engine/Content/EngineMaterials/Substrate/Glints2/dict_0007_0066.uasset" 6721
"../../../Engine/Content/EngineMaterials/Substrate/Glints2/dict_0007_0067.uasset" 6722
"../../../Engine/Content/EngineMaterials/Substrate/Glints2/dict_0007_0068.uasset" 6723
"../../../Engine/Content/EngineMaterials/Substrate/Glints2/dict_0007_0069.uasset" 6724
"../../../Engine/Content/EngineMaterials/Substrate/Glints2/dict_0007_0070.uasset" 6725
"../../../Engine/Content/EngineMaterials/Substrate/Glints2/dict_0007_0071.uasset" 6726
"../../../Engine/Content/EngineMaterials/Substrate/Glints2/dict_0007_0072.uasset" 6727
"../../../Engine/Content/EngineMaterials/Substrate/Glints2/dict_0007_0073.uasset" 6728
"../../../Engine/Content/EngineMaterials/Substrate/Glints2/dict_0007_0074.uasset" 6729
"../../../Engine/Content/EngineMaterials/Substrate/Glints2/dict_0007_0075.uasset" 6730
"../../../Engine/Content/EngineMaterials/Substrate/Glints2/dict_0007_0076.uasset" 6731
"../../../Engine/Content/EngineMaterials/Substrate/Glints2/dict_0007_0077.uasset" 6732
"../../../Engine/Content/EngineMaterials/Substrate/Glints2/dict_0007_0078.uasset" 6733
"../../../Engine/Content/EngineMaterials/Substrate/Glints2/dict_0007_0079.uasset" 6734
"../../../Engine/Content/EngineMaterials/Substrate/Glints2/dict_0007_0080.uasset" 6735
"../../../Engine/Content/EngineMaterials/Substrate/Glints2/dict_0007_0081.uasset" 6736
"../../../Engine/Content/EngineMaterials/Substrate/Glints2/dict_0007_0082.uasset" 6737
"../../../Engine/Content/EngineMaterials/Substrate/Glints2/dict_0007_0083.uasset" 6738
"../../../Engine/Content/EngineMaterials/Substrate/Glints2/dict_0007_0084.uasset" 6739
"../../../Engine/Content/EngineMaterials/Substrate/Glints2/dict_0007_0085.uasset" 6740
"../../../Engine/Content/EngineMaterials/Substrate/Glints2/dict_0007_0086.uasset" 6741
"../../../Engine/Content/EngineMaterials/Substrate/Glints2/dict_0007_0087.uasset" 6742
"../../../Engine/Content/EngineMaterials/Substrate/Glints2/dict_0007_0088.uasset" 6743
"../../../Engine/Content/EngineMaterials/Substrate/Glints2/dict_0007_0089.uasset" 6744
"../../../Engine/Content/EngineMaterials/Substrate/Glints2/dict_0007_0090.uasset" 6745
"../../../Engine/Content/EngineMaterials/Substrate/Glints2/dict_0007_0091.uasset" 6746
"../../../Engine/Content/EngineMaterials/Substrate/Glints2/dict_0007_0092.uasset" 6747
"../../../Engine/Content/EngineMaterials/Substrate/Glints2/dict_0007_0093.uasset" 6748
"../../../Engine/Content/EngineMaterials/Substrate/Glints2/dict_0007_0094.uasset" 6749
"../../../Engine/Content/EngineMaterials/Substrate/Glints2/dict_0007_0095.uasset" 6750
"../../../Engine/Content/EngineMaterials/Substrate/Glints2/dict_0007_0096.uasset" 6751
"../../../Engine/Content/EngineMaterials/Substrate/Glints2/dict_0007_0097.uasset" 6752
"../../../Engine/Content/EngineMaterials/Substrate/Glints2/dict_0007_0098.uasset" 6753
"../../../Engine/Content/EngineMaterials/Substrate/Glints2/dict_0007_0099.uasset" 6754
"../../../Engine/Content/EngineMaterials/Substrate/Glints2/dict_0007_0100.uasset" 6755
"../../../Engine/Content/EngineMaterials/Substrate/Glints2/dict_0007_0101.uasset" 6756
"../../../Engine/Content/EngineMaterials/Substrate/Glints2/dict_0007_0102.uasset" 6757
"../../../Engine/Content/EngineMaterials/Substrate/Glints2/dict_0007_0103.uasset" 6758
"../../../Engine/Content/EngineMaterials/Substrate/Glints2/dict_0007_0104.uasset" 6759
"../../../Engine/Content/EngineMaterials/Substrate/Glints2/dict_0007_0105.uasset" 6760
"../../../Engine/Content/EngineMaterials/Substrate/Glints2/dict_0007_0106.uasset" 6761
"../../../Engine/Content/EngineMaterials/Substrate/Glints2/dict_0007_0107.uasset" 6762
"../../../Engine/Content/EngineMaterials/Substrate/Glints2/dict_0007_0108.uasset" 6763
"../../../Engine/Content/EngineMaterials/Substrate/Glints2/dict_0007_0109.uasset" 6764
"../../../Engine/Content/EngineMaterials/Substrate/Glints2/dict_0007_0110.uasset" 6765
"../../../Engine/Content/EngineMaterials/Substrate/Glints2/dict_0007_0111.uasset" 6766
"../../../Engine/Content/EngineMaterials/Substrate/Glints2/dict_0007_0112.uasset" 6767
"../../../Engine/Content/EngineMaterials/Substrate/Glints2/dict_0007_0113.uasset" 6768
"../../../Engine/Content/EngineMaterials/Substrate/Glints2/dict_0007_0114.uasset" 6769
"../../../Engine/Content/EngineMaterials/Substrate/Glints2/dict_0007_0115.uasset" 6770
"../../../Engine/Content/EngineMaterials/Substrate/Glints2/dict_0007_0116.uasset" 6771
"../../../Engine/Content/EngineMaterials/Substrate/Glints2/dict_0007_0117.uasset" 6772
"../../../Engine/Content/EngineMaterials/Substrate/Glints2/dict_0007_0118.uasset" 6773
"../../../Engine/Content/EngineMaterials/Substrate/Glints2/dict_0007_0119.uasset" 6774
"../../../Engine/Content/EngineMaterials/Substrate/Glints2/dict_0007_0120.uasset" 6775
"../../../Engine/Content/EngineMaterials/Substrate/Glints2/dict_0007_0121.uasset" 6776
"../../../Engine/Content/EngineMaterials/Substrate/Glints2/dict_0007_0122.uasset" 6777
"../../../Engine/Content/EngineMaterials/Substrate/Glints2/dict_0007_0123.uasset" 6778
"../../../Engine/Content/EngineMaterials/Substrate/Glints2/dict_0007_0124.uasset" 6779
"../../../Engine/Content/EngineMaterials/Substrate/Glints2/dict_0007_0125.uasset" 6780
"../../../Engine/Content/EngineMaterials/Substrate/Glints2/dict_0007_0126.uasset" 6781
"../../../Engine/Content/EngineMaterials/Substrate/Glints2/dict_0007_0127.uasset" 6782
"../../../Engine/Content/EngineMaterials/Substrate/Glints2/dict_0007_0128.uasset" 6783
"../../../Engine/Content/EngineMaterials/Substrate/Glints2/dict_0007_0129.uasset" 6784
"../../../Engine/Content/EngineMaterials/Substrate/Glints2/dict_0007_0130.uasset" 6785
"../../../Engine/Content/EngineMaterials/Substrate/Glints2/dict_0007_0131.uasset" 6786
"../../../Engine/Content/EngineMaterials/Substrate/Glints2/dict_0007_0132.uasset" 6787
"../../../Engine/Content/EngineMaterials/Substrate/Glints2/dict_0007_0133.uasset" 6788
"../../../Engine/Content/EngineMaterials/Substrate/Glints2/dict_0007_0134.uasset" 6789
"../../../Engine/Content/EngineMaterials/Substrate/Glints2/dict_0007_0135.uasset" 6790
"../../../Engine/Content/EngineMaterials/Substrate/Glints2/dict_0007_0136.uasset" 6791
"../../../Engine/Content/EngineMaterials/Substrate/Glints2/dict_0007_0137.uasset" 6792
"../../../Engine/Content/EngineMaterials/Substrate/Glints2/dict_0007_0138.uasset" 6793
"../../../Engine/Content/EngineMaterials/Substrate/Glints2/dict_0007_0139.uasset" 6794
"../../../Engine/Content/EngineMaterials/Substrate/Glints2/dict_0007_0140.uasset" 6795
"../../../Engine/Content/EngineMaterials/Substrate/Glints2/dict_0007_0141.uasset" 6796
"../../../Engine/Content/EngineMaterials/Substrate/Glints2/dict_0007_0142.uasset" 6797
"../../../Engine/Content/EngineMaterials/Substrate/Glints2/dict_0007_0143.uasset" 6798
"../../../Engine/Content/EngineMaterials/Substrate/Glints2/dict_0007_0144.uasset" 6799
"../../../Engine/Content/EngineMaterials/Substrate/Glints2/dict_0007_0145.uasset" 6800
"../../../Engine/Content/EngineMaterials/Substrate/Glints2/dict_0007_0146.uasset" 6801
"../../../Engine/Content/EngineMaterials/Substrate/Glints2/dict_0007_0147.uasset" 6802
"../../../Engine/Content/EngineMaterials/Substrate/Glints2/dict_0007_0148.uasset" 6803
"../../../Engine/Content/EngineMaterials/Substrate/Glints2/dict_0007_0149.uasset" 6804
"../../../Engine/Content/EngineMaterials/Substrate/Glints2/dict_0007_0150.uasset" 6805
"../../../Engine/Content/EngineMaterials/Substrate/Glints2/dict_0007_0151.uasset" 6806
"../../../Engine/Content/EngineMaterials/Substrate/Glints2/dict_0007_0152.uasset" 6807
"../../../Engine/Content/EngineMaterials/Substrate/Glints2/dict_0007_0153.uasset" 6808
"../../../Engine/Content/EngineMaterials/Substrate/Glints2/dict_0007_0154.uasset" 6809
"../../../Engine/Content/EngineMaterials/Substrate/Glints2/dict_0007_0155.uasset" 6810
"../../../Engine/Content/EngineMaterials/Substrate/Glints2/dict_0007_0156.uasset" 6811
"../../../Engine/Content/EngineMaterials/Substrate/Glints2/dict_0007_0157.uasset" 6812
"../../../Engine/Content/EngineMaterials/Substrate/Glints2/dict_0007_0158.uasset" 6813
"../../../Engine/Content/EngineMaterials/Substrate/Glints2/dict_0007_0159.uasset" 6814
"../../../Engine/Content/EngineMaterials/Substrate/Glints2/dict_0007_0160.uasset" 6815
"../../../Engine/Content/EngineMaterials/Substrate/Glints2/dict_0007_0161.uasset" 6816
"../../../Engine/Content/EngineMaterials/Substrate/Glints2/dict_0007_0162.uasset" 6817
"../../../Engine/Content/EngineMaterials/Substrate/Glints2/dict_0007_0163.uasset" 6818
"../../../Engine/Content/EngineMaterials/Substrate/Glints2/dict_0007_0164.uasset" 6819
"../../../Engine/Content/EngineMaterials/Substrate/Glints2/dict_0007_0165.uasset" 6820
"../../../Engine/Content/EngineMaterials/Substrate/Glints2/dict_0007_0166.uasset" 6821
"../../../Engine/Content/EngineMaterials/Substrate/Glints2/dict_0007_0167.uasset" 6822
"../../../Engine/Content/EngineMaterials/Substrate/Glints2/dict_0007_0168.uasset" 6823
"../../../Engine/Content/EngineMaterials/Substrate/Glints2/dict_0007_0169.uasset" 6824
"../../../Engine/Content/EngineMaterials/Substrate/Glints2/dict_0007_0170.uasset" 6825
"../../../Engine/Content/EngineMaterials/Substrate/Glints2/dict_0007_0171.uasset" 6826
"../../../Engine/Content/EngineMaterials/Substrate/Glints2/dict_0007_0172.uasset" 6827
"../../../Engine/Content/EngineMaterials/Substrate/Glints2/dict_0007_0173.uasset" 6828
"../../../Engine/Content/EngineMaterials/Substrate/Glints2/dict_0007_0174.uasset" 6829
"../../../Engine/Content/EngineMaterials/Substrate/Glints2/dict_0007_0175.uasset" 6830
"../../../Engine/Content/EngineMaterials/Substrate/Glints2/dict_0007_0176.uasset" 6831
"../../../Engine/Content/EngineMaterials/Substrate/Glints2/dict_0007_0177.uasset" 6832
"../../../Engine/Content/EngineMaterials/Substrate/Glints2/dict_0007_0178.uasset" 6833
"../../../Engine/Content/EngineMaterials/Substrate/Glints2/dict_0007_0179.uasset" 6834
"../../../Engine/Content/EngineMaterials/Substrate/Glints2/dict_0007_0180.uasset" 6835
"../../../Engine/Content/EngineMaterials/Substrate/Glints2/dict_0007_0181.uasset" 6836
"../../../Engine/Content/EngineMaterials/Substrate/Glints2/dict_0007_0182.uasset" 6837
"../../../Engine/Content/EngineMaterials/Substrate/Glints2/dict_0007_0183.uasset" 6838
"../../../Engine/Content/EngineMaterials/Substrate/Glints2/dict_0007_0184.uasset" 6839
"../../../Engine/Content/EngineMaterials/Substrate/Glints2/dict_0007_0185.uasset" 6840
"../../../Engine/Content/EngineMaterials/Substrate/Glints2/dict_0007_0186.uasset" 6841
"../../../Engine/Content/EngineMaterials/Substrate/Glints2/dict_0007_0187.uasset" 6842
"../../../Engine/Content/EngineMaterials/Substrate/Glints2/dict_0007_0188.uasset" 6843
"../../../Engine/Content/EngineMaterials/Substrate/Glints2/dict_0007_0189.uasset" 6844
"../../../Engine/Content/EngineMaterials/Substrate/Glints2/dict_0007_0190.uasset" 6845
"../../../Engine/Content/EngineMaterials/Substrate/Glints2/dict_0007_0191.uasset" 6846
"../../../Engine/Content/EngineMaterials/Substrate/Glints2/dict_0007_0192.uasset" 6847
"../../../Engine/Content/EngineMaterials/Substrate/Glints2/dict_0007_0193.uasset" 6848
"../../../Engine/Content/EngineMaterials/Substrate/Glints2/dict_0007_0194.uasset" 6849
"../../../Engine/Content/EngineMaterials/Substrate/Glints2/dict_0007_0195.uasset" 6850
"../../../Engine/Content/EngineMaterials/Substrate/Glints2/dict_0007_0196.uasset" 6851
"../../../Engine/Content/EngineMaterials/Substrate/Glints2/dict_0007_0197.uasset" 6852
"../../../Engine/Content/EngineMaterials/Substrate/Glints2/dict_0007_0198.uasset" 6853
"../../../Engine/Content/EngineMaterials/Substrate/Glints2/dict_0007_0199.uasset" 6854
"../../../Engine/Content/EngineMaterials/Substrate/Glints2/dict_0007_0200.uasset" 6855
"../../../Engine/Content/EngineMaterials/Substrate/Glints2/dict_0007_0201.uasset" 6856
"../../../Engine/Content/EngineMaterials/Substrate/Glints2/dict_0007_0202.uasset" 6857
"../../../Engine/Content/EngineMaterials/Substrate/Glints2/dict_0007_0203.uasset" 6858
"../../../Engine/Content/EngineMaterials/Substrate/Glints2/dict_0007_0204.uasset" 6859
"../../../Engine/Content/EngineMaterials/Substrate/Glints2/dict_0007_0205.uasset" 6860
"../../../Engine/Content/EngineMaterials/Substrate/Glints2/dict_0007_0206.uasset" 6861
"../../../Engine/Content/EngineMaterials/Substrate/Glints2/dict_0007_0207.uasset" 6862
"../../../Engine/Content/EngineMaterials/Substrate/Glints2/dict_0007_0208.uasset" 6863
"../../../Engine/Content/EngineMaterials/Substrate/Glints2/dict_0007_0209.uasset" 6864
"../../../Engine/Content/EngineMaterials/Substrate/Glints2/dict_0007_0210.uasset" 6865
"../../../Engine/Content/EngineMaterials/Substrate/Glints2/dict_0007_0211.uasset" 6866
"../../../Engine/Content/EngineMaterials/Substrate/Glints2/dict_0007_0212.uasset" 6867
"../../../Engine/Content/EngineMaterials/Substrate/Glints2/dict_0007_0213.uasset" 6868
"../../../Engine/Content/EngineMaterials/Substrate/Glints2/dict_0007_0214.uasset" 6869
"../../../Engine/Content/EngineMaterials/Substrate/Glints2/dict_0007_0215.uasset" 6870
"../../../Engine/Content/EngineMaterials/Substrate/Glints2/dict_0007_0216.uasset" 6871
"../../../Engine/Content/EngineMaterials/Substrate/Glints2/dict_0007_0217.uasset" 6872
"../../../Engine/Content/EngineMaterials/Substrate/Glints2/dict_0007_0218.uasset" 6873
"../../../Engine/Content/EngineMaterials/Substrate/Glints2/dict_0007_0219.uasset" 6874
"../../../Engine/Content/EngineMaterials/Substrate/Glints2/dict_0007_0220.uasset" 6875
"../../../Engine/Content/EngineMaterials/Substrate/Glints2/dict_0007_0221.uasset" 6876
"../../../Engine/Content/EngineMaterials/Substrate/Glints2/dict_0007_0222.uasset" 6877
"../../../Engine/Content/EngineMaterials/Substrate/Glints2/dict_0007_0223.uasset" 6878
"../../../Engine/Content/EngineMaterials/Substrate/Glints2/dict_0007_0224.uasset" 6879
"../../../Engine/Content/EngineMaterials/Substrate/Glints2/dict_0007_0225.uasset" 6880
"../../../Engine/Content/EngineMaterials/Substrate/Glints2/dict_0007_0226.uasset" 6881
"../../../Engine/Content/EngineMaterials/Substrate/Glints2/dict_0007_0227.uasset" 6882
"../../../Engine/Content/EngineMaterials/Substrate/Glints2/dict_0007_0228.uasset" 6883
"../../../Engine/Content/EngineMaterials/Substrate/Glints2/dict_0007_0229.uasset" 6884
"../../../Engine/Content/EngineMaterials/Substrate/Glints2/dict_0007_0230.uasset" 6885
"../../../Engine/Content/EngineMaterials/Substrate/Glints2/dict_0007_0231.uasset" 6886
"../../../Engine/Content/EngineMaterials/Substrate/Glints2/dict_0007_0232.uasset" 6887
"../../../Engine/Content/EngineMaterials/Substrate/Glints2/dict_0007_0233.uasset" 6888
"../../../Engine/Content/EngineMaterials/Substrate/Glints2/dict_0007_0234.uasset" 6889
"../../../Engine/Content/EngineMaterials/Substrate/Glints2/dict_0007_0235.uasset" 6890
"../../../Engine/Content/EngineMaterials/Substrate/Glints2/dict_0007_0236.uasset" 6891
"../../../Engine/Content/EngineMaterials/Substrate/Glints2/dict_0007_0237.uasset" 6892
"../../../Engine/Content/EngineMaterials/Substrate/Glints2/dict_0007_0238.uasset" 6893
"../../../Engine/Content/EngineMaterials/Substrate/Glints2/dict_0007_0239.uasset" 6894
"../../../Engine/Content/EngineMaterials/Substrate/Glints2/dict_0007_0240.uasset" 6895
"../../../Engine/Content/EngineMaterials/Substrate/Glints2/dict_0007_0241.uasset" 6896
"../../../Engine/Content/EngineMaterials/Substrate/Glints2/dict_0007_0242.uasset" 6897
"../../../Engine/Content/EngineMaterials/Substrate/Glints2/dict_0007_0243.uasset" 6898
"../../../Engine/Content/EngineMaterials/Substrate/Glints2/dict_0007_0244.uasset" 6899
"../../../Engine/Content/EngineMaterials/Substrate/Glints2/dict_0007_0245.uasset" 6900
"../../../Engine/Content/EngineMaterials/Substrate/Glints2/dict_0007_0246.uasset" 6901
"../../../Engine/Content/EngineMaterials/Substrate/Glints2/dict_0007_0247.uasset" 6902
"../../../Engine/Content/EngineMaterials/Substrate/Glints2/dict_0007_0248.uasset" 6903
"../../../Engine/Content/EngineMaterials/Substrate/Glints2/dict_0007_0249.uasset" 6904
"../../../Engine/Content/EngineMaterials/Substrate/Glints2/dict_0007_0250.uasset" 6905
"../../../Engine/Content/EngineMaterials/Substrate/Glints2/dict_0007_0251.uasset" 6906
"../../../Engine/Content/EngineMaterials/Substrate/Glints2/dict_0007_0252.uasset" 6907
"../../../Engine/Content/EngineMaterials/Substrate/Glints2/dict_0007_0253.uasset" 6908
"../../../Engine/Content/EngineMaterials/Substrate/Glints2/dict_0007_0254.uasset" 6909
"../../../Engine/Content/EngineMaterials/Substrate/Glints2/dict_0007_0255.uasset" 6910
"/Engine/EngineMaterials/Substrate/Volume/SubstrateSimpleVolumeLUT3D" 6911
"../../../Engine/Content/EngineMaterials/Substrate/Volume/SubstrateSimpleVolumeLUT2D.uasset" 6912
"/Engine/EngineMaterials/Substrate/Volume/SubstrateSimpleVolumeEnvLUT3D" 6913
"../../../Engine/Content/EngineMaterials/Substrate/Volume/SubstrateSimpleVolumeEnvLUT2D.uasset" 6914
"../../../Engine/Content/Maps/Entry.umap" 6915
"/InterchangeAssets/Functions/MX_StandardSurface" 6916
"../../Plugins/Interchange/Assets/Content/Functions/MF_OrenNayerView.uasset" 6917
"../../../Engine/Plugins/Animation/ControlRig/Content/Controls/ControlRig_Wedge_3mm.uasset" 6918
"../../../Engine/Plugins/Animation/ControlRig/Content/Controls/ControlRig_Wedge_solid.uasset" 6919
"../../../Engine/Plugins/Animation/ControlRig/Content/Controls/ControlRig_Wedge_1mm.uasset" 6920
"../../../Engine/Plugins/Animation/ControlRig/Content/Controls/ControlRig_Triangle_3mm.uasset" 6921
"../../Plugins/Interchange/Assets/Content/Functions/MF_SchlickApprox.uasset" 6922
"../../../Engine/Plugins/Animation/ControlRig/Content/Controls/ControlRig_Triangle_solid.uasset" 6923
"../../../Engine/Plugins/Animation/ControlRig/Content/Controls/ControlRig_Triangle_1mm.uasset" 6924
"../../../Engine/Plugins/Animation/ControlRig/Content/Controls/ControlRig_Star4_solid.uasset" 6925
"../../../Engine/Plugins/Animation/ControlRig/Content/Controls/ControlRig_Star4_1mm.uasset" 6926
"../../../Engine/Plugins/Animation/ControlRig/Content/Controls/ControlRig_Star4_3mm.uasset" 6927
"../../../Engine/Plugins/Animation/ControlRig/Content/Controls/ControlRig_Square_solid.uasset" 6928
"../../../Engine/Plugins/Animation/ControlRig/Content/Controls/ControlRig_Square_3mm.uasset" 6929
"/Paper2D/TranslucentUnlitSpriteMaterial" 6930
"../../../Engine/Plugins/Animation/ControlRig/Content/Controls/ControlRig_Square_1mm.uasset" 6931
"../../../Engine/Plugins/Animation/ControlRig/Content/Controls/ControlRig_RoundedTriangle_solid.uasset" 6932
"../../../Engine/Plugins/Animation/ControlRig/Content/Controls/ControlRig_Sphere_3mm.uasset" 6933
"../../../Engine/Plugins/Animation/ControlRig/Content/Controls/ControlRig_Sphere_1mm.uasset" 6934
"../../../Engine/Plugins/Animation/ControlRig/Content/Controls/ControlRig_RoundedTriangle_3mm.uasset" 6935
"../../../Engine/Plugins/Animation/ControlRig/Content/Controls/ControlRig_RoundedSquare_solid.uasset" 6936
"../../../Engine/Plugins/Animation/ControlRig/Content/Controls/ControlRig_RoundedTriangle_1mm.uasset" 6937
"../../../Engine/Plugins/Animation/ControlRig/Content/Controls/ControlRig_RoundedSquare_3mm.uasset" 6938
"/Game/Material/QTE/M_QTE_SquareProgress" 6939
"/Game/MyGame/Asset/VFX/Decal/Tache_encre_02" 6940
"/Game/MyGame/Asset/VFX/Decal/tache_encre" 6941
"/Game/MyGame/Input/IMC_Default" 6942
"/Engine/Maps/Entry" 6943
"/ControlRig/Controls/ControlRig_RoundedSquare_3mm" 6944
"/ControlRig/Controls/ControlRig_RoundedSquare_solid" 6945
"/ControlRig/Controls/ControlRig_RoundedTriangle_1mm" 6946
"/ControlRig/Controls/ControlRig_RoundedTriangle_3mm" 6947
"/ControlRig/Controls/ControlRig_RoundedTriangle_solid" 6948
"/ControlRig/Controls/ControlRig_Sphere_1mm" 6949
"/ControlRig/Controls/ControlRig_Sphere_3mm" 6950
"/ControlRig/Controls/ControlRig_Square_1mm" 6951
"/ControlRig/Controls/ControlRig_Triangle_3mm" 6952
"/ControlRig/Controls/ControlRig_Triangle_solid" 6953
"/ControlRig/Controls/ControlRig_Wedge_1mm" 6954
"/ControlRig/Controls/ControlRig_Wedge_3mm" 6955
"/ControlRig/Controls/ControlRig_Wedge_solid" 6956
"/ControlRig/Controls/ControlRig_Square_3mm" 6957
"/ControlRig/Controls/ControlRig_Square_solid" 6958
"/ControlRig/Controls/ControlRig_Star4_solid" 6959
"/ControlRig/Controls/ControlRig_Triangle_1mm" 6960
"/ControlRig/Controls/ControlRig_Star4_1mm" 6961
"/ControlRig/Controls/ControlRig_Star4_3mm" 6962
"../../../Engine/Plugins/Animation/ControlRig/Content/Controls/ControlRig_RoundedSquare_1mm.uasset" 6963
"../../../Engine/Plugins/Animation/ControlRig/Content/Controls/ControlRig_QuarterCircle_solid.uasset" 6964
"../../../Engine/Plugins/Animation/ControlRig/Content/Controls/ControlRig_QuarterCircle_3mm.uasset" 6965
"../../../Engine/Plugins/Animation/ControlRig/Content/Controls/ControlRig_QuarterCircle_1mm.uasset" 6966
"/ControlRig/Controls/ControlRig_QuarterCircle_1mm" 6967
"/ControlRig/Controls/ControlRig_QuarterCircle_3mm" 6968
"/ControlRig/Controls/ControlRig_QuarterCircle_solid" 6969
"/ControlRig/Controls/ControlRig_RoundedSquare_1mm" 6970
"../../../Engine/Plugins/Animation/ControlRig/Content/Controls/ControlRig_Pyramid_solid.uasset" 6971
"/ControlRig/Controls/ControlRig_Pyramid_solid" 6972
"../../../Engine/Plugins/Animation/ControlRig/Content/Controls/ControlRig_Pyramid_3mm.uasset" 6973
"../../../Engine/Plugins/Animation/ControlRig/Content/Controls/ControlRig_Pyramid_1mm.uasset" 6974
"../../../Engine/Plugins/Animation/ControlRig/Content/Controls/ControlRig_Octagon_solid.uasset" 6975
"../../../Engine/Plugins/Animation/ControlRig/Content/Controls/ControlRig_Octagon_3mm.uasset" 6976
"/ControlRig/Controls/ControlRig_Octagon_3mm" 6977
"/ControlRig/Controls/ControlRig_Octagon_solid" 6978
"/ControlRig/Controls/ControlRig_Pyramid_1mm" 6979
"../../../Engine/Plugins/Animation/ControlRig/Content/Controls/ControlRig_Octagon_1mm.uasset" 6980
"/ControlRig/Controls/ControlRig_Pyramid_3mm" 6981
"/ControlRig/Controls/ControlRig_Octagon_1mm" 6982
"../../../Engine/Plugins/Animation/ControlRig/Content/Controls/ControlRig_Hexagon_solid.uasset" 6983
"../../../Engine/Plugins/Animation/ControlRig/Content/Controls/ControlRig_Hexagon_3mm.uasset" 6984
"../../../Engine/Plugins/Animation/ControlRig/Content/Controls/ControlRig_Hexagon_1mm.uasset" 6985
"../../../Engine/Plugins/Animation/ControlRig/Content/Controls/ControlRig_HalfCircle_solid.uasset" 6986
"../../../Engine/Plugins/Animation/ControlRig/Content/Controls/ControlRig_HalfCircle_1mm.uasset" 6987
"../../../Engine/Plugins/Animation/ControlRig/Content/Controls/ControlRig_Diamond_solid.uasset" 6988
"../../../Engine/Plugins/Animation/ControlRig/Content/Controls/ControlRig_HalfCircle_3mm.uasset" 6989
"../../../Engine/Plugins/Animation/ControlRig/Content/Controls/ControlRig_Diamond_3mm.uasset" 6990
"../../../Engine/Plugins/Animation/ControlRig/Content/Controls/ControlRig_Diamond_1mm.uasset" 6991
"../../../Engine/Plugins/Animation/ControlRig/Content/Controls/ControlRig_Circle_1mm.uasset" 6992
"../../../Engine/Plugins/Animation/ControlRig/Content/Controls/ControlRig_Circle_solid.uasset" 6993
"../../../Engine/Plugins/Animation/ControlRig/Content/Controls/ControlRig_Box_solid.uasset" 6994
"../../../Engine/Plugins/Animation/ControlRig/Content/Controls/ControlRig_Box_3mm.uasset" 6995
"../../../Engine/Plugins/Animation/ControlRig/Content/Controls/ControlRig_Circle_3mm.uasset" 6996
"../../../Engine/Plugins/Animation/ControlRig/Content/Controls/ControlRig_Box_1mm.uasset" 6997
"../../../Engine/Plugins/Animation/ControlRig/Content/Controls/ControlRig_Arrow_3mm.uasset" 6998
"../../../Engine/Plugins/Animation/ControlRig/Content/Controls/ControlRig_Arrow_1mm.uasset" 6999
"../../../Engine/Plugins/Animation/ControlRig/Content/Controls/ControlRig_Arrow_solid.uasset" 7000
"../../../Engine/Plugins/Animation/ControlRig/Content/Controls/ControlRig_Arrow4_3mm.uasset" 7001
"../../../Engine/Plugins/Animation/ControlRig/Content/Controls/ControlRig_Arrow2_solid.uasset" 7002
"../../../Engine/Plugins/Animation/ControlRig/Content/Controls/ControlRig_Arrow4_solid.uasset" 7003
"../../../Engine/Plugins/Animation/ControlRig/Content/Controls/ControlRig_Arrow2_3mm.uasset" 7004
"/ControlRig/Controls/ControlRig_Arrow2_solid" 7005
"../../../Engine/Plugins/Animation/ControlRig/Content/Controls/ControlRig_Arrow2_1mm.uasset" 7006
"/ControlRig/Controls/ControlRig_Arrow4_3mm" 7007
"/ControlRig/Controls/ControlRig_Arrow4_solid" 7008
"../../../Engine/Plugins/Animation/ControlRig/Content/Controls/ControlRig_Sphere_solid.uasset" 7009
"C:/Users/tevaf/Desktop/Logiciels/Unreal Projects/Team6_Unreal/Content/MyGame/Blueprints/Ink/BP_InkSplash.uasset" 7010
"/ControlRig/Controls/ControlRig_Arrow_1mm" 7011
"../../../Engine/Plugins/Animation/ControlRig/Content/Controls/ControlRig_Arrow4_1mm.uasset" 7012
"/ControlRig/Controls/ControlRig_Arrow_3mm" 7013
"/ControlRig/Controls/ControlRig_Diamond_1mm" 7014
"C:/Users/tevaf/Desktop/Logiciels/Unreal Projects/Team6_Unreal/Content/Material/QTE/MI_QTE_SquareProgress.uasset" 7015
"/ControlRig/Controls/ControlRig_Diamond_3mm" 7016
"/ControlRig/Controls/ControlRig_Diamond_solid" 7017
"/ControlRig/Controls/ControlRig_HalfCircle_1mm" 7018
"/ControlRig/Controls/ControlRig_HalfCircle_3mm" 7019
"/ControlRig/Controls/ControlRig_HalfCircle_solid" 7020
"/ControlRig/Controls/ControlRig_Hexagon_1mm" 7021
"/ControlRig/Controls/ControlRig_Hexagon_3mm" 7022
"/ControlRig/Controls/ControlRig_Arrow_solid" 7023
"/ControlRig/Controls/ControlRig_Box_1mm" 7024
"/ControlRig/Controls/ControlRig_Box_3mm" 7025
"/ControlRig/Controls/ControlRig_Hexagon_solid" 7026
"/ControlRig/Controls/ControlRig_Box_solid" 7027
"/ControlRig/Controls/ControlRig_Circle_1mm" 7028
"/ControlRig/Controls/ControlRig_Circle_3mm" 7029
"/Game/Textures/PlayerAttack/a4_Sprite" 7030
"/Game/Textures/PlayerAttack/a2_Sprite" 7031
"/Game/Textures/PlayerAttack/a12_Sprite" 7032
"/Game/Textures/PlayerAttack/a8_Sprite" 7033
"/ControlRig/Controls/ControlRig_Circle_solid" 7034
"/Game/Textures/PlayerAttack/a3_Sprite" 7035
"/ControlRig/Controls/ControlRig_Arrow2_3mm" 7036
"/ControlRig/Controls/ControlRig_Arrow4_1mm" 7037
"/Game/Material/QTE/MI_QTE_SquareProgress" 7038
"/Game/MyGame/Blueprints/Ink/BP_InkSplash" 7039
"../../../Engine/Plugins/Interchange/Assets/Content/Functions/MX_OpenPBR_Opaque.uasset" 7040
"../../../Engine/Plugins/Interchange/Assets/Content/gltf/MaterialInstances/MI_Unlit_Blend_DS.uasset" 7041
"/ControlRig/Controls/ControlRig_Sphere_solid" 7042
"/ControlRig/Controls/ControlRig_Arrow2_1mm" 7043
"../../../Engine/Plugins/Interchange/Assets/Content/gltf/MaterialInstances/MI_Unlit_Mask_DS.uasset" 7044
"../../../Engine/Plugins/Interchange/Assets/Content/gltf/M_Unlit.uasset" 7045
"../../../Engine/Plugins/Interchange/Assets/Content/gltf/MaterialInstances/MI_Unlit_Opaque_DS.uasset" 7046
"../../../Engine/Plugins/Interchange/Assets/Content/Functions/MX_TransmissionSurface.uasset" 7047
"/InterchangeAssets/gltf/MaterialInstances/MI_Unlit_Opaque_DS" 7048
"/InterchangeAssets/gltf/MaterialInstances/MI_Unlit_Mask_DS" 7049
"../../../Engine/Plugins/Interchange/Assets/Content/gltf/MaterialInstances/MI_Unlit_Blend.uasset" 7050
"/InterchangeAssets/gltf/MaterialInstances/MI_Unlit_Blend_DS" 7051
"/Game/Textures/PlayerAttack/AttackPlayer" 7052
"/InterchangeAssets/Functions/MX_TransmissionSurface" 7053
"../../../Engine/Plugins/Interchange/Assets/Content/gltf/MaterialInstances/MI_Unlit_Opaque.uasset" 7054
"../../../Engine/Plugins/Interchange/Assets/Content/Functions/MX_OpenPBR_Translucent.uasset" 7055
"../../../Engine/Plugins/Interchange/Assets/Content/gltf/M_SpecularGlossiness.uasset" 7056
"../../Plugins/Interchange/Assets/Content/Functions/MX_Transmission.uasset" 7057
"../../../Engine/Plugins/Interchange/Assets/Content/gltf/M_Sheen.uasset" 7058
"../../../Engine/Plugins/Interchange/Assets/Content/gltf/MaterialInstances/MI_Unlit_Mask.uasset" 7059
"../../../Engine/Plugins/Interchange/Assets/Content/gltf/M_ClearCoat.uasset" 7060
"../../../Engine/Plugins/Interchange/Assets/Content/gltf/M_Transmission.uasset" 7061
"../../../Engine/Content/Functions/Engine_MaterialFunctions01/Volumetrics/BeersLaw.uasset" 7062
"../../../Engine/Plugins/Interchange/Assets/Content/gltf/MaterialInstances/MI_SpecularGlossiness_Blend_DS.uasset" 7063
"../../../Engine/Plugins/Interchange/Assets/Content/gltf/MaterialInstances/MI_SpecularGlossiness_Blend.uasset" 7064
"../../../Engine/Plugins/Interchange/Assets/Content/gltf/M_Default.uasset" 7065
"../../../Engine/Plugins/Interchange/Assets/Content/gltf/MaterialInstances/MI_SpecularGlossiness_Mask_DS.uasset" 7066
"../../../Engine/Plugins/Interchange/Assets/Content/gltf/MaterialInstances/MI_SpecularGlossiness_Opaque.uasset" 7067
"/InterchangeAssets/Functions/MX_OpenPBR_Opaque" 7068
"/InterchangeAssets/gltf/MaterialInstances/MI_SpecularGlossiness_Blend" 7069
"../../../Engine/Plugins/Interchange/Assets/Content/gltf/MaterialInstances/MI_Transmission_DS.uasset" 7070
"../../../Engine/Plugins/Interchange/Assets/Content/gltf/MaterialInstances/MI_SpecularGlossiness_Mask.uasset" 7071
"/InterchangeAssets/gltf/MaterialInstances/MI_SpecularGlossiness_Mask_DS" 7072
"/InterchangeAssets/gltf/MaterialInstances/MI_SpecularGlossiness_Blend_DS" 7073
"../../../Engine/Plugins/Interchange/Assets/Content/gltf/MaterialInstances/MI_SpecularGlossiness_Opaque_DS.uasset" 7074
"../../../Engine/Plugins/Interchange/Assets/Content/gltf/MaterialInstances/MI_Transmission.uasset" 7075
"/InterchangeAssets/gltf/M_Default" 7076
"/InterchangeAssets/gltf/M_ClearCoat" 7077
"/InterchangeAssets/gltf/M_Sheen" 7078
"/InterchangeAssets/gltf/M_Transmission" 7079
"/InterchangeAssets/Functions/MX_OpenPBR_Translucent" 7080
"/InterchangeAssets/gltf/MaterialInstances/MI_Unlit_Opaque" 7081
"/InterchangeAssets/gltf/MaterialInstances/MI_Unlit_Mask" 7082
"/InterchangeAssets/gltf/MaterialInstances/MI_Unlit_Blend" 7083
"/InterchangeAssets/gltf/MaterialInstances/MI_SpecularGlossiness_Opaque" 7084
"/InterchangeAssets/gltf/MaterialInstances/MI_SpecularGlossiness_Mask" 7085
"/InterchangeAssets/gltf/MaterialInstances/MI_SpecularGlossiness_Opaque_DS" 7086
"/InterchangeAssets/gltf/MaterialInstances/MI_Transmission" 7087
"/InterchangeAssets/gltf/MaterialInstances/MI_Transmission_DS" 7088
"../../../Engine/Plugins/Interchange/Assets/Content/gltf/MaterialInstances/MI_Sheen_Blend_DS.uasset" 7089
"../../../Engine/Plugins/Interchange/Assets/Content/gltf/MaterialInstances/MI_Sheen_Mask_DS.uasset" 7090
"../../../Engine/Plugins/Interchange/Assets/Content/gltf/MaterialInstances/MI_Sheen_Opaque_DS.uasset" 7091
"../../../Engine/Plugins/Interchange/Assets/Content/gltf/MaterialInstances/MI_Sheen_Mask.uasset" 7092
"../../../Engine/Plugins/Interchange/Assets/Content/gltf/MaterialInstances/MI_Sheen_Blend.uasset" 7093
"../../../Engine/Plugins/Interchange/Assets/Content/gltf/MaterialInstances/MI_Sheen_Opaque.uasset" 7094
"../../../Engine/Plugins/Interchange/Assets/Content/gltf/MaterialInstances/MI_ClearCoat_Mask_DS.uasset" 7095
"../../../Engine/Plugins/Interchange/Assets/Content/gltf/MaterialInstances/MI_ClearCoat_Opaque_DS.uasset" 7096
"../../../Engine/Plugins/Interchange/Assets/Content/gltf/MaterialInstances/MI_ClearCoat_Blend_DS.uasset" 7097
"../../../Engine/Plugins/Interchange/Assets/Content/gltf/MaterialInstances/MI_ClearCoat_Blend.uasset" 7098
"../../../Engine/Plugins/Interchange/Assets/Content/gltf/MaterialInstances/MI_ClearCoat_Mask.uasset" 7099
"../../../Engine/Plugins/Interchange/Assets/Content/gltf/MaterialInstances/MI_ClearCoat_Opaque.uasset" 7100
"../../../Engine/Plugins/Interchange/Assets/Content/gltf/MaterialInstances/MI_Default_Mask_DS.uasset" 7101
"../../../Engine/Content/EngineSounds/Submixes/MasterEQSubmixDefault.uasset" 7102
"../../../Engine/Content/EngineSounds/Submixes/MasterSubmixDefault.uasset" 7103
"../../../Engine/Content/EngineSounds/Submixes/MasterReverbSubmixDefault.uasset" 7104
"../../../Engine/Plugins/Interchange/Assets/Content/gltf/MaterialInstances/MI_Default_Mask.uasset" 7105
"../../../Engine/Plugins/Interchange/Assets/Content/gltf/MaterialInstances/MI_Default_Opaque.uasset" 7106
"../../../Engine/Plugins/Interchange/Assets/Content/gltf/MaterialInstances/MI_Default_Blend.uasset" 7107
"../../../Engine/Plugins/Interchange/Assets/Content/gltf/MaterialInstances/MI_Default_Opaque_DS.uasset" 7108
"../../../Engine/Plugins/Interchange/Assets/Content/gltf/MaterialInstances/MI_Default_Blend_DS.uasset" 7109
"C:/Users/tevaf/Desktop/Logiciels/Unreal Projects/Team6_Unreal/Content/MyGame/Blueprints/Interface/BPI_Player.uasset" 7110
"C:/Users/tevaf/Desktop/Logiciels/Unreal Projects/Team6_Unreal/Content/UI/HUD/WBP_SkillCheck.uasset" 7111
"C:/Users/tevaf/Desktop/Logiciels/Unreal Projects/Team6_Unreal/Content/MyGame/Blueprints/GM_FirstPerson.uasset" 7112
"C:/Users/tevaf/Desktop/Logiciels/Unreal Projects/Team6_Unreal/Content/MyGame/Maps/FirstPersonMap.umap" 7113
"C:/Users/tevaf/Desktop/Logiciels/Unreal Projects/Team6_Unreal/Content/MyGame/Blueprints/Object/BP_Item.uasset" 7114
"C:/Users/tevaf/Desktop/Logiciels/Unreal Projects/Team6_Unreal/Content/UI/HUD/WBP_QTE.uasset" 7115
"C:/Users/tevaf/Desktop/Logiciels/Unreal Projects/Team6_Unreal/Content/UI/HUD/WBP_HUD.uasset" 7116
"C:/Users/tevaf/Desktop/Logiciels/Unreal Projects/Team6_Unreal/Content/__ExternalObjects__/MyGame/Maps/FirstPersonMap/D/77/7EWHN4YLGECTY0C2KXM5L9.uasset" 7117
"C:/Users/tevaf/Desktop/Logiciels/Unreal Projects/Team6_Unreal/Content/__ExternalObjects__/MyGame/Maps/FirstPersonMap/8/NE/DMTG4R55EZSOX0OI5V44EX.uasset" 7118
"/Game/__ExternalObjects__/MyGame/Maps/FirstPersonMap/8/NE/DMTG4R55EZSOX0OI5V44EX" 7119
"C:/Users/tevaf/Desktop/Logiciels/Unreal Projects/Team6_Unreal/Content/UI/HUD_Game.uasset" 7120
"../../../Engine/Content/Maps/Templates/HLODs/HLODLayer_Instanced.uasset" 7121
"../../../Engine/Content/Maps/Templates/HLODs/HLODLayer_Merged.uasset" 7122
"../../../../../Logiciels/Unreal Projects/Team6_Unreal/Content/__ExternalActors__/MyGame/Maps/FirstPersonMap/B/11/E31LYJ5Q0NFWNRFQI411YH.uasset" 7123
"../../../../../Logiciels/Unreal Projects/Team6_Unreal/Content/UI/HUD_Game.uasset" 7124
"../../../Engine/Content/EditorBlueprintResources/StandardMacros.uasset" 7125
"/InterchangeAssets/gltf/MaterialInstances/MI_Default_Blend_DS" 7126
"/Game/__ExternalObjects__/MyGame/Maps/FirstPersonMap/D/77/7EWHN4YLGECTY0C2KXM5L9" 7127
"/InterchangeAssets/gltf/MaterialInstances/MI_ClearCoat_Opaque" 7128
"/InterchangeAssets/gltf/MaterialInstances/MI_ClearCoat_Mask" 7129
"/InterchangeAssets/gltf/MaterialInstances/MI_ClearCoat_Blend" 7130
"/InterchangeAssets/gltf/MaterialInstances/MI_ClearCoat_Opaque_DS" 7131
"/InterchangeAssets/gltf/MaterialInstances/MI_ClearCoat_Mask_DS" 7132
"/InterchangeAssets/gltf/MaterialInstances/MI_ClearCoat_Blend_DS" 7133
"/InterchangeAssets/gltf/MaterialInstances/MI_Sheen_Opaque" 7134
"/InterchangeAssets/gltf/MaterialInstances/MI_Sheen_Mask" 7135
"/InterchangeAssets/gltf/MaterialInstances/MI_Sheen_Blend" 7136
"/InterchangeAssets/gltf/MaterialInstances/MI_Sheen_Opaque_DS" 7137
"/InterchangeAssets/gltf/MaterialInstances/MI_Sheen_Mask_DS" 7138
"/Engine/EngineSounds/Submixes/MasterReverbSubmixDefault" 7139
"/InterchangeAssets/gltf/MaterialInstances/MI_Default_Opaque" 7140
"/InterchangeAssets/gltf/MaterialInstances/MI_Default_Mask" 7141
"/InterchangeAssets/gltf/MaterialInstances/MI_Default_Blend" 7142
"/InterchangeAssets/gltf/MaterialInstances/MI_Default_Opaque_DS" 7143
"/InterchangeAssets/gltf/MaterialInstances/MI_Sheen_Blend_DS" 7144
"/InterchangeAssets/gltf/MaterialInstances/MI_Default_Mask_DS" 7145
"C:/Users/tevaf/Desktop/Logiciels/Unreal Projects/Team6_Unreal/Content/__ExternalObjects__/MyGame/Maps/FirstPersonMap/B/VH/IWQIMPWI69SF2PEPXWQTRA.uasset" 7146
"C:/Users/tevaf/Desktop/Logiciels/Unreal Projects/Team6_Unreal/Content/__ExternalObjects__/MyGame/Maps/FirstPersonMap/4/3F/K7DMJF473JCSEU6KVAGOMK.uasset" 7147
"C:/Users/tevaf/Desktop/Logiciels/Unreal Projects/Team6_Unreal/Content/__ExternalObjects__/MyGame/Maps/FirstPersonMap/5/OD/CZCT9MNMFK0Y75HCF0TYEG.uasset" 7148
"C:/Users/tevaf/Desktop/Logiciels/Unreal Projects/Team6_Unreal/Content/__ExternalObjects__/MyGame/Maps/FirstPersonMap/C/GY/29WXPX75R1J1IKBTSM6WD4.uasset" 7149
"C:/Users/tevaf/Desktop/Logiciels/Unreal Projects/Team6_Unreal/Content/__ExternalObjects__/MyGame/Maps/FirstPersonMap/6/N8/2Y8W6SUVO2T40OSIVWCK2W.uasset" 7150
"C:/Users/tevaf/Desktop/Logiciels/Unreal Projects/Team6_Unreal/Content/__ExternalObjects__/MyGame/Maps/FirstPersonMap/9/EO/56IO5A65ZL0300W8Y3N3X8.uasset" 7151
"C:/Users/tevaf/Desktop/Logiciels/Unreal Projects/Team6_Unreal/Content/__ExternalObjects__/MyGame/Maps/FirstPersonMap/3/Z1/PH1J6C3ZKBEJ3WANN8KGC2.uasset" 7152
"C:/Users/tevaf/Desktop/Logiciels/Unreal Projects/Team6_Unreal/Content/__ExternalObjects__/MyGame/Maps/FirstPersonMap/2/6Y/M91JQLFRJY43N7ULJ8MQPG.uasset" 7153
"C:/Users/tevaf/Desktop/Logiciels/Unreal Projects/Team6_Unreal/Content/__ExternalObjects__/MyGame/Maps/FirstPersonMap/E/M7/QTM95Z4R3T3ZGJMEKUT09J.uasset" 7154
"C:/Users/tevaf/Desktop/Logiciels/Unreal Projects/Team6_Unreal/Content/__ExternalObjects__/MyGame/Maps/FirstPersonMap/3/2J/6O8YOX1UK0A3UUSZ8XOLW5.uasset" 7155
"C:/Users/tevaf/Desktop/Logiciels/Unreal Projects/Team6_Unreal/Content/__ExternalObjects__/MyGame/Maps/FirstPersonMap/8/9O/5PP63DN264UB0AZTEE8CKI.uasset" 7156
"C:/Users/tevaf/Desktop/Logiciels/Unreal Projects/Team6_Unreal/Content/__ExternalObjects__/MyGame/Maps/FirstPersonMap/A/K6/V019UZTNF5OPLOYYXI1MH4.uasset" 7157
"C:/Users/tevaf/Desktop/Logiciels/Unreal Projects/Team6_Unreal/Content/__ExternalObjects__/MyGame/Maps/FirstPersonMap/7/HM/LDZFB3A9D48E019FM5BJLJ.uasset" 7158
"C:/Users/tevaf/Desktop/Logiciels/Unreal Projects/Team6_Unreal/Content/__ExternalObjects__/MyGame/Maps/FirstPersonMap/D/SU/S5BSP8M3KT1D531OQ0XTC4.uasset" 7159
"C:/Users/tevaf/Desktop/Logiciels/Unreal Projects/Team6_Unreal/Content/__ExternalObjects__/MyGame/Maps/FirstPersonMap/1/48/227XK9I0RTPAVO8N3PZSX3.uasset" 7160
"C:/Users/tevaf/Desktop/Logiciels/Unreal Projects/Team6_Unreal/Content/__ExternalObjects__/MyGame/Maps/FirstPersonMap/C/3X/UQVK8F9D67GEDK4YFAVWNS.uasset" 7161
"C:/Users/tevaf/Desktop/Logiciels/Unreal Projects/Team6_Unreal/Content/__ExternalObjects__/MyGame/Maps/FirstPersonMap/6/ZT/GAW1NZO6OVZG5VG1KC4YKA.uasset" 7162
"C:/Users/tevaf/Desktop/Logiciels/Unreal Projects/Team6_Unreal/Content/__ExternalObjects__/MyGame/Maps/FirstPersonMap/3/YW/8I2QHKMIQO8DL74WO4KEJD.uasset" 7163
"C:/Users/tevaf/Desktop/Logiciels/Unreal Projects/Team6_Unreal/Content/__ExternalObjects__/MyGame/Maps/FirstPersonMap/C/Z1/6ZGP261QO6967MM33976V9.uasset" 7164
"C:/Users/tevaf/Desktop/Logiciels/Unreal Projects/Team6_Unreal/Content/__ExternalObjects__/MyGame/Maps/FirstPersonMap/E/IO/XWA1XJWZ8YEUNEANRIHL1I.uasset" 7165
"/Game/__ExternalActors__/MyGame/Maps/FirstPersonMap/0/19/XG5VLAA98ZSP8YIXRL279T" 7166
"../../../../../Logiciels/Unreal Projects/Team6_Unreal/Content/__ExternalActors__/MyGame/Maps/FirstPersonMap/0/19/XG5VLAA98ZSP8YIXRL279T.uasset" 7167
"../../../../../Logiciels/Unreal Projects/Team6_Unreal/Content/MyGame/Asset/Props_Test/Props_Mod?/Tuyau.uasset" 7168
"../../../../../Logiciels/Unreal Projects/Team6_Unreal/Content/MyGame/Asset/Props_Test/MA_Props/MA_White/MA_Tuyau.uasset" 7169
"../../../../../Logiciels/Unreal Projects/Team6_Unreal/Content/MyGame/Asset/Props_Test/Texture/Texture_W/Tuyau_bcolor.uasset" 7170
"/Game/__ExternalActors__/MyGame/Maps/FirstPersonMap/0/1N/0SS1G5SAGGIQLLTOT4W6R8" 7171
"../../../../../Logiciels/Unreal Projects/Team6_Unreal/Content/__ExternalActors__/MyGame/Maps/FirstPersonMap/0/1N/0SS1G5SAGGIQLLTOT4W6R8.uasset" 7172
"/Game/__ExternalActors__/MyGame/Maps/FirstPersonMap/0/1O/MOEU3HZFZSYYKP6MDVK4NO" 7173
"../../../../../Logiciels/Unreal Projects/Team6_Unreal/Content/__ExternalActors__/MyGame/Maps/FirstPersonMap/0/1O/MOEU3HZFZSYYKP6MDVK4NO.uasset" 7174
"../../../../../Logiciels/Unreal Projects/Team6_Unreal/Content/MyGame/Asset/Props_Test/Props_Mod?/Tuyau_angle.uasset" 7175
"../../../../../Logiciels/Unreal Projects/Team6_Unreal/Content/MyGame/Asset/Props_Test/MA_Props/MA_White/MA_Tuyau_Coude.uasset" 7176
"../../../../../Logiciels/Unreal Projects/Team6_Unreal/Content/MyGame/Asset/Props_Test/Texture/Texture_W/Tuyau-Coude_bcolor.uasset" 7177
"/Game/__ExternalActors__/MyGame/Maps/FirstPersonMap/0/1W/VL5Z9OYR6TE6I3QKJJGB5V" 7178
"../../../../../Logiciels/Unreal Projects/Team6_Unreal/Content/__ExternalActors__/MyGame/Maps/FirstPersonMap/0/1W/VL5Z9OYR6TE6I3QKJJGB5V.uasset" 7179
"../../../../../Logiciels/Unreal Projects/Team6_Unreal/Content/MyGame/Blueprints/Canvas/BP_WallDoorCanvas.uasset" 7180
"../../../../../Logiciels/Unreal Projects/Team6_Unreal/Content/MyGame/Blueprints/Canvas/BP_Canvas.uasset" 7181
"../../../../../Logiciels/Unreal Projects/Team6_Unreal/Content/MyGame/Asset/Props_Test/Props_Mod?/Mur_trou.uasset" 7182
"../../../../../Logiciels/Unreal Projects/Team6_Unreal/Content/MyGame/Blueprints/Ink/BP_PaintVerify.uasset" 7183
"../../../../../Logiciels/Unreal Projects/Team6_Unreal/Content/Material/Paint/M_Brush.uasset" 7184
"../../../../../Logiciels/Unreal Projects/Team6_Unreal/Content/Textures/Paint/T_PaintWhite.uasset" 7185
"../../../../../Logiciels/Unreal Projects/Team6_Unreal/Content/MyGame/Asset/Props_Test/MA_Props/MA_White/MA_Mur_Trou.uasset" 7186
"../../../../../Logiciels/Unreal Projects/Team6_Unreal/Content/MyGame/Blueprints/Ink/BP_PaintVerifyManager.uasset" 7187
"../../../../../Logiciels/Unreal Projects/Team6_Unreal/Content/MyGame/Blueprints/Interface/BPI_VerifyPaintCollision.uasset" 7188
"../../../Engine/Content/Functions/Engine_MaterialFunctions01/Density/ExponentialDensity.uasset" 7189
"../../../Engine/Content/Functions/Engine_MaterialFunctions01/Gradient/RadialGradientExponential.uasset" 7190
"../../Plugins/Bridge/Content/MSPresets/M_MS_Glass_Material/Textures/Black.uasset" 7191
"../../../../../Logiciels/Unreal Projects/Team6_Unreal/Content/MyGame/Asset/Props_Test/Texture/Texture_W/Mur-Trou_bcolor.uasset" 7192
"../../../../../Logiciels/Unreal Projects/Team6_Unreal/Content/MyGame/Blueprints/Interface/BPI_Activable.uasset" 7193
"/Game/__ExternalActors__/MyGame/Maps/FirstPersonMap/0/35/0QX37RRY7VP606J05QJM7X" 7194
"../../../../../Logiciels/Unreal Projects/Team6_Unreal/Content/__ExternalActors__/MyGame/Maps/FirstPersonMap/0/35/0QX37RRY7VP606J05QJM7X.uasset" 7195
"../../../../../Logiciels/Unreal Projects/Team6_Unreal/Content/MyGame/Asset/Props_Test/Props_Mod?/Etagere.uasset" 7196
"../../../../../Logiciels/Unreal Projects/Team6_Unreal/Content/MyGame/Asset/Props_Test/MA_Props/MA_White/MA_Etagere.uasset" 7197
"../../../../../Logiciels/Unreal Projects/Team6_Unreal/Content/MyGame/Asset/Props_Test/Texture/Texture_W/Etagere_bcolor.uasset" 7198
"/Game/__ExternalActors__/MyGame/Maps/FirstPersonMap/0/3H/2QI4W9TT2C2SAM42XVMNDU" 7199
"../../../../../Logiciels/Unreal Projects/Team6_Unreal/Content/__ExternalActors__/MyGame/Maps/FirstPersonMap/0/3H/2QI4W9TT2C2SAM42XVMNDU.uasset" 7200
"../../../../../Logiciels/Unreal Projects/Team6_Unreal/Content/MyGame/Asset/Props_Test/Props_Mod?/Bidon.uasset" 7201
"../../../../../Logiciels/Unreal Projects/Team6_Unreal/Content/MyGame/Asset/Props_Test/MA_Props/MA_White/MA_Bidon.uasset" 7202
"../../../../../Logiciels/Unreal Projects/Team6_Unreal/Content/MyGame/Asset/Props_Test/Texture/Texture_W/BIdon-W_bcolor.uasset" 7203
"/Game/__ExternalActors__/MyGame/Maps/FirstPersonMap/0/4G/I9L16W6VXMFZMAEL9P4ISA" 7204
"../../../../../Logiciels/Unreal Projects/Team6_Unreal/Content/__ExternalActors__/MyGame/Maps/FirstPersonMap/0/4G/I9L16W6VXMFZMAEL9P4ISA.uasset" 7205
"../../../../../Logiciels/Unreal Projects/Team6_Unreal/Content/MyGame/Asset/Props_Test/Props_Mod?/Boulon.uasset" 7206
"../../../../../Logiciels/Unreal Projects/Team6_Unreal/Content/MyGame/Asset/Props_Test/MA_Props/MA_White/MA_Boulon.uasset" 7207
"../../../../../Logiciels/Unreal Projects/Team6_Unreal/Content/MyGame/Asset/Props_Test/Texture/Texture_W/Boulon_bcolor.uasset" 7208
"/Game/__ExternalActors__/MyGame/Maps/FirstPersonMap/0/4Z/CBFHBL7OZE3IQRX80L3LVM" 7209
"../../../../../Logiciels/Unreal Projects/Team6_Unreal/Content/__ExternalActors__/MyGame/Maps/FirstPersonMap/0/4Z/CBFHBL7OZE3IQRX80L3LVM.uasset" 7210
"../../../../../Logiciels/Unreal Projects/Team6_Unreal/Content/MyGame/Asset/Props_Test/Props_Mod?/Plafond.uasset" 7211
"../../../../../Logiciels/Unreal Projects/Team6_Unreal/Content/MyGame/Asset/Props_Test/MA_Props/MA_White/MA_Plafond.uasset" 7212
"../../../../../Logiciels/Unreal Projects/Team6_Unreal/Content/MyGame/Asset/Props_Test/Texture/Texture_W/Toit_bcolor.uasset" 7213
"/Game/__ExternalActors__/MyGame/Maps/FirstPersonMap/0/5D/K7ZRM3NNDINW3E6TOQLT2W" 7214
"../../../../../Logiciels/Unreal Projects/Team6_Unreal/Content/__ExternalActors__/MyGame/Maps/FirstPersonMap/0/5D/K7ZRM3NNDINW3E6TOQLT2W.uasset" 7215
"../../../../../Logiciels/Unreal Projects/Team6_Unreal/Content/MyGame/Blueprints/Canvas/BP_CanvasFloor.uasset" 7216
"../../../../../Logiciels/Unreal Projects/Team6_Unreal/Content/Material/Paint/M_PaintFloor.uasset" 7217
"../../../../../Logiciels/Unreal Projects/Team6_Unreal/Content/MyGame/Asset/Props_Test/Props_Mod?/Sol.uasset" 7218
"../../../../../Logiciels/Unreal Projects/Team6_Unreal/Content/Material/Paint/MF_Paint.uasset" 7219
"../../../../../Logiciels/Unreal Projects/Team6_Unreal/Content/MyGame/Asset/Props_Test/Texture/Texture_W/Sol_bcolor.uasset" 7220
"../../../../../Logiciels/Unreal Projects/Team6_Unreal/Content/MyGame/Asset/Props_Test/MA_Props/MA_White/MA_Sol.uasset" 7221
"/Game/__ExternalActors__/MyGame/Maps/FirstPersonMap/0/69/IUO3TDQHA0PXXG9NZEY1F7" 7222
"../../../../../Logiciels/Unreal Projects/Team6_Unreal/Content/__ExternalActors__/MyGame/Maps/FirstPersonMap/0/69/IUO3TDQHA0PXXG9NZEY1F7.uasset" 7223
"/Game/__ExternalActors__/MyGame/Maps/FirstPersonMap/0/6V/W4FON0U8B75Y9SCJY097GX" 7224
"../../../../../Logiciels/Unreal Projects/Team6_Unreal/Content/__ExternalActors__/MyGame/Maps/FirstPersonMap/0/6V/W4FON0U8B75Y9SCJY097GX.uasset" 7225
"../../../../../Logiciels/Unreal Projects/Team6_Unreal/Content/MyGame/Blueprints/Canvas/BP_WallCanvas.uasset" 7226
"../../../../../Logiciels/Unreal Projects/Team6_Unreal/Content/MyGame/Asset/Props_Test/Props_Mod?/Mur_Simple.uasset" 7227
"../../../../../Logiciels/Unreal Projects/Team6_Unreal/Content/MyGame/Asset/Props_Test/MA_Props/MA_White/MA_mur_Simple.uasset" 7228
"../../../../../Logiciels/Unreal Projects/Team6_Unreal/Content/MyGame/Asset/Props_Test/Texture/Texture_W/Mur-Simple_bcolor.uasset" 7229
"/Game/__ExternalActors__/MyGame/Maps/FirstPersonMap/0/7M/AGRVVSMFU1EOW8Y8PY9NRL" 7230
"../../../../../Logiciels/Unreal Projects/Team6_Unreal/Content/__ExternalActors__/MyGame/Maps/FirstPersonMap/0/7M/AGRVVSMFU1EOW8Y8PY9NRL.uasset" 7231
"../../../../../Logiciels/Unreal Projects/Team6_Unreal/Content/MyGame/Asset/Props_Test/Props_Mod?/Encadrement_Fenetre.uasset" 7232
"../../../../../Logiciels/Unreal Projects/Team6_Unreal/Content/MyGame/Asset/Props_Test/MA_Props/MA_White/MA_Encadrement_Fenetre_Spawn01.uasset" 7233
"../../../../../Logiciels/Unreal Projects/Team6_Unreal/Content/MyGame/Asset/Props_Test/MA_Props/MA_White/MA_Encadrement_Fenetre_Spawn02.uasset" 7234
"../../../../../Logiciels/Unreal Projects/Team6_Unreal/Content/MyGame/Asset/Props_Test/Texture/Texture_W/Emcadre-Ffenetre_Material_001_bcolor.uasset" 7235
"../../../../../Logiciels/Unreal Projects/Team6_Unreal/Content/MyGame/Asset/Props_Test/Texture/Texture_W/Emcadre-Ffenetre_Material_002_bcolor.uasset" 7236
"/Game/__ExternalActors__/MyGame/Maps/FirstPersonMap/0/7S/0CDE10YEM3S7OAM7WFOVYZ" 7237
"../../../../../Logiciels/Unreal Projects/Team6_Unreal/Content/__ExternalActors__/MyGame/Maps/FirstPersonMap/0/7S/0CDE10YEM3S7OAM7WFOVYZ.uasset" 7238
"/Game/__ExternalActors__/MyGame/Maps/FirstPersonMap/0/81/GKTRZOFTDN8VJIVDBGL2WI" 7239
"../../../../../Logiciels/Unreal Projects/Team6_Unreal/Content/__ExternalActors__/MyGame/Maps/FirstPersonMap/0/81/GKTRZOFTDN8VJIVDBGL2WI.uasset" 7240
"/Game/__ExternalActors__/MyGame/Maps/FirstPersonMap/0/8J/79BS6OESCOQT003BURSKPK" 7241
"../../../../../Logiciels/Unreal Projects/Team6_Unreal/Content/__ExternalActors__/MyGame/Maps/FirstPersonMap/0/8J/79BS6OESCOQT003BURSKPK.uasset" 7242
"../../../../../Logiciels/Unreal Projects/Team6_Unreal/Content/MyGame/Blueprints/Canvas/BP_Canvas_WallDoorSide.uasset" 7243
"../../../../../Logiciels/Unreal Projects/Team6_Unreal/Content/MyGame/Asset/Props_Test/Props_Mod?/Mur_Trou_Coter.uasset" 7244
"../../../../../Logiciels/Unreal Projects/Team6_Unreal/Content/MyGame/Asset/Props_Test/MA_Props/MA_White/MA_Mur_Trou_Coter.uasset" 7245
"../../../../../Logiciels/Unreal Projects/Team6_Unreal/Content/MyGame/Asset/Props_Test/Texture/Texture_W/Mur-Trou-Cote_bcolor.uasset" 7246
"/Game/__ExternalActors__/MyGame/Maps/FirstPersonMap/0/93/AMY8K7BFRTG1RS09KQVWNR" 7247
"../../../../../Logiciels/Unreal Projects/Team6_Unreal/Content/__ExternalActors__/MyGame/Maps/FirstPersonMap/0/93/AMY8K7BFRTG1RS09KQVWNR.uasset" 7248
"/Game/__ExternalActors__/MyGame/Maps/FirstPersonMap/0/AG/2Z4H4GFQBRSDXDZU6JKTMU" 7249
"../../../../../Logiciels/Unreal Projects/Team6_Unreal/Content/__ExternalActors__/MyGame/Maps/FirstPersonMap/0/AG/2Z4H4GFQBRSDXDZU6JKTMU.uasset" 7250
"/Game/__ExternalActors__/MyGame/Maps/FirstPersonMap/0/AP/41CFYK5BLFRFL39DH3GN6O" 7251
"../../../../../Logiciels/Unreal Projects/Team6_Unreal/Content/__ExternalActors__/MyGame/Maps/FirstPersonMap/0/AP/41CFYK5BLFRFL39DH3GN6O.uasset" 7252
"../../../../../Logiciels/Unreal Projects/Team6_Unreal/Content/MyGame/Asset/Props_Test/Props_Mod?/Caisse_01.uasset" 7253
"../../../../../Logiciels/Unreal Projects/Team6_Unreal/Content/MyGame/Asset/Props_Test/MA_Props/MA_White/MA_Caisse01.uasset" 7254
"../../../../../Logiciels/Unreal Projects/Team6_Unreal/Content/MyGame/Asset/Props_Test/Texture/Texture_W/Boite-1-W_bcolor.uasset" 7255
"/Game/__ExternalActors__/MyGame/Maps/FirstPersonMap/0/BL/0XZ9TWKG4M6V2S47JOH9Y4" 7256
"../../../../../Logiciels/Unreal Projects/Team6_Unreal/Content/__ExternalActors__/MyGame/Maps/FirstPersonMap/0/BL/0XZ9TWKG4M6V2S47JOH9Y4.uasset" 7257
"/Game/__ExternalActors__/MyGame/Maps/FirstPersonMap/0/CH/9ZFM9V5DHFK1TJ5WTN9EZR" 7258
"../../../../../Logiciels/Unreal Projects/Team6_Unreal/Content/__ExternalActors__/MyGame/Maps/FirstPersonMap/0/CH/9ZFM9V5DHFK1TJ5WTN9EZR.uasset" 7259
"/Game/__ExternalActors__/MyGame/Maps/FirstPersonMap/0/D3/X2J9TKJ03NRY4A6CA5P2BD" 7260
"../../../../../Logiciels/Unreal Projects/Team6_Unreal/Content/__ExternalActors__/MyGame/Maps/FirstPersonMap/0/D3/X2J9TKJ03NRY4A6CA5P2BD.uasset" 7261
"/Game/__ExternalActors__/MyGame/Maps/FirstPersonMap/0/DA/V23MBVTLB9ON2N0MLWIPT9" 7262
"../../../../../Logiciels/Unreal Projects/Team6_Unreal/Content/__ExternalActors__/MyGame/Maps/FirstPersonMap/0/DA/V23MBVTLB9ON2N0MLWIPT9.uasset" 7263
"/Game/__ExternalActors__/MyGame/Maps/FirstPersonMap/0/DC/JEDXJADZ7VJF0LFX0EUY05" 7264
"../../../../../Logiciels/Unreal Projects/Team6_Unreal/Content/__ExternalActors__/MyGame/Maps/FirstPersonMap/0/DC/JEDXJADZ7VJF0LFX0EUY05.uasset" 7265
"/Game/__ExternalActors__/MyGame/Maps/FirstPersonMap/0/DP/KR9JSL8DGVG6RAFNOU72FH" 7266
"../../../../../Logiciels/Unreal Projects/Team6_Unreal/Content/__ExternalActors__/MyGame/Maps/FirstPersonMap/0/DP/KR9JSL8DGVG6RAFNOU72FH.uasset" 7267
"../../../../../Logiciels/Unreal Projects/Team6_Unreal/Content/MyGame/Asset/Props_Test/Props_Mod?/Rouage.uasset" 7268
"../../../../../Logiciels/Unreal Projects/Team6_Unreal/Content/MyGame/Asset/Props_Test/MA_Props/MA_White/MA_Rouage.uasset" 7269
"../../../../../Logiciels/Unreal Projects/Team6_Unreal/Content/MyGame/Asset/Props_Test/Texture/Texture_W/Rouage_bcolor.uasset" 7270
"/Game/__ExternalActors__/MyGame/Maps/FirstPersonMap/0/EA/OTS1LH3F5PMT9R08JRZBIC" 7271
"../../../../../Logiciels/Unreal Projects/Team6_Unreal/Content/__ExternalActors__/MyGame/Maps/FirstPersonMap/0/EA/OTS1LH3F5PMT9R08JRZBIC.uasset" 7272
"/Game/__ExternalActors__/MyGame/Maps/FirstPersonMap/0/EG/TO0KKD8VRZVIS2Y0M8IWJO" 7273
"../../../../../Logiciels/Unreal Projects/Team6_Unreal/Content/__ExternalActors__/MyGame/Maps/FirstPersonMap/0/EG/TO0KKD8VRZVIS2Y0M8IWJO.uasset" 7274
"/Game/__ExternalActors__/MyGame/Maps/FirstPersonMap/0/EQ/DQF9CEH7E9UW92F3NKNEOI" 7275
"../../../../../Logiciels/Unreal Projects/Team6_Unreal/Content/__ExternalActors__/MyGame/Maps/FirstPersonMap/0/EQ/DQF9CEH7E9UW92F3NKNEOI.uasset" 7276
"/Game/__ExternalActors__/MyGame/Maps/FirstPersonMap/0/ES/QI4159QSWUW3Y5HSHW5N8W" 7277
"../../../../../Logiciels/Unreal Projects/Team6_Unreal/Content/__ExternalActors__/MyGame/Maps/FirstPersonMap/0/ES/QI4159QSWUW3Y5HSHW5N8W.uasset" 7278
"/Game/__ExternalActors__/MyGame/Maps/FirstPersonMap/0/FB/KBY2HRUBXEN1CVT3RKSOIV" 7279
"../../../../../Logiciels/Unreal Projects/Team6_Unreal/Content/__ExternalActors__/MyGame/Maps/FirstPersonMap/0/FB/KBY2HRUBXEN1CVT3RKSOIV.uasset" 7280
"/Game/__ExternalActors__/MyGame/Maps/FirstPersonMap/0/FC/B21VY5RF5TPZ4F5KFZ7EQ9" 7281
"../../../../../Logiciels/Unreal Projects/Team6_Unreal/Content/__ExternalActors__/MyGame/Maps/FirstPersonMap/0/FC/B21VY5RF5TPZ4F5KFZ7EQ9.uasset" 7282
"/Game/__ExternalActors__/MyGame/Maps/FirstPersonMap/0/G7/MWPEYT6T978NT1J3PAX3S0" 7283
"../../../../../Logiciels/Unreal Projects/Team6_Unreal/Content/__ExternalActors__/MyGame/Maps/FirstPersonMap/0/G7/MWPEYT6T978NT1J3PAX3S0.uasset" 7284
"/Game/__ExternalActors__/MyGame/Maps/FirstPersonMap/0/GP/0M69PJJDXMIC2YWLWJ2NP8" 7285
"../../../../../Logiciels/Unreal Projects/Team6_Unreal/Content/__ExternalActors__/MyGame/Maps/FirstPersonMap/0/GP/0M69PJJDXMIC2YWLWJ2NP8.uasset" 7286
"/Game/__ExternalActors__/MyGame/Maps/FirstPersonMap/B/MJ/PXVZIHX6FGFQCDJDFNP853" 7287
"../../../../../Logiciels/Unreal Projects/Team6_Unreal/Content/__ExternalActors__/MyGame/Maps/FirstPersonMap/B/MJ/PXVZIHX6FGFQCDJDFNP853.uasset" 7288
"../../../../../Logiciels/Unreal Projects/Team6_Unreal/Content/MyGame/Asset/VFX/Flipbook/MA_Grain.uasset" 7289
"../../../Engine/Content/Functions/Engine_MaterialFunctions01/Texturing/ComputeMipLevel.uasset" 7290
"../../../Engine/Content/Functions/Engine_MaterialFunctions01/Texturing/TextureCropping.uasset" 7291
"../../../Engine/Content/Functions/Engine_MaterialFunctions02/Texturing/FlipBook.uasset" 7292
"../../../Engine/Content/Functions/Engine_MaterialFunctions02/Utility/DebugFloat2Values.uasset" 7293
"../../../Engine/Content/Functions/Engine_MaterialFunctions02/Utility/DebugScalarValues.uasset" 7294
"../../../Engine/Content/Functions/Engine_MaterialFunctions02/ExampleContent/DebugNumberStrip.uasset" 7295
"../../../Engine/Content/Functions/Engine_MaterialFunctions02/ExampleContent/Textures/DebugNumberPeriod.uasset" 7296
"../../../Engine/Content/Functions/Engine_MaterialFunctions02/ExampleContent/Textures/flipbook.uasset" 7297
"../../../../../Logiciels/Unreal Projects/Team6_Unreal/Content/MyGame/Asset/VFX/Flipbook/flip_02.uasset" 7298
"/Game/__ExternalActors__/MyGame/Maps/FirstPersonMap/0/GX/TL1U045ZFSDUF008J4D6EC" 7299
"../../../../../Logiciels/Unreal Projects/Team6_Unreal/Content/__ExternalActors__/MyGame/Maps/FirstPersonMap/0/GX/TL1U045ZFSDUF008J4D6EC.uasset" 7300
"../../../../../Logiciels/Unreal Projects/Team6_Unreal/Content/MyGame/Asset/Props_Test/Props_Mod?/Fenetre.uasset" 7301
"../../../../../Logiciels/Unreal Projects/Team6_Unreal/Content/MyGame/Asset/Props_Test/MA_Props/MA_White/MA_Fenetre.uasset" 7302
"../../../../../Logiciels/Unreal Projects/Team6_Unreal/Content/MyGame/Asset/Props_Test/Texture/Texture_W/Fenetre-W_bcolor.uasset" 7303
"/Game/__ExternalActors__/MyGame/Maps/FirstPersonMap/0/HJ/1QAMPCWYU1KOJONIF1D5KG" 7304
"../../../../../Logiciels/Unreal Projects/Team6_Unreal/Content/__ExternalActors__/MyGame/Maps/FirstPersonMap/0/HJ/1QAMPCWYU1KOJONIF1D5KG.uasset" 7305
"/Game/__ExternalActors__/MyGame/Maps/FirstPersonMap/0/HW/0LBKL4QCXOI9RWSES1DYPK" 7306
"../../../../../Logiciels/Unreal Projects/Team6_Unreal/Content/__ExternalActors__/MyGame/Maps/FirstPersonMap/0/HW/0LBKL4QCXOI9RWSES1DYPK.uasset" 7307
"/Game/__ExternalActors__/MyGame/Maps/FirstPersonMap/0/JG/6S0FIYLC5RWAT1K4FKJ9YN" 7308
"../../../../../Logiciels/Unreal Projects/Team6_Unreal/Content/__ExternalActors__/MyGame/Maps/FirstPersonMap/0/JG/6S0FIYLC5RWAT1K4FKJ9YN.uasset" 7309
"/Game/__ExternalActors__/MyGame/Maps/FirstPersonMap/0/JW/X5OQ0RKM2L090SEEIZGE1Z" 7310
"../../../../../Logiciels/Unreal Projects/Team6_Unreal/Content/__ExternalActors__/MyGame/Maps/FirstPersonMap/0/JW/X5OQ0RKM2L090SEEIZGE1Z.uasset" 7311
"/Game/__ExternalActors__/MyGame/Maps/FirstPersonMap/0/LC/XH1PX30TIIU69VRKTA4DBG" 7312
"../../../../../Logiciels/Unreal Projects/Team6_Unreal/Content/__ExternalActors__/MyGame/Maps/FirstPersonMap/0/LC/XH1PX30TIIU69VRKTA4DBG.uasset" 7313
"/Game/__ExternalActors__/MyGame/Maps/FirstPersonMap/0/LE/1J99H6DCO9PW6J5Z6F3N5S" 7314
"../../../../../Logiciels/Unreal Projects/Team6_Unreal/Content/__ExternalActors__/MyGame/Maps/FirstPersonMap/0/LE/1J99H6DCO9PW6J5Z6F3N5S.uasset" 7315
"../../../../../Logiciels/Unreal Projects/Team6_Unreal/Content/MyGame/Asset/Props_Test/Props_Mod?/Carton_Ferm?e.uasset" 7316
"../../../../../Logiciels/Unreal Projects/Team6_Unreal/Content/MyGame/Asset/Props_Test/MA_Props/MA_White/MA_Carton_Fermee.uasset" 7317
"../../../../../Logiciels/Unreal Projects/Team6_Unreal/Content/MyGame/Asset/Props_Test/Texture/Texture_W/Carton-ferme_bcolor.uasset" 7318
"/Game/__ExternalActors__/MyGame/Maps/FirstPersonMap/0/LG/INJLFGY4SQ9H81Q2VRDPRP" 7319
"../../../../../Logiciels/Unreal Projects/Team6_Unreal/Content/__ExternalActors__/MyGame/Maps/FirstPersonMap/0/LG/INJLFGY4SQ9H81Q2VRDPRP.uasset" 7320
"/Game/__ExternalActors__/MyGame/Maps/FirstPersonMap/0/LP/4HS45KWA3FXIPTTGN0VIBS" 7321
"../../../../../Logiciels/Unreal Projects/Team6_Unreal/Content/__ExternalActors__/MyGame/Maps/FirstPersonMap/0/LP/4HS45KWA3FXIPTTGN0VIBS.uasset" 7322
"/Game/__ExternalActors__/MyGame/Maps/FirstPersonMap/0/LX/LQT2MCUWLLNY3Y24K6S7XV" 7323
"../../../../../Logiciels/Unreal Projects/Team6_Unreal/Content/__ExternalActors__/MyGame/Maps/FirstPersonMap/0/LX/LQT2MCUWLLNY3Y24K6S7XV.uasset" 7324
"/Game/__ExternalActors__/MyGame/Maps/FirstPersonMap/0/MA/GIO60FEAW7VWLRFH7JPNNX" 7325
"../../../../../Logiciels/Unreal Projects/Team6_Unreal/Content/__ExternalActors__/MyGame/Maps/FirstPersonMap/0/MA/GIO60FEAW7VWLRFH7JPNNX.uasset" 7326
"/Game/__ExternalActors__/MyGame/Maps/FirstPersonMap/0/MS/MCYBIXZILGG1C0N1BJWOAM" 7327
"../../../../../Logiciels/Unreal Projects/Team6_Unreal/Content/__ExternalActors__/MyGame/Maps/FirstPersonMap/0/MS/MCYBIXZILGG1C0N1BJWOAM.uasset" 7328
"/Game/__ExternalActors__/MyGame/Maps/FirstPersonMap/0/N5/GM4Y5CBCJMP5TLEMTZHDZV" 7329
"../../../../../Logiciels/Unreal Projects/Team6_Unreal/Content/__ExternalActors__/MyGame/Maps/FirstPersonMap/0/N5/GM4Y5CBCJMP5TLEMTZHDZV.uasset" 7330
"/Game/__ExternalActors__/MyGame/Maps/FirstPersonMap/0/NF/RM6STTTS80GTHQOG1S0DS4" 7331
"../../../../../Logiciels/Unreal Projects/Team6_Unreal/Content/__ExternalActors__/MyGame/Maps/FirstPersonMap/0/NF/RM6STTTS80GTHQOG1S0DS4.uasset" 7332
"../../../../../Logiciels/Unreal Projects/Team6_Unreal/Content/MyGame/Asset/Props_Test/Props_Mod?/Table.uasset" 7333
"../../../../../Logiciels/Unreal Projects/Team6_Unreal/Content/MyGame/Asset/Props_Test/MA_Props/MA_White/MA_Table.uasset" 7334
"../../../../../Logiciels/Unreal Projects/Team6_Unreal/Content/MyGame/Asset/Props_Test/Texture/Texture_W/Table_bcolor.uasset" 7335
"/Game/__ExternalActors__/MyGame/Maps/FirstPersonMap/0/OM/9AOZN8SUO1TKA1MXS4G48Q" 7336
"../../../../../Logiciels/Unreal Projects/Team6_Unreal/Content/__ExternalActors__/MyGame/Maps/FirstPersonMap/0/OM/9AOZN8SUO1TKA1MXS4G48Q.uasset" 7337
"/Game/__ExternalActors__/MyGame/Maps/FirstPersonMap/0/Q3/8C28JGVR1LAB0JYLFN8RSM" 7338
"../../../../../Logiciels/Unreal Projects/Team6_Unreal/Content/__ExternalActors__/MyGame/Maps/FirstPersonMap/0/Q3/8C28JGVR1LAB0JYLFN8RSM.uasset" 7339
"../../../../../Logiciels/Unreal Projects/Team6_Unreal/Content/MyGame/Blueprints/SpawnerMob/BP_Spawner.uasset" 7340
"../../../../../Logiciels/Unreal Projects/Team6_Unreal/Content/MyGame/Blueprints/Character/BP_Mob.uasset" 7341
"../../../../../Logiciels/Unreal Projects/Team6_Unreal/Content/Animations/ABP_Poulpe.uasset" 7342
"../../../../../Logiciels/Unreal Projects/Team6_Unreal/Content/Animations/AM_AttackPoulpe.uasset" 7343
"../../../../../Logiciels/Unreal Projects/Team6_Unreal/Content/MyGame/AI/BP_AI_Mob.uasset" 7344
"../../../../../Logiciels/Unreal Projects/Team6_Unreal/Content/MyGame/Asset/Poulpe/SK_Poulpe.uasset" 7345
"../../../../../Logiciels/Unreal Projects/Team6_Unreal/Content/UI/WBP_DirtCamera.uasset" 7346
"../../../../../Logiciels/Unreal Projects/Team6_Unreal/Content/MyGame/Asset/Poulpe/SK_Poulpe_Idle.uasset" 7347
"../../../../../Logiciels/Unreal Projects/Team6_Unreal/Content/MyGame/Asset/Poulpe/SK_Poulpe_Skeleton.uasset" 7348
"../../../../../Logiciels/Unreal Projects/Team6_Unreal/Content/MyGame/Asset/Poulpe/SK_Poulpe_Attack01.uasset" 7349
"../../../../../Logiciels/Unreal Projects/Team6_Unreal/Content/MyGame/AI/BT_AIMob.uasset" 7350
"../../../../../Logiciels/Unreal Projects/Team6_Unreal/Content/MyGame/Asset/Poulpe/MA_Poulpe.uasset" 7351
"../../../../../Logiciels/Unreal Projects/Team6_Unreal/Content/MyGame/Asset/Poulpe/SK_Poulpe_PhysicsAsset.uasset" 7352
"../../../../../Logiciels/Unreal Projects/Team6_Unreal/Content/MyGame/Asset/VFX/Dirt/Dirt_02.uasset" 7353
"../../../../../Logiciels/Unreal Projects/Team6_Unreal/Content/MyGame/AI/BBD_AIMob.uasset" 7354
"../../../../../Logiciels/Unreal Projects/Team6_Unreal/Content/MyGame/AI/Tasks/BTTask_Attack.uasset" 7355
"../../../../../Logiciels/Unreal Projects/Team6_Unreal/Content/MyGame/Asset/Poulpe/Mob-Poulpe_bcolor.uasset" 7356
"../../../../../Logiciels/Unreal Projects/Team6_Unreal/Content/MyGame/AI/Tasks/BTTask_LookAround.uasset" 7357
"/Game/__ExternalActors__/MyGame/Maps/FirstPersonMap/0/Q4/PH3TNUC9NK03D04P7PUECR" 7358
"../../../../../Logiciels/Unreal Projects/Team6_Unreal/Content/__ExternalActors__/MyGame/Maps/FirstPersonMap/0/Q4/PH3TNUC9NK03D04P7PUECR.uasset" 7359
"../../../../../Logiciels/Unreal Projects/Team6_Unreal/Content/MyGame/Asset/Props_Test/Props_Mod?/Kioske.uasset" 7360
"../../../../../Logiciels/Unreal Projects/Team6_Unreal/Content/MyGame/Asset/Props_Test/MA_Props/MA_White/MA_Kioske.uasset" 7361
"../../../../../Logiciels/Unreal Projects/Team6_Unreal/Content/MyGame/Asset/Props_Test/Texture/Texture_W/Biblio_bcolor.uasset" 7362
"/Game/__ExternalActors__/MyGame/Maps/FirstPersonMap/0/RK/UGNJT4F1GGCB66N2EOBTNW" 7363
"../../../../../Logiciels/Unreal Projects/Team6_Unreal/Content/__ExternalActors__/MyGame/Maps/FirstPersonMap/0/RK/UGNJT4F1GGCB66N2EOBTNW.uasset" 7364
"/Game/__ExternalActors__/MyGame/Maps/FirstPersonMap/0/S9/K8GVGSAD58WZ05MG7X0PRG" 7365
"../../../../../Logiciels/Unreal Projects/Team6_Unreal/Content/__ExternalActors__/MyGame/Maps/FirstPersonMap/0/S9/K8GVGSAD58WZ05MG7X0PRG.uasset" 7366
"/Game/__ExternalActors__/MyGame/Maps/FirstPersonMap/0/SI/NYIVW8N6SFQ9SHVTCVRO5B" 7367
"../../../../../Logiciels/Unreal Projects/Team6_Unreal/Content/__ExternalActors__/MyGame/Maps/FirstPersonMap/0/SI/NYIVW8N6SFQ9SHVTCVRO5B.uasset" 7368
"/Game/__ExternalActors__/MyGame/Maps/FirstPersonMap/0/UF/N207NTEQ7PNT5Y4ESH1SC9" 7369
"../../../../../Logiciels/Unreal Projects/Team6_Unreal/Content/__ExternalActors__/MyGame/Maps/FirstPersonMap/0/UF/N207NTEQ7PNT5Y4ESH1SC9.uasset" 7370
"/Game/__ExternalActors__/MyGame/Maps/FirstPersonMap/0/US/7YGNES3VP7I58B2HA3QK29" 7371
"../../../../../Logiciels/Unreal Projects/Team6_Unreal/Content/__ExternalActors__/MyGame/Maps/FirstPersonMap/0/US/7YGNES3VP7I58B2HA3QK29.uasset" 7372
"/Game/__ExternalActors__/MyGame/Maps/FirstPersonMap/0/XT/2MWIC204VXBSPJHMVWL0R2" 7373
"../../../../../Logiciels/Unreal Projects/Team6_Unreal/Content/__ExternalActors__/MyGame/Maps/FirstPersonMap/0/XT/2MWIC204VXBSPJHMVWL0R2.uasset" 7374
"/Game/__ExternalActors__/MyGame/Maps/FirstPersonMap/0/Y5/K70I6JFZZFN55E8QHA6GU5" 7375
"../../../../../Logiciels/Unreal Projects/Team6_Unreal/Content/__ExternalActors__/MyGame/Maps/FirstPersonMap/0/Y5/K70I6JFZZFN55E8QHA6GU5.uasset" 7376
"../../../../../Logiciels/Unreal Projects/Team6_Unreal/Content/MyGame/Blueprints/Object/BP_Machine.uasset" 7377
"../../../../../Logiciels/Unreal Projects/Team6_Unreal/Content/MyGame/Asset/Props_Test/Props_Mod?/Machine_Line.uasset" 7378
"../../../../../Logiciels/Unreal Projects/Team6_Unreal/Content/MyGame/Asset/Props_Test/Props_Mod?/Porte_Machine.uasset" 7379
"../../../../../Logiciels/Unreal Projects/Team6_Unreal/Content/MyGame/Asset/Props_Test/MA_Props/MA_White/MA_Machine_Line.uasset" 7380
"../../../../../Logiciels/Unreal Projects/Team6_Unreal/Content/MyGame/Asset/Props_Test/MA_Props/MA_White/MA_Porte_Machine.uasset" 7381
"../../../../../Logiciels/Unreal Projects/Team6_Unreal/Content/MyGame/Asset/Props_Test/Texture/Texture_W/Machine-Line-W_bcolor.uasset" 7382
"../../../../../Logiciels/Unreal Projects/Team6_Unreal/Content/MyGame/Asset/Props_Test/Texture/Texture_W/Porte-Machine_bcolor.uasset" 7383
"/Game/__ExternalActors__/MyGame/Maps/FirstPersonMap/2/IR/50FA0VCIFBDM4FIDE7XJ5B" 7384
"../../../../../Logiciels/Unreal Projects/Team6_Unreal/Content/__ExternalActors__/MyGame/Maps/FirstPersonMap/2/IR/50FA0VCIFBDM4FIDE7XJ5B.uasset" 7385
"../../../../../Logiciels/Unreal Projects/Team6_Unreal/Content/MyGame/Blueprints/Object/BP_Lever.uasset" 7386
"../../../../../Logiciels/Unreal Projects/Team6_Unreal/Content/MyGame/Asset/Props_Test/Props_Mod?/levier.uasset" 7387
"../../../../../Logiciels/Unreal Projects/Team6_Unreal/Content/MyGame/Asset/Props_Test/MA_Props/MA_White/MA_Levier.uasset" 7388
"../../../../../Logiciels/Unreal Projects/Team6_Unreal/Content/MyGame/Asset/Props_Test/Texture/Texture_W/Levier-W_bcolor.uasset" 7389
"/Game/__ExternalActors__/MyGame/Maps/FirstPersonMap/0/YD/6DOXGXE0DLCSUSOAGVUKZM" 7390
"../../../../../Logiciels/Unreal Projects/Team6_Unreal/Content/__ExternalActors__/MyGame/Maps/FirstPersonMap/0/YD/6DOXGXE0DLCSUSOAGVUKZM.uasset" 7391
"/Game/__ExternalActors__/MyGame/Maps/FirstPersonMap/0/YQ/ZAC3544YH0NFKHUHVO3H9K" 7392
"../../../../../Logiciels/Unreal Projects/Team6_Unreal/Content/__ExternalActors__/MyGame/Maps/FirstPersonMap/0/YQ/ZAC3544YH0NFKHUHVO3H9K.uasset" 7393
"/Game/__ExternalActors__/MyGame/Maps/FirstPersonMap/0/YV/7VRM1V0CWAYRIX54P8UHCS" 7394
"../../../../../Logiciels/Unreal Projects/Team6_Unreal/Content/__ExternalActors__/MyGame/Maps/FirstPersonMap/0/YV/7VRM1V0CWAYRIX54P8UHCS.uasset" 7395
"/Game/__ExternalActors__/MyGame/Maps/FirstPersonMap/0/YW/9DV3QX7P0IR4M9FJY04L3T" 7396
"../../../../../Logiciels/Unreal Projects/Team6_Unreal/Content/__ExternalActors__/MyGame/Maps/FirstPersonMap/0/YW/9DV3QX7P0IR4M9FJY04L3T.uasset" 7397
"/Game/__ExternalActors__/MyGame/Maps/FirstPersonMap/0/ZF/K727USV8O42E7VDSN5B3PG" 7398
"../../../../../Logiciels/Unreal Projects/Team6_Unreal/Content/__ExternalActors__/MyGame/Maps/FirstPersonMap/0/ZF/K727USV8O42E7VDSN5B3PG.uasset" 7399
"../../../../../Logiciels/Unreal Projects/Team6_Unreal/Content/MyGame/Blueprints/BP_Door.uasset" 7400
"../../../../../Logiciels/Unreal Projects/Team6_Unreal/Content/MyGame/Blueprints/BP_Lever.uasset" 7401
"../../../../../Logiciels/Unreal Projects/Team6_Unreal/Content/__ExternalActors__/MyGame/Maps/FirstPersonMap/D/WQ/Q76DHYWEFLB8EE1WU3KRIR.uasset" 7402
"../../../../../Logiciels/Unreal Projects/Team6_Unreal/Content/MyGame/Blueprints/Object/BP_Door.uasset" 7403
"../../../../../Logiciels/Unreal Projects/Team6_Unreal/Content/MyGame/Asset/Props_Test/Props_Mod?/Porte_Mur.uasset" 7404
"../../../../../Logiciels/Unreal Projects/Team6_Unreal/Content/MyGame/Asset/Props_Test/MA_Props/MA_White/MA_Porte.uasset" 7405
"../../../../../Logiciels/Unreal Projects/Team6_Unreal/Content/MyGame/Asset/Props_Test/Texture/Texture_W/Porte_bcolor.uasset" 7406
"/Game/__ExternalActors__/MyGame/Maps/FirstPersonMap/E/QL/IRCZ8FJTELSTMMJE04A4SV" 7407
"../../../../../Logiciels/Unreal Projects/Team6_Unreal/Content/__ExternalActors__/MyGame/Maps/FirstPersonMap/E/QL/IRCZ8FJTELSTMMJE04A4SV.uasset" 7408
"/Game/__ExternalActors__/MyGame/Maps/FirstPersonMap/0/ZX/ISOCEWE42YDWDW6PTYH9XR" 7409
"../../../../../Logiciels/Unreal Projects/Team6_Unreal/Content/__ExternalActors__/MyGame/Maps/FirstPersonMap/0/ZX/ISOCEWE42YDWDW6PTYH9XR.uasset" 7410
"../../../../../Logiciels/Unreal Projects/Team6_Unreal/Content/MyGame/Asset/Props_Test/Props_Mod?/Machine-Full.uasset" 7411
"../../../../../Logiciels/Unreal Projects/Team6_Unreal/Content/MyGame/Asset/Props_Test/MA_Props/MA_White/MA_Machine_Full.uasset" 7412
"../../../../../Logiciels/Unreal Projects/Team6_Unreal/Content/MyGame/Asset/Props_Test/Texture/Texture_W/Macine-Full-W_bcolor.uasset" 7413
"/Game/__ExternalActors__/MyGame/Maps/FirstPersonMap/1/0F/2IF48MPU4BD93E71CNGLUO" 7414
"../../../../../Logiciels/Unreal Projects/Team6_Unreal/Content/__ExternalActors__/MyGame/Maps/FirstPersonMap/1/0F/2IF48MPU4BD93E71CNGLUO.uasset" 7415
"/Game/__ExternalActors__/MyGame/Maps/FirstPersonMap/1/0O/V93EYQC3GVY0B6DOYPUTT7" 7416
"../../../../../Logiciels/Unreal Projects/Team6_Unreal/Content/__ExternalActors__/MyGame/Maps/FirstPersonMap/1/0O/V93EYQC3GVY0B6DOYPUTT7.uasset" 7417
"/Game/__ExternalActors__/MyGame/Maps/FirstPersonMap/1/0R/H58JAKSJ32EDKJQFR40JJP" 7418
"../../../../../Logiciels/Unreal Projects/Team6_Unreal/Content/__ExternalActors__/MyGame/Maps/FirstPersonMap/1/0R/H58JAKSJ32EDKJQFR40JJP.uasset" 7419
"/Game/__ExternalActors__/MyGame/Maps/FirstPersonMap/1/12/2JNATIAFNPXV4UDRJCSNEB" 7420
"../../../../../Logiciels/Unreal Projects/Team6_Unreal/Content/__ExternalActors__/MyGame/Maps/FirstPersonMap/1/12/2JNATIAFNPXV4UDRJCSNEB.uasset" 7421
"/Game/__ExternalActors__/MyGame/Maps/FirstPersonMap/1/1T/TXX2AZPOVIC4B4VODEPOR3" 7422
"../../../../../Logiciels/Unreal Projects/Team6_Unreal/Content/__ExternalActors__/MyGame/Maps/FirstPersonMap/1/1T/TXX2AZPOVIC4B4VODEPOR3.uasset" 7423
"/Game/__ExternalActors__/MyGame/Maps/FirstPersonMap/1/1T/USW0AXO9RKZOGX89ZAGLZB" 7424
"../../../../../Logiciels/Unreal Projects/Team6_Unreal/Content/__ExternalActors__/MyGame/Maps/FirstPersonMap/1/1T/USW0AXO9RKZOGX89ZAGLZB.uasset" 7425
"/Game/__ExternalActors__/MyGame/Maps/FirstPersonMap/1/2K/FNS2G8CO7XAIY68NPCQ78A" 7426
"../../../../../Logiciels/Unreal Projects/Team6_Unreal/Content/__ExternalActors__/MyGame/Maps/FirstPersonMap/1/2K/FNS2G8CO7XAIY68NPCQ78A.uasset" 7427
"/Game/__ExternalActors__/MyGame/Maps/FirstPersonMap/1/2U/GFBMO3DRCG62RK2ZWG9N3A" 7428
"../../../../../Logiciels/Unreal Projects/Team6_Unreal/Content/__ExternalActors__/MyGame/Maps/FirstPersonMap/1/2U/GFBMO3DRCG62RK2ZWG9N3A.uasset" 7429
"/Game/__ExternalActors__/MyGame/Maps/FirstPersonMap/1/3Z/IWDUQKJLW8KQ0CREABJLLK" 7430
"../../../../../Logiciels/Unreal Projects/Team6_Unreal/Content/__ExternalActors__/MyGame/Maps/FirstPersonMap/1/3Z/IWDUQKJLW8KQ0CREABJLLK.uasset" 7431
"/Game/__ExternalActors__/MyGame/Maps/FirstPersonMap/1/5W/D247LU19FT1ETCKDXR3UUM" 7432
"../../../../../Logiciels/Unreal Projects/Team6_Unreal/Content/__ExternalActors__/MyGame/Maps/FirstPersonMap/1/5W/D247LU19FT1ETCKDXR3UUM.uasset" 7433
"/Game/__ExternalActors__/MyGame/Maps/FirstPersonMap/1/63/MZFDXU5I31DRZK8OU574JA" 7434
"../../../../../Logiciels/Unreal Projects/Team6_Unreal/Content/__ExternalActors__/MyGame/Maps/FirstPersonMap/1/63/MZFDXU5I31DRZK8OU574JA.uasset" 7435
"/Game/__ExternalActors__/MyGame/Maps/FirstPersonMap/1/6V/SGVGPP5BGYZ6Y05Z7SAVLY" 7436
"../../../../../Logiciels/Unreal Projects/Team6_Unreal/Content/__ExternalActors__/MyGame/Maps/FirstPersonMap/1/6V/SGVGPP5BGYZ6Y05Z7SAVLY.uasset" 7437
"/Game/__ExternalActors__/MyGame/Maps/FirstPersonMap/1/73/I3NVUK3YH0OANRGWHI163A" 7438
"../../../../../Logiciels/Unreal Projects/Team6_Unreal/Content/__ExternalActors__/MyGame/Maps/FirstPersonMap/1/73/I3NVUK3YH0OANRGWHI163A.uasset" 7439
"/Game/__ExternalActors__/MyGame/Maps/FirstPersonMap/1/7C/YEILD67LZEIQMN6H2BLB4H" 7440
"../../../../../Logiciels/Unreal Projects/Team6_Unreal/Content/__ExternalActors__/MyGame/Maps/FirstPersonMap/1/7C/YEILD67LZEIQMN6H2BLB4H.uasset" 7441
"/Game/__ExternalActors__/MyGame/Maps/FirstPersonMap/1/7O/V884JWUYOJ91E2XAPOMENT" 7442
"../../../../../Logiciels/Unreal Projects/Team6_Unreal/Content/__ExternalActors__/MyGame/Maps/FirstPersonMap/1/7O/V884JWUYOJ91E2XAPOMENT.uasset" 7443
"/Game/__ExternalActors__/MyGame/Maps/FirstPersonMap/1/8F/JNTGJJJF2D0RVUXJGJX844" 7444
"../../../../../Logiciels/Unreal Projects/Team6_Unreal/Content/__ExternalActors__/MyGame/Maps/FirstPersonMap/1/8F/JNTGJJJF2D0RVUXJGJX844.uasset" 7445
"/Game/__ExternalActors__/MyGame/Maps/FirstPersonMap/1/9J/7Z4FYLVX5BGWHTHAKJA9G6" 7446
"../../../../../Logiciels/Unreal Projects/Team6_Unreal/Content/__ExternalActors__/MyGame/Maps/FirstPersonMap/1/9J/7Z4FYLVX5BGWHTHAKJA9G6.uasset" 7447
"/Game/__ExternalActors__/MyGame/Maps/FirstPersonMap/1/9U/D0HSIMLJQO25GRPD24GZ7A" 7448
"../../../../../Logiciels/Unreal Projects/Team6_Unreal/Content/__ExternalActors__/MyGame/Maps/FirstPersonMap/1/9U/D0HSIMLJQO25GRPD24GZ7A.uasset" 7449
"/Game/__ExternalActors__/MyGame/Maps/FirstPersonMap/1/BR/NZMUXNOMI3C88O5LJQLMLU" 7450
"../../../../../Logiciels/Unreal Projects/Team6_Unreal/Content/__ExternalActors__/MyGame/Maps/FirstPersonMap/1/BR/NZMUXNOMI3C88O5LJQLMLU.uasset" 7451
"/Game/__ExternalActors__/MyGame/Maps/FirstPersonMap/1/CI/2LYQLIU7WQYA89V3V03RLV" 7452
"../../../../../Logiciels/Unreal Projects/Team6_Unreal/Content/__ExternalActors__/MyGame/Maps/FirstPersonMap/1/CI/2LYQLIU7WQYA89V3V03RLV.uasset" 7453
"/Game/__ExternalActors__/MyGame/Maps/FirstPersonMap/1/CN/BVASUUX52Y8ZDJR3Q1SEML" 7454
"../../../../../Logiciels/Unreal Projects/Team6_Unreal/Content/__ExternalActors__/MyGame/Maps/FirstPersonMap/1/CN/BVASUUX52Y8ZDJR3Q1SEML.uasset" 7455
"/Game/__ExternalActors__/MyGame/Maps/FirstPersonMap/1/CT/OZ8M7K2RGR2RQF0R77DNZY" 7456
"../../../../../Logiciels/Unreal Projects/Team6_Unreal/Content/__ExternalActors__/MyGame/Maps/FirstPersonMap/1/CT/OZ8M7K2RGR2RQF0R77DNZY.uasset" 7457
"/Game/__ExternalActors__/MyGame/Maps/FirstPersonMap/1/DZ/LZIGBYXYE0IOF0H92YZZ36" 7458
"../../../../../Logiciels/Unreal Projects/Team6_Unreal/Content/__ExternalActors__/MyGame/Maps/FirstPersonMap/1/DZ/LZIGBYXYE0IOF0H92YZZ36.uasset" 7459
"/Game/__ExternalActors__/MyGame/Maps/FirstPersonMap/1/FQ/LOF7VULRN7ARQP8RL2504S" 7460
"../../../../../Logiciels/Unreal Projects/Team6_Unreal/Content/__ExternalActors__/MyGame/Maps/FirstPersonMap/1/FQ/LOF7VULRN7ARQP8RL2504S.uasset" 7461
"/Game/__ExternalActors__/MyGame/Maps/FirstPersonMap/1/GF/ZEYWXPITH0186LS6BM917K" 7462
"../../../../../Logiciels/Unreal Projects/Team6_Unreal/Content/__ExternalActors__/MyGame/Maps/FirstPersonMap/1/GF/ZEYWXPITH0186LS6BM917K.uasset" 7463
"/Game/__ExternalActors__/MyGame/Maps/FirstPersonMap/1/H5/DGSO95DOIBRCCOY6QDG40A" 7464
"../../../../../Logiciels/Unreal Projects/Team6_Unreal/Content/__ExternalActors__/MyGame/Maps/FirstPersonMap/1/H5/DGSO95DOIBRCCOY6QDG40A.uasset" 7465
"/Game/__ExternalActors__/MyGame/Maps/FirstPersonMap/1/HK/3IFMFMO7X3AIHJ1N68I362" 7466
"../../../../../Logiciels/Unreal Projects/Team6_Unreal/Content/__ExternalActors__/MyGame/Maps/FirstPersonMap/1/HK/3IFMFMO7X3AIHJ1N68I362.uasset" 7467
"/Game/__ExternalActors__/MyGame/Maps/FirstPersonMap/1/HT/FSVNLKMTS664FQRZFCUAOI" 7468
"../../../../../Logiciels/Unreal Projects/Team6_Unreal/Content/__ExternalActors__/MyGame/Maps/FirstPersonMap/1/HT/FSVNLKMTS664FQRZFCUAOI.uasset" 7469
"/Game/__ExternalActors__/MyGame/Maps/FirstPersonMap/1/ID/IW7FD04T6MQ4YSEL56HM71" 7470
"../../../../../Logiciels/Unreal Projects/Team6_Unreal/Content/__ExternalActors__/MyGame/Maps/FirstPersonMap/1/ID/IW7FD04T6MQ4YSEL56HM71.uasset" 7471
"/Game/__ExternalActors__/MyGame/Maps/FirstPersonMap/1/K2/P6VHE54SBSNELU5DC75BXZ" 7472
"../../../../../Logiciels/Unreal Projects/Team6_Unreal/Content/__ExternalActors__/MyGame/Maps/FirstPersonMap/1/K2/P6VHE54SBSNELU5DC75BXZ.uasset" 7473
"/Game/__ExternalActors__/MyGame/Maps/FirstPersonMap/1/K7/DWQJ86BMIWNTV4AHRLBDU7" 7474
"../../../../../Logiciels/Unreal Projects/Team6_Unreal/Content/__ExternalActors__/MyGame/Maps/FirstPersonMap/1/K7/DWQJ86BMIWNTV4AHRLBDU7.uasset" 7475
"/Game/__ExternalActors__/MyGame/Maps/FirstPersonMap/1/KL/DO3VSZ6H4R7Y6T4LBU5FM9" 7476
"../../../../../Logiciels/Unreal Projects/Team6_Unreal/Content/__ExternalActors__/MyGame/Maps/FirstPersonMap/1/KL/DO3VSZ6H4R7Y6T4LBU5FM9.uasset" 7477
"/Game/__ExternalActors__/MyGame/Maps/FirstPersonMap/1/LE/OG9FXZ3Y2VM7XUYD47OZIM" 7478
"../../../../../Logiciels/Unreal Projects/Team6_Unreal/Content/__ExternalActors__/MyGame/Maps/FirstPersonMap/1/LE/OG9FXZ3Y2VM7XUYD47OZIM.uasset" 7479
"/Game/__ExternalActors__/MyGame/Maps/FirstPersonMap/1/M6/IDX70I7EXMK24DFV6MLUI5" 7480
"../../../../../Logiciels/Unreal Projects/Team6_Unreal/Content/__ExternalActors__/MyGame/Maps/FirstPersonMap/1/M6/IDX70I7EXMK24DFV6MLUI5.uasset" 7481
"/Game/__ExternalActors__/MyGame/Maps/FirstPersonMap/1/MA/YNBF7D4HR6WD313O8G1LHN" 7482
"../../../../../Logiciels/Unreal Projects/Team6_Unreal/Content/__ExternalActors__/MyGame/Maps/FirstPersonMap/1/MA/YNBF7D4HR6WD313O8G1LHN.uasset" 7483
"/Game/__ExternalActors__/MyGame/Maps/FirstPersonMap/1/MJ/FNF0M4W5J0HSHH5TEI9RN9" 7484
"../../../../../Logiciels/Unreal Projects/Team6_Unreal/Content/__ExternalActors__/MyGame/Maps/FirstPersonMap/1/MJ/FNF0M4W5J0HSHH5TEI9RN9.uasset" 7485
"/Game/__ExternalActors__/MyGame/Maps/FirstPersonMap/1/MK/PHL317QTZQU40LFS4MX3BY" 7486
"../../../../../Logiciels/Unreal Projects/Team6_Unreal/Content/__ExternalActors__/MyGame/Maps/FirstPersonMap/1/MK/PHL317QTZQU40LFS4MX3BY.uasset" 7487
"/Game/__ExternalActors__/MyGame/Maps/FirstPersonMap/1/ML/Q50DI3MPT0X5VRV6Z1JB4P" 7488
"../../../../../Logiciels/Unreal Projects/Team6_Unreal/Content/__ExternalActors__/MyGame/Maps/FirstPersonMap/1/ML/Q50DI3MPT0X5VRV6Z1JB4P.uasset" 7489
"/Game/__ExternalActors__/MyGame/Maps/FirstPersonMap/1/OB/UYHYEWWEVAWGAASB676QNE" 7490
"../../../../../Logiciels/Unreal Projects/Team6_Unreal/Content/__ExternalActors__/MyGame/Maps/FirstPersonMap/1/OB/UYHYEWWEVAWGAASB676QNE.uasset" 7491
"/Game/__ExternalActors__/MyGame/Maps/FirstPersonMap/1/P4/S7S6ND75S1C7TXNTN2QQY6" 7492
"../../../../../Logiciels/Unreal Projects/Team6_Unreal/Content/__ExternalActors__/MyGame/Maps/FirstPersonMap/1/P4/S7S6ND75S1C7TXNTN2QQY6.uasset" 7493
"/Game/__ExternalActors__/MyGame/Maps/FirstPersonMap/1/P5/QUZUQV427TMTV70MFRFLJ6" 7494
"../../../../../Logiciels/Unreal Projects/Team6_Unreal/Content/__ExternalActors__/MyGame/Maps/FirstPersonMap/1/P5/QUZUQV427TMTV70MFRFLJ6.uasset" 7495
"/Game/__ExternalActors__/MyGame/Maps/FirstPersonMap/1/QO/ZRQOBAW78EUJ4QO6LKR1P7" 7496
"../../../../../Logiciels/Unreal Projects/Team6_Unreal/Content/__ExternalActors__/MyGame/Maps/FirstPersonMap/1/QO/ZRQOBAW78EUJ4QO6LKR1P7.uasset" 7497
"/Game/__ExternalActors__/MyGame/Maps/FirstPersonMap/1/S7/LMYCL7FVFC37SENYPA6W92" 7498
"../../../../../Logiciels/Unreal Projects/Team6_Unreal/Content/__ExternalActors__/MyGame/Maps/FirstPersonMap/1/S7/LMYCL7FVFC37SENYPA6W92.uasset" 7499
"/Game/__ExternalActors__/MyGame/Maps/FirstPersonMap/1/SS/GC78IMX564DH5AHKEDCZO7" 7500
"../../../../../Logiciels/Unreal Projects/Team6_Unreal/Content/__ExternalActors__/MyGame/Maps/FirstPersonMap/1/SS/GC78IMX564DH5AHKEDCZO7.uasset" 7501
"/Game/__ExternalActors__/MyGame/Maps/FirstPersonMap/1/T7/Z4OPDH55MNZR5JKP8FFQWG" 7502
"../../../../../Logiciels/Unreal Projects/Team6_Unreal/Content/__ExternalActors__/MyGame/Maps/FirstPersonMap/1/T7/Z4OPDH55MNZR5JKP8FFQWG.uasset" 7503
"/Game/__ExternalActors__/MyGame/Maps/FirstPersonMap/1/T8/ZQ40S7GTXHARWRI2W83A7A" 7504
"../../../../../Logiciels/Unreal Projects/Team6_Unreal/Content/__ExternalActors__/MyGame/Maps/FirstPersonMap/1/T8/ZQ40S7GTXHARWRI2W83A7A.uasset" 7505
"/Game/__ExternalActors__/MyGame/Maps/FirstPersonMap/1/U1/Q81M6M5XK5UIVW8DBPABOB" 7506
"../../../../../Logiciels/Unreal Projects/Team6_Unreal/Content/__ExternalActors__/MyGame/Maps/FirstPersonMap/1/U1/Q81M6M5XK5UIVW8DBPABOB.uasset" 7507
"/Game/__ExternalActors__/MyGame/Maps/FirstPersonMap/1/UC/GW07CTSJ2XD142COIFJSQ7" 7508
"../../../../../Logiciels/Unreal Projects/Team6_Unreal/Content/__ExternalActors__/MyGame/Maps/FirstPersonMap/1/UC/GW07CTSJ2XD142COIFJSQ7.uasset" 7509
"/Game/__ExternalActors__/MyGame/Maps/FirstPersonMap/1/VA/PCDHIWIUYPRHFWBLTWVWV5" 7510
"../../../../../Logiciels/Unreal Projects/Team6_Unreal/Content/__ExternalActors__/MyGame/Maps/FirstPersonMap/1/VA/PCDHIWIUYPRHFWBLTWVWV5.uasset" 7511
"/Game/__ExternalActors__/MyGame/Maps/FirstPersonMap/1/W1/IZ6RUD7GQBS3W4MV3YDMKK" 7512
"../../../../../Logiciels/Unreal Projects/Team6_Unreal/Content/__ExternalActors__/MyGame/Maps/FirstPersonMap/1/W1/IZ6RUD7GQBS3W4MV3YDMKK.uasset" 7513
"/Game/__ExternalActors__/MyGame/Maps/FirstPersonMap/1/W6/TB2NH4OJRX8ON37SWPOWMN" 7514
"../../../../../Logiciels/Unreal Projects/Team6_Unreal/Content/__ExternalActors__/MyGame/Maps/FirstPersonMap/1/W6/TB2NH4OJRX8ON37SWPOWMN.uasset" 7515
"/Game/__ExternalActors__/MyGame/Maps/FirstPersonMap/1/WD/6HKBZA8JIYQBEUOHT2GBZG" 7516
"../../../../../Logiciels/Unreal Projects/Team6_Unreal/Content/__ExternalActors__/MyGame/Maps/FirstPersonMap/1/WD/6HKBZA8JIYQBEUOHT2GBZG.uasset" 7517
"/Game/__ExternalActors__/MyGame/Maps/FirstPersonMap/1/WS/S8GKY03GZBQM99DTRIZKR7" 7518
"../../../../../Logiciels/Unreal Projects/Team6_Unreal/Content/__ExternalActors__/MyGame/Maps/FirstPersonMap/1/WS/S8GKY03GZBQM99DTRIZKR7.uasset" 7519
"/Game/__ExternalActors__/MyGame/Maps/FirstPersonMap/1/WS/SCQJIAY775OIQ30J2SHINO" 7520
"../../../../../Logiciels/Unreal Projects/Team6_Unreal/Content/__ExternalActors__/MyGame/Maps/FirstPersonMap/1/WS/SCQJIAY775OIQ30J2SHINO.uasset" 7521
"/Game/__ExternalActors__/MyGame/Maps/FirstPersonMap/1/X2/OWYJ8RFQ244UI8GVKOE6S9" 7522
"../../../../../Logiciels/Unreal Projects/Team6_Unreal/Content/__ExternalActors__/MyGame/Maps/FirstPersonMap/1/X2/OWYJ8RFQ244UI8GVKOE6S9.uasset" 7523
"/Game/__ExternalActors__/MyGame/Maps/FirstPersonMap/1/X8/6YDVWWNAE4IID4DUR4HEOW" 7524
"../../../../../Logiciels/Unreal Projects/Team6_Unreal/Content/__ExternalActors__/MyGame/Maps/FirstPersonMap/1/X8/6YDVWWNAE4IID4DUR4HEOW.uasset" 7525
"/Game/__ExternalActors__/MyGame/Maps/FirstPersonMap/1/XD/8HYZQVHWPE7TWNFNA0FRKS" 7526
"../../../../../Logiciels/Unreal Projects/Team6_Unreal/Content/__ExternalActors__/MyGame/Maps/FirstPersonMap/1/XD/8HYZQVHWPE7TWNFNA0FRKS.uasset" 7527
"/Game/__ExternalActors__/MyGame/Maps/FirstPersonMap/1/YX/HZNGR4O5R3ABBIITCA5P70" 7528
"../../../../../Logiciels/Unreal Projects/Team6_Unreal/Content/__ExternalActors__/MyGame/Maps/FirstPersonMap/1/YX/HZNGR4O5R3ABBIITCA5P70.uasset" 7529
"/Game/__ExternalActors__/MyGame/Maps/FirstPersonMap/1/Z2/AYG65TVH5SNUCK0F2O51OL" 7530
"../../../../../Logiciels/Unreal Projects/Team6_Unreal/Content/__ExternalActors__/MyGame/Maps/FirstPersonMap/1/Z2/AYG65TVH5SNUCK0F2O51OL.uasset" 7531
"/Game/__ExternalActors__/MyGame/Maps/FirstPersonMap/2/01/J6J76L5XR3NLHIRBERWMBV" 7532
"../../../../../Logiciels/Unreal Projects/Team6_Unreal/Content/__ExternalActors__/MyGame/Maps/FirstPersonMap/2/01/J6J76L5XR3NLHIRBERWMBV.uasset" 7533
"/Game/__ExternalActors__/MyGame/Maps/FirstPersonMap/2/0E/TBM5PD2NMUGONRX39Q1LFD" 7534
"../../../../../Logiciels/Unreal Projects/Team6_Unreal/Content/__ExternalActors__/MyGame/Maps/FirstPersonMap/2/0E/TBM5PD2NMUGONRX39Q1LFD.uasset" 7535
"../../../../../Logiciels/Unreal Projects/Team6_Unreal/Content/MyGame/Asset/Props_Test/Props_Mod?/Caisse_02.uasset" 7536
"../../../../../Logiciels/Unreal Projects/Team6_Unreal/Content/MyGame/Asset/Props_Test/MA_Props/MA_White/MA_Caisse_02.uasset" 7537
"../../../../../Logiciels/Unreal Projects/Team6_Unreal/Content/MyGame/Asset/Props_Test/Texture/Texture_W/Boite-2-W_bcolor.uasset" 7538
"/Game/__ExternalActors__/MyGame/Maps/FirstPersonMap/2/0O/W9V2JDDWVLOPJDX5Y5QT9N" 7539
"../../../../../Logiciels/Unreal Projects/Team6_Unreal/Content/__ExternalActors__/MyGame/Maps/FirstPersonMap/2/0O/W9V2JDDWVLOPJDX5Y5QT9N.uasset" 7540
"/Game/__ExternalActors__/MyGame/Maps/FirstPersonMap/2/2Q/X89JZUH0T3A6B4SEYRTY6C" 7541
"../../../../../Logiciels/Unreal Projects/Team6_Unreal/Content/__ExternalActors__/MyGame/Maps/FirstPersonMap/2/2Q/X89JZUH0T3A6B4SEYRTY6C.uasset" 7542
"/Game/__ExternalActors__/MyGame/Maps/FirstPersonMap/2/2V/ER6IICP39T90H7UEPWHKKE" 7543
"../../../../../Logiciels/Unreal Projects/Team6_Unreal/Content/__ExternalActors__/MyGame/Maps/FirstPersonMap/2/2V/ER6IICP39T90H7UEPWHKKE.uasset" 7544
"/Game/__ExternalActors__/MyGame/Maps/FirstPersonMap/2/33/NDIRV2P3PH3C6OXMJINLFK" 7545
"../../../../../Logiciels/Unreal Projects/Team6_Unreal/Content/__ExternalActors__/MyGame/Maps/FirstPersonMap/2/33/NDIRV2P3PH3C6OXMJINLFK.uasset" 7546
"/Game/__ExternalActors__/MyGame/Maps/FirstPersonMap/2/3B/OOCY6DAMQAPOQPL74K7NB5" 7547
"../../../../../Logiciels/Unreal Projects/Team6_Unreal/Content/__ExternalActors__/MyGame/Maps/FirstPersonMap/2/3B/OOCY6DAMQAPOQPL74K7NB5.uasset" 7548
"/Game/__ExternalActors__/MyGame/Maps/FirstPersonMap/2/3N/BXVG8T3QKIK08FSRER1X0G" 7549
"../../../../../Logiciels/Unreal Projects/Team6_Unreal/Content/__ExternalActors__/MyGame/Maps/FirstPersonMap/2/3N/BXVG8T3QKIK08FSRER1X0G.uasset" 7550
"/Game/__ExternalActors__/MyGame/Maps/FirstPersonMap/2/3X/L6GPFIV8AADXJ2USWQ79BB" 7551
"../../../../../Logiciels/Unreal Projects/Team6_Unreal/Content/__ExternalActors__/MyGame/Maps/FirstPersonMap/2/3X/L6GPFIV8AADXJ2USWQ79BB.uasset" 7552
"/Game/__ExternalActors__/MyGame/Maps/FirstPersonMap/2/40/VI3EGWIFNMXPSEMXIM9MN2" 7553
"../../../../../Logiciels/Unreal Projects/Team6_Unreal/Content/__ExternalActors__/MyGame/Maps/FirstPersonMap/2/40/VI3EGWIFNMXPSEMXIM9MN2.uasset" 7554
"/Game/__ExternalActors__/MyGame/Maps/FirstPersonMap/2/46/VX6XMQRL59ZUZ80YW7FJ41" 7555
"../../../../../Logiciels/Unreal Projects/Team6_Unreal/Content/__ExternalActors__/MyGame/Maps/FirstPersonMap/2/46/VX6XMQRL59ZUZ80YW7FJ41.uasset" 7556
"../../../../../Logiciels/Unreal Projects/Team6_Unreal/Content/MyGame/Asset/Props_Test/Props_Mod?/Pile_Papier.uasset" 7557
"../../../../../Logiciels/Unreal Projects/Team6_Unreal/Content/MyGame/Asset/Props_Test/MA_Props/MA_White/MA_Pile_Papier.uasset" 7558
"../../../../../Logiciels/Unreal Projects/Team6_Unreal/Content/MyGame/Asset/Props_Test/Texture/Texture_W/Paper_bcolor.uasset" 7559
"/Game/__ExternalActors__/MyGame/Maps/FirstPersonMap/2/4T/7F5GFDDNYE3W126GIILZKB" 7560
"../../../../../Logiciels/Unreal Projects/Team6_Unreal/Content/__ExternalActors__/MyGame/Maps/FirstPersonMap/2/4T/7F5GFDDNYE3W126GIILZKB.uasset" 7561
"/Game/__ExternalActors__/MyGame/Maps/FirstPersonMap/2/4X/W5CMDGA65Y012VYRSCO2FM" 7562
"../../../../../Logiciels/Unreal Projects/Team6_Unreal/Content/__ExternalActors__/MyGame/Maps/FirstPersonMap/2/4X/W5CMDGA65Y012VYRSCO2FM.uasset" 7563
"/Game/__ExternalActors__/MyGame/Maps/FirstPersonMap/2/5P/H8KA9X5WC48DW59JE4PKXJ" 7564
"../../../../../Logiciels/Unreal Projects/Team6_Unreal/Content/__ExternalActors__/MyGame/Maps/FirstPersonMap/2/5P/H8KA9X5WC48DW59JE4PKXJ.uasset" 7565
"/Game/__ExternalActors__/MyGame/Maps/FirstPersonMap/2/5U/UD94U4EKZVFO4YFVQB8MB7" 7566
"../../../../../Logiciels/Unreal Projects/Team6_Unreal/Content/__ExternalActors__/MyGame/Maps/FirstPersonMap/2/5U/UD94U4EKZVFO4YFVQB8MB7.uasset" 7567
"/Game/__ExternalActors__/MyGame/Maps/FirstPersonMap/2/6R/UOMUJ66O3JPGPPTDX60Y6I" 7568
"../../../../../Logiciels/Unreal Projects/Team6_Unreal/Content/__ExternalActors__/MyGame/Maps/FirstPersonMap/2/6R/UOMUJ66O3JPGPPTDX60Y6I.uasset" 7569
"/Game/__ExternalActors__/MyGame/Maps/FirstPersonMap/2/7F/KIPZ9PZE720370Z9AN9GUX" 7570
"../../../../../Logiciels/Unreal Projects/Team6_Unreal/Content/__ExternalActors__/MyGame/Maps/FirstPersonMap/2/7F/KIPZ9PZE720370Z9AN9GUX.uasset" 7571
"/Game/__ExternalActors__/MyGame/Maps/FirstPersonMap/2/7G/GJ72HFRZOXA5LY36CPWIFJ" 7572
"../../../../../Logiciels/Unreal Projects/Team6_Unreal/Content/__ExternalActors__/MyGame/Maps/FirstPersonMap/2/7G/GJ72HFRZOXA5LY36CPWIFJ.uasset" 7573
"/Game/__ExternalActors__/MyGame/Maps/FirstPersonMap/2/7G/H839HGTSCLNPTRBD6R1797" 7574
"../../../../../Logiciels/Unreal Projects/Team6_Unreal/Content/__ExternalActors__/MyGame/Maps/FirstPersonMap/2/7G/H839HGTSCLNPTRBD6R1797.uasset" 7575
"/Game/__ExternalActors__/MyGame/Maps/FirstPersonMap/2/8C/73IRN3TJ09UB0HS2NJ56YW" 7576
"../../../../../Logiciels/Unreal Projects/Team6_Unreal/Content/__ExternalActors__/MyGame/Maps/FirstPersonMap/2/8C/73IRN3TJ09UB0HS2NJ56YW.uasset" 7577
"/Game/__ExternalActors__/MyGame/Maps/FirstPersonMap/2/8I/76UWRR1R07O9YQCN1XSJAJ" 7578
"../../../../../Logiciels/Unreal Projects/Team6_Unreal/Content/__ExternalActors__/MyGame/Maps/FirstPersonMap/2/8I/76UWRR1R07O9YQCN1XSJAJ.uasset" 7579
"../../../../../Logiciels/Unreal Projects/Team6_Unreal/Content/MyGame/Blueprints/Canvas/BP_Canvas_EmptyWallCanva.uasset" 7580
"../../../../../Logiciels/Unreal Projects/Team6_Unreal/Content/Material/Paint/M_PaintWallEmpty.uasset" 7581
"../../../../../Logiciels/Unreal Projects/Team6_Unreal/Content/MyGame/Asset/Props_Test/Props_Mod?/Mur_nu.uasset" 7582
"../../../../../Logiciels/Unreal Projects/Team6_Unreal/Content/MyGame/Asset/Props_Test/Texture/Texture_W/Mur-Nu-W_bcolor.uasset" 7583
"../../../../../Logiciels/Unreal Projects/Team6_Unreal/Content/MyGame/Asset/Props_Test/MA_Props/MA_White/MA_Mur_Nu.uasset" 7584
"/Game/__ExternalActors__/MyGame/Maps/FirstPersonMap/2/8N/O6M7PGSBQSQ7K90U1DT9OJ" 7585
"../../../../../Logiciels/Unreal Projects/Team6_Unreal/Content/__ExternalActors__/MyGame/Maps/FirstPersonMap/2/8N/O6M7PGSBQSQ7K90U1DT9OJ.uasset" 7586
"/Game/__ExternalActors__/MyGame/Maps/FirstPersonMap/2/8P/NHVUSTZGN1D6FNO03WYCL9" 7587
"../../../../../Logiciels/Unreal Projects/Team6_Unreal/Content/__ExternalActors__/MyGame/Maps/FirstPersonMap/2/8P/NHVUSTZGN1D6FNO03WYCL9.uasset" 7588
"/Game/__ExternalActors__/MyGame/Maps/FirstPersonMap/2/8T/F05PGH5WS1GNU221MP9OZ7" 7589
"../../../../../Logiciels/Unreal Projects/Team6_Unreal/Content/__ExternalActors__/MyGame/Maps/FirstPersonMap/2/8T/F05PGH5WS1GNU221MP9OZ7.uasset" 7590
"/Game/__ExternalActors__/MyGame/Maps/FirstPersonMap/2/97/6XDHPVD4T94179B0DPF97W" 7591
"../../../../../Logiciels/Unreal Projects/Team6_Unreal/Content/__ExternalActors__/MyGame/Maps/FirstPersonMap/2/97/6XDHPVD4T94179B0DPF97W.uasset" 7592
"/Game/__ExternalActors__/MyGame/Maps/FirstPersonMap/2/9G/7B0V9O85IO7Z7S20GQY3FO" 7593
"../../../../../Logiciels/Unreal Projects/Team6_Unreal/Content/__ExternalActors__/MyGame/Maps/FirstPersonMap/2/9G/7B0V9O85IO7Z7S20GQY3FO.uasset" 7594
"/Game/__ExternalActors__/MyGame/Maps/FirstPersonMap/2/9J/TVI7SWTQ55GEPDTTLZPC0J" 7595
"../../../../../Logiciels/Unreal Projects/Team6_Unreal/Content/__ExternalActors__/MyGame/Maps/FirstPersonMap/2/9J/TVI7SWTQ55GEPDTTLZPC0J.uasset" 7596
"/Game/__ExternalActors__/MyGame/Maps/FirstPersonMap/2/AA/1QKJY78XHFDA0YXXFJRQTS" 7597
"../../../../../Logiciels/Unreal Projects/Team6_Unreal/Content/__ExternalActors__/MyGame/Maps/FirstPersonMap/2/AA/1QKJY78XHFDA0YXXFJRQTS.uasset" 7598
"/Game/__ExternalActors__/MyGame/Maps/FirstPersonMap/2/BR/0SDOAS8FDGKVJTXN2HG933" 7599
"../../../../../Logiciels/Unreal Projects/Team6_Unreal/Content/__ExternalActors__/MyGame/Maps/FirstPersonMap/2/BR/0SDOAS8FDGKVJTXN2HG933.uasset" 7600
"/Game/__ExternalActors__/MyGame/Maps/FirstPersonMap/2/BU/VUJDBMDPHHP3LRS8G6TFN0" 7601
"../../../../../Logiciels/Unreal Projects/Team6_Unreal/Content/__ExternalActors__/MyGame/Maps/FirstPersonMap/2/BU/VUJDBMDPHHP3LRS8G6TFN0.uasset" 7602
"/Game/__ExternalActors__/MyGame/Maps/FirstPersonMap/2/C9/4FWOOU7NMPDGPM29NUR954" 7603
"../../../../../Logiciels/Unreal Projects/Team6_Unreal/Content/__ExternalActors__/MyGame/Maps/FirstPersonMap/2/C9/4FWOOU7NMPDGPM29NUR954.uasset" 7604
"/Game/__ExternalActors__/MyGame/Maps/FirstPersonMap/2/CS/W5K20OXZL0UUP9WRGLDGPR" 7605
"../../../../../Logiciels/Unreal Projects/Team6_Unreal/Content/__ExternalActors__/MyGame/Maps/FirstPersonMap/2/CS/W5K20OXZL0UUP9WRGLDGPR.uasset" 7606
"/Game/__ExternalActors__/MyGame/Maps/FirstPersonMap/2/CV/29S4XHFW9W64JDQG484WGY" 7607
"../../../../../Logiciels/Unreal Projects/Team6_Unreal/Content/__ExternalActors__/MyGame/Maps/FirstPersonMap/2/CV/29S4XHFW9W64JDQG484WGY.uasset" 7608
"/Game/__ExternalActors__/MyGame/Maps/FirstPersonMap/2/DY/QSNFKH2I8WYCB7VI2GW3P6" 7609
"../../../../../Logiciels/Unreal Projects/Team6_Unreal/Content/__ExternalActors__/MyGame/Maps/FirstPersonMap/2/DY/QSNFKH2I8WYCB7VI2GW3P6.uasset" 7610
"/Game/__ExternalActors__/MyGame/Maps/FirstPersonMap/2/E5/5KF1P3Z9RIO8UJPABQFGVE" 7611
"../../../../../Logiciels/Unreal Projects/Team6_Unreal/Content/__ExternalActors__/MyGame/Maps/FirstPersonMap/2/E5/5KF1P3Z9RIO8UJPABQFGVE.uasset" 7612
"../../../../../Logiciels/Unreal Projects/Team6_Unreal/Content/MyGame/Blueprints/Object/BP_PlaceObject.uasset" 7613
"/Game/__ExternalActors__/MyGame/Maps/FirstPersonMap/2/FD/H8ODX17CCH45I6UKMK1L2O" 7614
"../../../../../Logiciels/Unreal Projects/Team6_Unreal/Content/__ExternalActors__/MyGame/Maps/FirstPersonMap/2/FD/H8ODX17CCH45I6UKMK1L2O.uasset" 7615
"/Game/__ExternalActors__/MyGame/Maps/FirstPersonMap/2/FH/ADQ3QHT5QVPA580UCNPDIK" 7616
"../../../../../Logiciels/Unreal Projects/Team6_Unreal/Content/__ExternalActors__/MyGame/Maps/FirstPersonMap/2/FH/ADQ3QHT5QVPA580UCNPDIK.uasset" 7617
"/Game/__ExternalActors__/MyGame/Maps/FirstPersonMap/2/FI/BVRWNL9YJLCJEUJIEUPZDJ" 7618
"../../../../../Logiciels/Unreal Projects/Team6_Unreal/Content/__ExternalActors__/MyGame/Maps/FirstPersonMap/2/FI/BVRWNL9YJLCJEUJIEUPZDJ.uasset" 7619
"/Game/__ExternalActors__/MyGame/Maps/FirstPersonMap/2/GE/YIAARDTN4ZFM6XMD5SKE3D" 7620
"../../../../../Logiciels/Unreal Projects/Team6_Unreal/Content/__ExternalActors__/MyGame/Maps/FirstPersonMap/2/GE/YIAARDTN4ZFM6XMD5SKE3D.uasset" 7621
"/Game/__ExternalActors__/MyGame/Maps/FirstPersonMap/2/GT/DU2RZMVO7WZLPI1FID4QB4" 7622
"../../../../../Logiciels/Unreal Projects/Team6_Unreal/Content/__ExternalActors__/MyGame/Maps/FirstPersonMap/2/GT/DU2RZMVO7WZLPI1FID4QB4.uasset" 7623
"/Game/__ExternalActors__/MyGame/Maps/FirstPersonMap/2/GY/CYFBG4ELXSL7KI3I9J9DSP" 7624
"../../../../../Logiciels/Unreal Projects/Team6_Unreal/Content/__ExternalActors__/MyGame/Maps/FirstPersonMap/2/GY/CYFBG4ELXSL7KI3I9J9DSP.uasset" 7625
"/Game/__ExternalActors__/MyGame/Maps/FirstPersonMap/2/H2/MS6S8WHMRYYKMTG53JETTD" 7626
"../../../../../Logiciels/Unreal Projects/Team6_Unreal/Content/__ExternalActors__/MyGame/Maps/FirstPersonMap/2/H2/MS6S8WHMRYYKMTG53JETTD.uasset" 7627
"/Game/__ExternalActors__/MyGame/Maps/FirstPersonMap/2/HJ/M6WVXN9T4GS7EY5TX795L1" 7628
"../../../../../Logiciels/Unreal Projects/Team6_Unreal/Content/__ExternalActors__/MyGame/Maps/FirstPersonMap/2/HJ/M6WVXN9T4GS7EY5TX795L1.uasset" 7629
"/Game/__ExternalActors__/MyGame/Maps/FirstPersonMap/2/I4/3CV8P2SHDQ8WP77OJF4D9C" 7630
"../../../../../Logiciels/Unreal Projects/Team6_Unreal/Content/__ExternalActors__/MyGame/Maps/FirstPersonMap/2/I4/3CV8P2SHDQ8WP77OJF4D9C.uasset" 7631
"/Game/__ExternalActors__/MyGame/Maps/FirstPersonMap/2/I6/ES271O5YIN30ZS6DZBBEFH" 7632
"../../../../../Logiciels/Unreal Projects/Team6_Unreal/Content/__ExternalActors__/MyGame/Maps/FirstPersonMap/2/I6/ES271O5YIN30ZS6DZBBEFH.uasset" 7633
"/Game/__ExternalActors__/MyGame/Maps/FirstPersonMap/2/K3/AR960Y5O6758FCT9AABUMZ" 7634
"../../../../../Logiciels/Unreal Projects/Team6_Unreal/Content/__ExternalActors__/MyGame/Maps/FirstPersonMap/2/K3/AR960Y5O6758FCT9AABUMZ.uasset" 7635
"/Game/__ExternalActors__/MyGame/Maps/FirstPersonMap/2/LL/20SIARBT035GJKQ5QTK5GH" 7636
"../../../../../Logiciels/Unreal Projects/Team6_Unreal/Content/__ExternalActors__/MyGame/Maps/FirstPersonMap/2/LL/20SIARBT035GJKQ5QTK5GH.uasset" 7637
"/Game/__ExternalActors__/MyGame/Maps/FirstPersonMap/2/LP/V69PVXOGI9RBQDYRAKZUSG" 7638
"../../../../../Logiciels/Unreal Projects/Team6_Unreal/Content/__ExternalActors__/MyGame/Maps/FirstPersonMap/2/LP/V69PVXOGI9RBQDYRAKZUSG.uasset" 7639
"/Game/__ExternalActors__/MyGame/Maps/FirstPersonMap/2/MB/YXPX7YMM3MIVHFELA54HL8" 7640
"../../../../../Logiciels/Unreal Projects/Team6_Unreal/Content/__ExternalActors__/MyGame/Maps/FirstPersonMap/2/MB/YXPX7YMM3MIVHFELA54HL8.uasset" 7641
"/Game/__ExternalActors__/MyGame/Maps/FirstPersonMap/2/MM/COERTO49AFCRHOE2XM1OOZ" 7642
"../../../../../Logiciels/Unreal Projects/Team6_Unreal/Content/__ExternalActors__/MyGame/Maps/FirstPersonMap/2/MM/COERTO49AFCRHOE2XM1OOZ.uasset" 7643
"/Game/__ExternalActors__/MyGame/Maps/FirstPersonMap/2/N5/1B38ADAHP68HTTB6R41LT1" 7644
"../../../../../Logiciels/Unreal Projects/Team6_Unreal/Content/__ExternalActors__/MyGame/Maps/FirstPersonMap/2/N5/1B38ADAHP68HTTB6R41LT1.uasset" 7645
"/Game/__ExternalActors__/MyGame/Maps/FirstPersonMap/2/N7/L7X362WNXNYOGGSLQJNBSI" 7646
"../../../../../Logiciels/Unreal Projects/Team6_Unreal/Content/__ExternalActors__/MyGame/Maps/FirstPersonMap/2/N7/L7X362WNXNYOGGSLQJNBSI.uasset" 7647
"/Game/__ExternalActors__/MyGame/Maps/FirstPersonMap/2/OF/NS7I1Y85ZWZQW1MGVRN427" 7648
"../../../../../Logiciels/Unreal Projects/Team6_Unreal/Content/__ExternalActors__/MyGame/Maps/FirstPersonMap/2/OF/NS7I1Y85ZWZQW1MGVRN427.uasset" 7649
"/Game/__ExternalActors__/MyGame/Maps/FirstPersonMap/2/OF/UV9VVVKP0DYQE1B1140AFQ" 7650
"../../../../../Logiciels/Unreal Projects/Team6_Unreal/Content/__ExternalActors__/MyGame/Maps/FirstPersonMap/2/OF/UV9VVVKP0DYQE1B1140AFQ.uasset" 7651
"/Game/__ExternalActors__/MyGame/Maps/FirstPersonMap/2/OM/L8H42CBF7719RUD7Y5I8TD" 7652
"../../../../../Logiciels/Unreal Projects/Team6_Unreal/Content/__ExternalActors__/MyGame/Maps/FirstPersonMap/2/OM/L8H42CBF7719RUD7Y5I8TD.uasset" 7653
"../../../../../Logiciels/Unreal Projects/Team6_Unreal/Content/MyGame/Asset/Props_Test/Props_Mod?/Boite_Levier.uasset" 7654
"../../../../../Logiciels/Unreal Projects/Team6_Unreal/Content/MyGame/Asset/Props_Test/MA_Props/MA_White/MA_Base_Levier.uasset" 7655
"../../../../../Logiciels/Unreal Projects/Team6_Unreal/Content/MyGame/Asset/Props_Test/Texture/Texture_W/Base-Levier-W_bcolor.uasset" 7656
"/Game/__ExternalActors__/MyGame/Maps/FirstPersonMap/2/P5/EY3PYTKJ14YVZT90UJZZ06" 7657
"../../../../../Logiciels/Unreal Projects/Team6_Unreal/Content/__ExternalActors__/MyGame/Maps/FirstPersonMap/2/P5/EY3PYTKJ14YVZT90UJZZ06.uasset" 7658
"/Game/__ExternalActors__/MyGame/Maps/FirstPersonMap/2/PO/66DQL5TWXW7EN16YCMJ4B0" 7659
"../../../../../Logiciels/Unreal Projects/Team6_Unreal/Content/__ExternalActors__/MyGame/Maps/FirstPersonMap/2/PO/66DQL5TWXW7EN16YCMJ4B0.uasset" 7660
"/Game/__ExternalActors__/MyGame/Maps/FirstPersonMap/2/PV/MPVTAHBRXRCKCIYWZRGHEN" 7661
"../../../../../Logiciels/Unreal Projects/Team6_Unreal/Content/__ExternalActors__/MyGame/Maps/FirstPersonMap/2/PV/MPVTAHBRXRCKCIYWZRGHEN.uasset" 7662
"/Game/__ExternalActors__/MyGame/Maps/FirstPersonMap/2/RE/1TG80J3UGPIGGOC2N1NWJZ" 7663
"../../../../../Logiciels/Unreal Projects/Team6_Unreal/Content/__ExternalActors__/MyGame/Maps/FirstPersonMap/2/RE/1TG80J3UGPIGGOC2N1NWJZ.uasset" 7664
"/Game/__ExternalActors__/MyGame/Maps/FirstPersonMap/2/RJ/A5TC2RSD88WQ7VCCJ5EXU4" 7665
"../../../../../Logiciels/Unreal Projects/Team6_Unreal/Content/__ExternalActors__/MyGame/Maps/FirstPersonMap/2/RJ/A5TC2RSD88WQ7VCCJ5EXU4.uasset" 7666
"/Game/__ExternalActors__/MyGame/Maps/FirstPersonMap/2/RO/YQZ2W7QWPYSBDOJHQPZBMA" 7667
"../../../../../Logiciels/Unreal Projects/Team6_Unreal/Content/__ExternalActors__/MyGame/Maps/FirstPersonMap/2/RO/YQZ2W7QWPYSBDOJHQPZBMA.uasset" 7668
"/Game/__ExternalActors__/MyGame/Maps/FirstPersonMap/2/RZ/A3E4KA1RPG1PNMF3H71LBO" 7669
"../../../../../Logiciels/Unreal Projects/Team6_Unreal/Content/__ExternalActors__/MyGame/Maps/FirstPersonMap/2/RZ/A3E4KA1RPG1PNMF3H71LBO.uasset" 7670
"/Game/__ExternalActors__/MyGame/Maps/FirstPersonMap/2/T9/5LKGUG0ZSAZHB00HWE5UVK" 7671
"../../../../../Logiciels/Unreal Projects/Team6_Unreal/Content/__ExternalActors__/MyGame/Maps/FirstPersonMap/2/T9/5LKGUG0ZSAZHB00HWE5UVK.uasset" 7672
"/Game/__ExternalActors__/MyGame/Maps/FirstPersonMap/2/TX/B50SW38TY3PSUFGFQCHYDY" 7673
"../../../../../Logiciels/Unreal Projects/Team6_Unreal/Content/__ExternalActors__/MyGame/Maps/FirstPersonMap/2/TX/B50SW38TY3PSUFGFQCHYDY.uasset" 7674
"/Game/__ExternalActors__/MyGame/Maps/FirstPersonMap/2/U0/OL3XX4YB4LNXPY2ER7KPXI" 7675
"../../../../../Logiciels/Unreal Projects/Team6_Unreal/Content/__ExternalActors__/MyGame/Maps/FirstPersonMap/2/U0/OL3XX4YB4LNXPY2ER7KPXI.uasset" 7676
"/Game/__ExternalActors__/MyGame/Maps/FirstPersonMap/2/U4/YTPE027B2OQT0P63O1U521" 7677
"../../../../../Logiciels/Unreal Projects/Team6_Unreal/Content/__ExternalActors__/MyGame/Maps/FirstPersonMap/2/U4/YTPE027B2OQT0P63O1U521.uasset" 7678
"/Game/__ExternalActors__/MyGame/Maps/FirstPersonMap/2/UE/GHLMF6C0NIB7698E4QARSU" 7679
"../../../../../Logiciels/Unreal Projects/Team6_Unreal/Content/__ExternalActors__/MyGame/Maps/FirstPersonMap/2/UE/GHLMF6C0NIB7698E4QARSU.uasset" 7680
"/Game/__ExternalActors__/MyGame/Maps/FirstPersonMap/2/UQ/EIUO249DVNIRRS4U4OCO7X" 7681
"../../../../../Logiciels/Unreal Projects/Team6_Unreal/Content/__ExternalActors__/MyGame/Maps/FirstPersonMap/2/UQ/EIUO249DVNIRRS4U4OCO7X.uasset" 7682
"/Game/__ExternalActors__/MyGame/Maps/FirstPersonMap/2/UX/QVLOCWU2LTI65O4224NLK9" 7683
"../../../../../Logiciels/Unreal Projects/Team6_Unreal/Content/__ExternalActors__/MyGame/Maps/FirstPersonMap/2/UX/QVLOCWU2LTI65O4224NLK9.uasset" 7684
"/Game/__ExternalActors__/MyGame/Maps/FirstPersonMap/2/VT/WQ6AZAX2F437GXHC96W00V" 7685
"../../../../../Logiciels/Unreal Projects/Team6_Unreal/Content/__ExternalActors__/MyGame/Maps/FirstPersonMap/2/VT/WQ6AZAX2F437GXHC96W00V.uasset" 7686
"/Game/__ExternalActors__/MyGame/Maps/FirstPersonMap/2/WK/D5QSANNEPNGL3UTWPUVAW9" 7687
"../../../../../Logiciels/Unreal Projects/Team6_Unreal/Content/__ExternalActors__/MyGame/Maps/FirstPersonMap/2/WK/D5QSANNEPNGL3UTWPUVAW9.uasset" 7688
"/Game/__ExternalActors__/MyGame/Maps/FirstPersonMap/2/XH/Y4AIV16FS6CJARMSQAJ7IP" 7689
"../../../../../Logiciels/Unreal Projects/Team6_Unreal/Content/__ExternalActors__/MyGame/Maps/FirstPersonMap/2/XH/Y4AIV16FS6CJARMSQAJ7IP.uasset" 7690
"/Game/__ExternalActors__/MyGame/Maps/FirstPersonMap/2/Y3/F2S3LXVHJ20XCDSDXHR0KS" 7691
"../../../../../Logiciels/Unreal Projects/Team6_Unreal/Content/__ExternalActors__/MyGame/Maps/FirstPersonMap/2/Y3/F2S3LXVHJ20XCDSDXHR0KS.uasset" 7692
"/Game/__ExternalActors__/MyGame/Maps/FirstPersonMap/3/0D/MC08VTQFYH41193K008O98" 7693
"../../../../../Logiciels/Unreal Projects/Team6_Unreal/Content/__ExternalActors__/MyGame/Maps/FirstPersonMap/3/0D/MC08VTQFYH41193K008O98.uasset" 7694
"/Game/__ExternalActors__/MyGame/Maps/FirstPersonMap/3/0G/YQFC4LQQOCK43F1XUHCXG6" 7695
"../../../../../Logiciels/Unreal Projects/Team6_Unreal/Content/__ExternalActors__/MyGame/Maps/FirstPersonMap/3/0G/YQFC4LQQOCK43F1XUHCXG6.uasset" 7696
"/Game/__ExternalActors__/MyGame/Maps/FirstPersonMap/3/0H/8M0CSGCR5D4T7JBNVECDGJ" 7697
"../../../../../Logiciels/Unreal Projects/Team6_Unreal/Content/__ExternalActors__/MyGame/Maps/FirstPersonMap/3/0H/8M0CSGCR5D4T7JBNVECDGJ.uasset" 7698
"../../../../../Logiciels/Unreal Projects/Team6_Unreal/Content/MyGame/Asset/Props_Test/Props_Mod?/Chaise.uasset" 7699
"../../../../../Logiciels/Unreal Projects/Team6_Unreal/Content/MyGame/Asset/Props_Test/MA_Props/MA_White/MA_Chaise.uasset" 7700
"../../../../../Logiciels/Unreal Projects/Team6_Unreal/Content/MyGame/Asset/Props_Test/Texture/Texture_W/Chaise_bcolor.uasset" 7701
"/Game/__ExternalActors__/MyGame/Maps/FirstPersonMap/3/0O/TZRX3H80TNK74BB977OT8V" 7702
"../../../../../Logiciels/Unreal Projects/Team6_Unreal/Content/__ExternalActors__/MyGame/Maps/FirstPersonMap/3/0O/TZRX3H80TNK74BB977OT8V.uasset" 7703
"/Game/__ExternalActors__/MyGame/Maps/FirstPersonMap/3/31/XJIOIRBVUJ7EFSBXGMUXKW" 7704
"../../../../../Logiciels/Unreal Projects/Team6_Unreal/Content/__ExternalActors__/MyGame/Maps/FirstPersonMap/3/31/XJIOIRBVUJ7EFSBXGMUXKW.uasset" 7705
"/Game/__ExternalActors__/MyGame/Maps/FirstPersonMap/3/3Q/JB5PCHJS2W8N0MRWGTYX7L" 7706
"../../../../../Logiciels/Unreal Projects/Team6_Unreal/Content/__ExternalActors__/MyGame/Maps/FirstPersonMap/3/3Q/JB5PCHJS2W8N0MRWGTYX7L.uasset" 7707
"/Game/__ExternalActors__/MyGame/Maps/FirstPersonMap/3/3X/ES6UN0GZHUW9RQ3EJMMWVL" 7708
"../../../../../Logiciels/Unreal Projects/Team6_Unreal/Content/__ExternalActors__/MyGame/Maps/FirstPersonMap/3/3X/ES6UN0GZHUW9RQ3EJMMWVL.uasset" 7709
"/Game/__ExternalActors__/MyGame/Maps/FirstPersonMap/3/43/CHY78U7JFUFOISJM1YMW3I" 7710
"../../../../../Logiciels/Unreal Projects/Team6_Unreal/Content/__ExternalActors__/MyGame/Maps/FirstPersonMap/3/43/CHY78U7JFUFOISJM1YMW3I.uasset" 7711
"/Game/__ExternalActors__/MyGame/Maps/FirstPersonMap/3/4W/LVQRWKL3GFEKDCS288IKZA" 7712
"../../../../../Logiciels/Unreal Projects/Team6_Unreal/Content/__ExternalActors__/MyGame/Maps/FirstPersonMap/3/4W/LVQRWKL3GFEKDCS288IKZA.uasset" 7713
"/Game/__ExternalActors__/MyGame/Maps/FirstPersonMap/3/6E/IEJNJXFEEP3TIBFM04CPKL" 7714
"../../../../../Logiciels/Unreal Projects/Team6_Unreal/Content/__ExternalActors__/MyGame/Maps/FirstPersonMap/3/6E/IEJNJXFEEP3TIBFM04CPKL.uasset" 7715
"/Game/__ExternalActors__/MyGame/Maps/FirstPersonMap/3/6R/UR3I4GNF96GPW7WA4K2F5P" 7716
"../../../../../Logiciels/Unreal Projects/Team6_Unreal/Content/__ExternalActors__/MyGame/Maps/FirstPersonMap/3/6R/UR3I4GNF96GPW7WA4K2F5P.uasset" 7717
"../../../../../Logiciels/Unreal Projects/Team6_Unreal/Content/MyGame/Asset/Props_Test/Props_Mod?/Machine_Broke.uasset" 7718
"../../../../../Logiciels/Unreal Projects/Team6_Unreal/Content/MyGame/Asset/Props_Test/MA_Props/MA_White/MA_Machine_Broke.uasset" 7719
"../../../../../Logiciels/Unreal Projects/Team6_Unreal/Content/MyGame/Asset/Props_Test/Texture/Texture_W/Macine-Broke-W_bcolor.uasset" 7720
"/Game/__ExternalActors__/MyGame/Maps/FirstPersonMap/3/7O/Y46ZX6JD1YOQ4BAI9A1W21" 7721
"../../../../../Logiciels/Unreal Projects/Team6_Unreal/Content/__ExternalActors__/MyGame/Maps/FirstPersonMap/3/7O/Y46ZX6JD1YOQ4BAI9A1W21.uasset" 7722
"/Game/__ExternalActors__/MyGame/Maps/FirstPersonMap/3/80/3FZHR0JRMBWOZGQVQ20GFP" 7723
"../../../../../Logiciels/Unreal Projects/Team6_Unreal/Content/__ExternalActors__/MyGame/Maps/FirstPersonMap/3/80/3FZHR0JRMBWOZGQVQ20GFP.uasset" 7724
"/Game/__ExternalActors__/MyGame/Maps/FirstPersonMap/3/94/YLRN62G570CF9HJAJD5WOV" 7725
"../../../../../Logiciels/Unreal Projects/Team6_Unreal/Content/__ExternalActors__/MyGame/Maps/FirstPersonMap/3/94/YLRN62G570CF9HJAJD5WOV.uasset" 7726
"/Game/__ExternalActors__/MyGame/Maps/FirstPersonMap/3/9S/EB03NPCTGO3FPLWW0IZK4L" 7727
"../../../../../Logiciels/Unreal Projects/Team6_Unreal/Content/__ExternalActors__/MyGame/Maps/FirstPersonMap/3/9S/EB03NPCTGO3FPLWW0IZK4L.uasset" 7728
"/Game/__ExternalActors__/MyGame/Maps/FirstPersonMap/3/9X/UAK8VXHEF4WCOD77TEOANB" 7729
"../../../../../Logiciels/Unreal Projects/Team6_Unreal/Content/__ExternalActors__/MyGame/Maps/FirstPersonMap/3/9X/UAK8VXHEF4WCOD77TEOANB.uasset" 7730
"/Game/__ExternalActors__/MyGame/Maps/FirstPersonMap/3/AD/ZHFDTSEGI4VF837KYWTJ85" 7731
"../../../../../Logiciels/Unreal Projects/Team6_Unreal/Content/__ExternalActors__/MyGame/Maps/FirstPersonMap/3/AD/ZHFDTSEGI4VF837KYWTJ85.uasset" 7732
"/Game/__ExternalActors__/MyGame/Maps/FirstPersonMap/3/BR/LZGAX0RH8Z7ELWKEM88COQ" 7733
"../../../../../Logiciels/Unreal Projects/Team6_Unreal/Content/__ExternalActors__/MyGame/Maps/FirstPersonMap/3/BR/LZGAX0RH8Z7ELWKEM88COQ.uasset" 7734
"/Game/__ExternalActors__/MyGame/Maps/FirstPersonMap/3/BV/NP412QX5CCLJ5GC8TO822L" 7735
"../../../../../Logiciels/Unreal Projects/Team6_Unreal/Content/__ExternalActors__/MyGame/Maps/FirstPersonMap/3/BV/NP412QX5CCLJ5GC8TO822L.uasset" 7736
"/Game/__ExternalActors__/MyGame/Maps/FirstPersonMap/3/BZ/X6VF39D4DAUSVCUXPZSVK1" 7737
"../../../../../Logiciels/Unreal Projects/Team6_Unreal/Content/__ExternalActors__/MyGame/Maps/FirstPersonMap/3/BZ/X6VF39D4DAUSVCUXPZSVK1.uasset" 7738
"/Game/__ExternalActors__/MyGame/Maps/FirstPersonMap/3/C1/HGRK0AIQQUB3OGZNMRHLZZ" 7739
"../../../../../Logiciels/Unreal Projects/Team6_Unreal/Content/__ExternalActors__/MyGame/Maps/FirstPersonMap/3/C1/HGRK0AIQQUB3OGZNMRHLZZ.uasset" 7740
"/Game/__ExternalActors__/MyGame/Maps/FirstPersonMap/3/CM/PYDY8NIEHKJWP4731S8RNA" 7741
"../../../../../Logiciels/Unreal Projects/Team6_Unreal/Content/__ExternalActors__/MyGame/Maps/FirstPersonMap/3/CM/PYDY8NIEHKJWP4731S8RNA.uasset" 7742
"/Game/__ExternalActors__/MyGame/Maps/FirstPersonMap/3/DO/8XXYY1CZ3WAOU6CQ4FBNE0" 7743
"../../../../../Logiciels/Unreal Projects/Team6_Unreal/Content/__ExternalActors__/MyGame/Maps/FirstPersonMap/3/DO/8XXYY1CZ3WAOU6CQ4FBNE0.uasset" 7744
"/Game/__ExternalActors__/MyGame/Maps/FirstPersonMap/3/DO/DKZWSA9A1B3UPDOETDPS26" 7745
"../../../../../Logiciels/Unreal Projects/Team6_Unreal/Content/__ExternalActors__/MyGame/Maps/FirstPersonMap/3/DO/DKZWSA9A1B3UPDOETDPS26.uasset" 7746
"/Game/__ExternalActors__/MyGame/Maps/FirstPersonMap/3/EB/O5E53TFRQB1PUNG1NX862F" 7747
"../../../../../Logiciels/Unreal Projects/Team6_Unreal/Content/__ExternalActors__/MyGame/Maps/FirstPersonMap/3/EB/O5E53TFRQB1PUNG1NX862F.uasset" 7748
"../../../Engine/Content/EngineSky/M_SimpleSkyDome.uasset" 7749
"../../../Engine/Content/EngineSky/SM_SkySphere.uasset" 7750
"../../../Engine/Content/EngineSky/M_Sky_Panning_Clouds2.uasset" 7751
"../../../Engine/Content/EngineSky/T_Sky_Blue.uasset" 7752
"../../../Engine/Content/EngineSky/T_Sky_Clouds_M.uasset" 7753
"../../../Engine/Content/EngineSky/T_Sky_Stars.uasset" 7754
"/Game/__ExternalActors__/MyGame/Maps/FirstPersonMap/3/EI/HHDIMO591NX3BC7MAESJ4S" 7755
"../../../../../Logiciels/Unreal Projects/Team6_Unreal/Content/__ExternalActors__/MyGame/Maps/FirstPersonMap/3/EI/HHDIMO591NX3BC7MAESJ4S.uasset" 7756
"/Game/__ExternalActors__/MyGame/Maps/FirstPersonMap/3/HE/VSAWFNH4TKHQVZWUUD43YK" 7757
"../../../../../Logiciels/Unreal Projects/Team6_Unreal/Content/__ExternalActors__/MyGame/Maps/FirstPersonMap/3/HE/VSAWFNH4TKHQVZWUUD43YK.uasset" 7758
"/Game/__ExternalActors__/MyGame/Maps/FirstPersonMap/3/HR/JH70MHN26L93E9WAC2AD5H" 7759
"../../../../../Logiciels/Unreal Projects/Team6_Unreal/Content/__ExternalActors__/MyGame/Maps/FirstPersonMap/3/HR/JH70MHN26L93E9WAC2AD5H.uasset" 7760
"/Game/__ExternalActors__/MyGame/Maps/FirstPersonMap/3/JL/5JPMXUIOUPR40M9PDZ8YDQ" 7761
"../../../../../Logiciels/Unreal Projects/Team6_Unreal/Content/__ExternalActors__/MyGame/Maps/FirstPersonMap/3/JL/5JPMXUIOUPR40M9PDZ8YDQ.uasset" 7762
"/Game/__ExternalActors__/MyGame/Maps/FirstPersonMap/3/K8/LGR60R28GGMRJHABCJ2HSW" 7763
"../../../../../Logiciels/Unreal Projects/Team6_Unreal/Content/__ExternalActors__/MyGame/Maps/FirstPersonMap/3/K8/LGR60R28GGMRJHABCJ2HSW.uasset" 7764
"/Game/__ExternalActors__/MyGame/Maps/FirstPersonMap/3/KB/KNSTNPX5GUB1FU56A3YLMI" 7765
"../../../../../Logiciels/Unreal Projects/Team6_Unreal/Content/__ExternalActors__/MyGame/Maps/FirstPersonMap/3/KB/KNSTNPX5GUB1FU56A3YLMI.uasset" 7766
"/Game/__ExternalActors__/MyGame/Maps/FirstPersonMap/3/NV/IT0HV1FL4QBYG9QXJ7V5MD" 7767
"../../../../../Logiciels/Unreal Projects/Team6_Unreal/Content/__ExternalActors__/MyGame/Maps/FirstPersonMap/3/NV/IT0HV1FL4QBYG9QXJ7V5MD.uasset" 7768
"/Game/__ExternalActors__/MyGame/Maps/FirstPersonMap/3/NY/O9GMN78UFX3UL49KGUEJVO" 7769
"../../../../../Logiciels/Unreal Projects/Team6_Unreal/Content/__ExternalActors__/MyGame/Maps/FirstPersonMap/3/NY/O9GMN78UFX3UL49KGUEJVO.uasset" 7770
"/Game/__ExternalActors__/MyGame/Maps/FirstPersonMap/3/P6/OR1I13BTBUYVI8IOYGBYH0" 7771
"../../../../../Logiciels/Unreal Projects/Team6_Unreal/Content/__ExternalActors__/MyGame/Maps/FirstPersonMap/3/P6/OR1I13BTBUYVI8IOYGBYH0.uasset" 7772
"/Game/__ExternalActors__/MyGame/Maps/FirstPersonMap/3/P9/BMIKI0QNFAQI4JK6NIDKLD" 7773
"../../../../../Logiciels/Unreal Projects/Team6_Unreal/Content/__ExternalActors__/MyGame/Maps/FirstPersonMap/3/P9/BMIKI0QNFAQI4JK6NIDKLD.uasset" 7774
"/Game/__ExternalActors__/MyGame/Maps/FirstPersonMap/3/PG/YY3NG6M7TBAOQHHBYIYXSB" 7775
"../../../../../Logiciels/Unreal Projects/Team6_Unreal/Content/__ExternalActors__/MyGame/Maps/FirstPersonMap/3/PG/YY3NG6M7TBAOQHHBYIYXSB.uasset" 7776
"/Game/__ExternalActors__/MyGame/Maps/FirstPersonMap/3/PU/Z3U7Y9OLFM4AMEI877BJAJ" 7777
"../../../../../Logiciels/Unreal Projects/Team6_Unreal/Content/__ExternalActors__/MyGame/Maps/FirstPersonMap/3/PU/Z3U7Y9OLFM4AMEI877BJAJ.uasset" 7778
"/Game/__ExternalActors__/MyGame/Maps/FirstPersonMap/3/QC/8UINZ8495ZOBHFV70555BI" 7779
"../../../../../Logiciels/Unreal Projects/Team6_Unreal/Content/__ExternalActors__/MyGame/Maps/FirstPersonMap/3/QC/8UINZ8495ZOBHFV70555BI.uasset" 7780
"/Game/__ExternalActors__/MyGame/Maps/FirstPersonMap/3/QM/A4AKWU5C9ZA1T6G9PUKTJW" 7781
"../../../../../Logiciels/Unreal Projects/Team6_Unreal/Content/__ExternalActors__/MyGame/Maps/FirstPersonMap/3/QM/A4AKWU5C9ZA1T6G9PUKTJW.uasset" 7782
"/Game/__ExternalActors__/MyGame/Maps/FirstPersonMap/3/R3/GVBRIE91F832DX2DCP08O9" 7783
"../../../../../Logiciels/Unreal Projects/Team6_Unreal/Content/__ExternalActors__/MyGame/Maps/FirstPersonMap/3/R3/GVBRIE91F832DX2DCP08O9.uasset" 7784
"/Game/__ExternalActors__/MyGame/Maps/FirstPersonMap/3/RK/E7L4MYWDNAI4WRHZTV86BG" 7785
"../../../../../Logiciels/Unreal Projects/Team6_Unreal/Content/__ExternalActors__/MyGame/Maps/FirstPersonMap/3/RK/E7L4MYWDNAI4WRHZTV86BG.uasset" 7786
"/Game/__ExternalActors__/MyGame/Maps/FirstPersonMap/3/RT/6V5DPE41N2R0KQSGSQYH9I" 7787
"../../../../../Logiciels/Unreal Projects/Team6_Unreal/Content/__ExternalActors__/MyGame/Maps/FirstPersonMap/3/RT/6V5DPE41N2R0KQSGSQYH9I.uasset" 7788
"/Game/__ExternalActors__/MyGame/Maps/FirstPersonMap/3/RZ/6FBQ4KUZ7FAJC5QWBKKSLK" 7789
"../../../../../Logiciels/Unreal Projects/Team6_Unreal/Content/__ExternalActors__/MyGame/Maps/FirstPersonMap/3/RZ/6FBQ4KUZ7FAJC5QWBKKSLK.uasset" 7790
"/Game/__ExternalActors__/MyGame/Maps/FirstPersonMap/3/S5/XS3YNLDVCIFTZDZO61RTHH" 7791
"../../../../../Logiciels/Unreal Projects/Team6_Unreal/Content/__ExternalActors__/MyGame/Maps/FirstPersonMap/3/S5/XS3YNLDVCIFTZDZO61RTHH.uasset" 7792
"/Game/__ExternalActors__/MyGame/Maps/FirstPersonMap/3/SE/4M31XT3UFKTWX2H47MHQYV" 7793
"../../../../../Logiciels/Unreal Projects/Team6_Unreal/Content/__ExternalActors__/MyGame/Maps/FirstPersonMap/3/SE/4M31XT3UFKTWX2H47MHQYV.uasset" 7794
"/Game/__ExternalActors__/MyGame/Maps/FirstPersonMap/3/SR/ZM5D01WG1085PLKG3NF5VC" 7795
"../../../../../Logiciels/Unreal Projects/Team6_Unreal/Content/__ExternalActors__/MyGame/Maps/FirstPersonMap/3/SR/ZM5D01WG1085PLKG3NF5VC.uasset" 7796
"/Game/__ExternalActors__/MyGame/Maps/FirstPersonMap/3/T5/R246UZH1PXI8W14KQ41CPB" 7797
"../../../../../Logiciels/Unreal Projects/Team6_Unreal/Content/__ExternalActors__/MyGame/Maps/FirstPersonMap/3/T5/R246UZH1PXI8W14KQ41CPB.uasset" 7798
"/Game/__ExternalActors__/MyGame/Maps/FirstPersonMap/3/TI/NZHE5AQAGKQ0WYCOH1UUZB" 7799
"../../../../../Logiciels/Unreal Projects/Team6_Unreal/Content/__ExternalActors__/MyGame/Maps/FirstPersonMap/3/TI/NZHE5AQAGKQ0WYCOH1UUZB.uasset" 7800
"/Game/__ExternalActors__/MyGame/Maps/FirstPersonMap/3/TJ/MKLX7FZNMM58RERDWEX119" 7801
"../../../../../Logiciels/Unreal Projects/Team6_Unreal/Content/__ExternalActors__/MyGame/Maps/FirstPersonMap/3/TJ/MKLX7FZNMM58RERDWEX119.uasset" 7802
"/Game/__ExternalActors__/MyGame/Maps/FirstPersonMap/3/TS/62GFRABN6NSFL4KK55KIVJ" 7803
"../../../../../Logiciels/Unreal Projects/Team6_Unreal/Content/__ExternalActors__/MyGame/Maps/FirstPersonMap/3/TS/62GFRABN6NSFL4KK55KIVJ.uasset" 7804
"/Game/__ExternalActors__/MyGame/Maps/FirstPersonMap/3/V5/4AO77AF8Y7AK06SOG3V9FL" 7805
"../../../../../Logiciels/Unreal Projects/Team6_Unreal/Content/__ExternalActors__/MyGame/Maps/FirstPersonMap/3/V5/4AO77AF8Y7AK06SOG3V9FL.uasset" 7806
"/Game/__ExternalActors__/MyGame/Maps/FirstPersonMap/3/VM/OC7AB3N4TQUBP0YMOED9J1" 7807
"../../../../../Logiciels/Unreal Projects/Team6_Unreal/Content/__ExternalActors__/MyGame/Maps/FirstPersonMap/3/VM/OC7AB3N4TQUBP0YMOED9J1.uasset" 7808
"/Game/__ExternalActors__/MyGame/Maps/FirstPersonMap/3/WM/A595QWDZSXY5EXJ3AB66VN" 7809
"../../../../../Logiciels/Unreal Projects/Team6_Unreal/Content/__ExternalActors__/MyGame/Maps/FirstPersonMap/3/WM/A595QWDZSXY5EXJ3AB66VN.uasset" 7810
"/Game/__ExternalActors__/MyGame/Maps/FirstPersonMap/3/WZ/T6U1AYAFHHB7OPCJLNNW09" 7811
"../../../../../Logiciels/Unreal Projects/Team6_Unreal/Content/__ExternalActors__/MyGame/Maps/FirstPersonMap/3/WZ/T6U1AYAFHHB7OPCJLNNW09.uasset" 7812
"/Game/__ExternalActors__/MyGame/Maps/FirstPersonMap/3/X7/SSDI8LEWYD1J5ACIULAZQF" 7813
"../../../../../Logiciels/Unreal Projects/Team6_Unreal/Content/__ExternalActors__/MyGame/Maps/FirstPersonMap/3/X7/SSDI8LEWYD1J5ACIULAZQF.uasset" 7814
"/Game/__ExternalActors__/MyGame/Maps/FirstPersonMap/3/XM/7EXJJH0CBHB1X9NBGEGY1T" 7815
"../../../../../Logiciels/Unreal Projects/Team6_Unreal/Content/__ExternalActors__/MyGame/Maps/FirstPersonMap/3/XM/7EXJJH0CBHB1X9NBGEGY1T.uasset" 7816
"/Game/__ExternalActors__/MyGame/Maps/FirstPersonMap/3/YE/LHX8XJBAI2TO3H2MM2LWMS" 7817
"../../../../../Logiciels/Unreal Projects/Team6_Unreal/Content/__ExternalActors__/MyGame/Maps/FirstPersonMap/3/YE/LHX8XJBAI2TO3H2MM2LWMS.uasset" 7818
"/Game/__ExternalActors__/MyGame/Maps/FirstPersonMap/3/Z6/XVA9DZEKUCDG269E2B080N" 7819
"../../../../../Logiciels/Unreal Projects/Team6_Unreal/Content/__ExternalActors__/MyGame/Maps/FirstPersonMap/3/Z6/XVA9DZEKUCDG269E2B080N.uasset" 7820
"/Game/__ExternalActors__/MyGame/Maps/FirstPersonMap/4/11/NWZFVQ6ZZUEUXMTFTFDS7A" 7821
"../../../../../Logiciels/Unreal Projects/Team6_Unreal/Content/__ExternalActors__/MyGame/Maps/FirstPersonMap/4/11/NWZFVQ6ZZUEUXMTFTFDS7A.uasset" 7822
"/Game/__ExternalActors__/MyGame/Maps/FirstPersonMap/4/1E/O0YRTG66IWKMHCKFA2VSTH" 7823
"../../../../../Logiciels/Unreal Projects/Team6_Unreal/Content/__ExternalActors__/MyGame/Maps/FirstPersonMap/4/1E/O0YRTG66IWKMHCKFA2VSTH.uasset" 7824
"/Game/__ExternalActors__/MyGame/Maps/FirstPersonMap/4/29/WUX887NJQTF02G2F2R6INM" 7825
"../../../../../Logiciels/Unreal Projects/Team6_Unreal/Content/__ExternalActors__/MyGame/Maps/FirstPersonMap/4/29/WUX887NJQTF02G2F2R6INM.uasset" 7826
"/Game/__ExternalActors__/MyGame/Maps/FirstPersonMap/4/2G/3J5APDCMYI36T7L6N07YCF" 7827
"../../../../../Logiciels/Unreal Projects/Team6_Unreal/Content/__ExternalActors__/MyGame/Maps/FirstPersonMap/4/2G/3J5APDCMYI36T7L6N07YCF.uasset" 7828
"/Game/__ExternalActors__/MyGame/Maps/FirstPersonMap/4/2W/147BHR4JBNTVLAS3JD1YFJ" 7829
"../../../../../Logiciels/Unreal Projects/Team6_Unreal/Content/__ExternalActors__/MyGame/Maps/FirstPersonMap/4/2W/147BHR4JBNTVLAS3JD1YFJ.uasset" 7830
"/Game/__ExternalActors__/MyGame/Maps/FirstPersonMap/4/3B/AYZ3LBS193T65FHBF5L07U" 7831
"../../../../../Logiciels/Unreal Projects/Team6_Unreal/Content/__ExternalActors__/MyGame/Maps/FirstPersonMap/4/3B/AYZ3LBS193T65FHBF5L07U.uasset" 7832
"/Game/__ExternalActors__/MyGame/Maps/FirstPersonMap/4/3E/PZZT1NF40199AHBZ46XI69" 7833
"../../../../../Logiciels/Unreal Projects/Team6_Unreal/Content/__ExternalActors__/MyGame/Maps/FirstPersonMap/4/3E/PZZT1NF40199AHBZ46XI69.uasset" 7834
"/Game/__ExternalActors__/MyGame/Maps/FirstPersonMap/4/4I/PQF772M4L6YY5V5O0G63CR" 7835
"../../../../../Logiciels/Unreal Projects/Team6_Unreal/Content/__ExternalActors__/MyGame/Maps/FirstPersonMap/4/4I/PQF772M4L6YY5V5O0G63CR.uasset" 7836
"/Game/__ExternalActors__/MyGame/Maps/FirstPersonMap/4/4L/97C065PB50MT04PF40MU5Z" 7837
"../../../../../Logiciels/Unreal Projects/Team6_Unreal/Content/__ExternalActors__/MyGame/Maps/FirstPersonMap/4/4L/97C065PB50MT04PF40MU5Z.uasset" 7838
"/Game/__ExternalActors__/MyGame/Maps/FirstPersonMap/4/4M/HNYJEPAH74KFXLRMQ82H8M" 7839
"../../../../../Logiciels/Unreal Projects/Team6_Unreal/Content/__ExternalActors__/MyGame/Maps/FirstPersonMap/4/4M/HNYJEPAH74KFXLRMQ82H8M.uasset" 7840
"/Game/__ExternalActors__/MyGame/Maps/FirstPersonMap/4/4Y/YNF9HSYK6T70WE5BEM5JIY" 7841
"../../../../../Logiciels/Unreal Projects/Team6_Unreal/Content/__ExternalActors__/MyGame/Maps/FirstPersonMap/4/4Y/YNF9HSYK6T70WE5BEM5JIY.uasset" 7842
"/Game/__ExternalActors__/MyGame/Maps/FirstPersonMap/4/5M/LA1LV6TZE7XXNH00PUKIEJ" 7843
"../../../../../Logiciels/Unreal Projects/Team6_Unreal/Content/__ExternalActors__/MyGame/Maps/FirstPersonMap/4/5M/LA1LV6TZE7XXNH00PUKIEJ.uasset" 7844
"/Game/__ExternalActors__/MyGame/Maps/FirstPersonMap/4/5Y/DH589IW2Y9BCQRP3L7O8HW" 7845
"../../../../../Logiciels/Unreal Projects/Team6_Unreal/Content/__ExternalActors__/MyGame/Maps/FirstPersonMap/4/5Y/DH589IW2Y9BCQRP3L7O8HW.uasset" 7846
"/Game/__ExternalActors__/MyGame/Maps/FirstPersonMap/4/65/CQZUPNLS5REKYR73SXYS8F" 7847
"../../../../../Logiciels/Unreal Projects/Team6_Unreal/Content/__ExternalActors__/MyGame/Maps/FirstPersonMap/4/65/CQZUPNLS5REKYR73SXYS8F.uasset" 7848
"/Game/__ExternalActors__/MyGame/Maps/FirstPersonMap/4/7E/XVAW3IQJXL01HVVT815DG4" 7849
"../../../../../Logiciels/Unreal Projects/Team6_Unreal/Content/__ExternalActors__/MyGame/Maps/FirstPersonMap/4/7E/XVAW3IQJXL01HVVT815DG4.uasset" 7850
"/Game/__ExternalActors__/MyGame/Maps/FirstPersonMap/4/7K/YVXDIDTDJPOWG29AK73O4T" 7851
"../../../../../Logiciels/Unreal Projects/Team6_Unreal/Content/__ExternalActors__/MyGame/Maps/FirstPersonMap/4/7K/YVXDIDTDJPOWG29AK73O4T.uasset" 7852
"/Game/__ExternalActors__/MyGame/Maps/FirstPersonMap/4/8I/6WQI0CCIAM3NJ3DB4K2N1K" 7853
"../../../../../Logiciels/Unreal Projects/Team6_Unreal/Content/__ExternalActors__/MyGame/Maps/FirstPersonMap/4/8I/6WQI0CCIAM3NJ3DB4K2N1K.uasset" 7854
"/Game/__ExternalActors__/MyGame/Maps/FirstPersonMap/4/91/1NTZS8BPK95YPISPT7AXL2" 7855
"../../../../../Logiciels/Unreal Projects/Team6_Unreal/Content/__ExternalActors__/MyGame/Maps/FirstPersonMap/4/91/1NTZS8BPK95YPISPT7AXL2.uasset" 7856
"/Game/__ExternalActors__/MyGame/Maps/FirstPersonMap/4/92/VEQGE6CUINXU06NTK364Q2" 7857
"../../../../../Logiciels/Unreal Projects/Team6_Unreal/Content/__ExternalActors__/MyGame/Maps/FirstPersonMap/4/92/VEQGE6CUINXU06NTK364Q2.uasset" 7858
"/Game/__ExternalActors__/MyGame/Maps/FirstPersonMap/4/AC/B2FXIADFRSXFQ9Q2I4DWPX" 7859
"../../../../../Logiciels/Unreal Projects/Team6_Unreal/Content/__ExternalActors__/MyGame/Maps/FirstPersonMap/4/AC/B2FXIADFRSXFQ9Q2I4DWPX.uasset" 7860
"/Game/__ExternalActors__/MyGame/Maps/FirstPersonMap/4/AG/1VA3YWKC6XCYRKRD3UL7AU" 7861
"../../../../../Logiciels/Unreal Projects/Team6_Unreal/Content/__ExternalActors__/MyGame/Maps/FirstPersonMap/4/AG/1VA3YWKC6XCYRKRD3UL7AU.uasset" 7862
"/Game/__ExternalActors__/MyGame/Maps/FirstPersonMap/4/E2/KIDQR0T2R3EI2NQ93FN2X5" 7863
"../../../../../Logiciels/Unreal Projects/Team6_Unreal/Content/__ExternalActors__/MyGame/Maps/FirstPersonMap/4/E2/KIDQR0T2R3EI2NQ93FN2X5.uasset" 7864
"/Game/__ExternalActors__/MyGame/Maps/FirstPersonMap/4/EF/UGHUDZM77WYOHBR49UMSJX" 7865
"../../../../../Logiciels/Unreal Projects/Team6_Unreal/Content/__ExternalActors__/MyGame/Maps/FirstPersonMap/4/EF/UGHUDZM77WYOHBR49UMSJX.uasset" 7866
"/Game/__ExternalActors__/MyGame/Maps/FirstPersonMap/4/F0/KZA5D5FRJ4BP584QBUE6V9" 7867
"../../../../../Logiciels/Unreal Projects/Team6_Unreal/Content/__ExternalActors__/MyGame/Maps/FirstPersonMap/4/F0/KZA5D5FRJ4BP584QBUE6V9.uasset" 7868
"/Game/__ExternalActors__/MyGame/Maps/FirstPersonMap/4/FS/TV6HIC18BZROC1786PVF0W" 7869
"../../../../../Logiciels/Unreal Projects/Team6_Unreal/Content/__ExternalActors__/MyGame/Maps/FirstPersonMap/4/FS/TV6HIC18BZROC1786PVF0W.uasset" 7870
"/Game/__ExternalActors__/MyGame/Maps/FirstPersonMap/4/GE/E4N1W2T5ZXS68IH45K368I" 7871
"../../../../../Logiciels/Unreal Projects/Team6_Unreal/Content/__ExternalActors__/MyGame/Maps/FirstPersonMap/4/GE/E4N1W2T5ZXS68IH45K368I.uasset" 7872
"/Game/__ExternalActors__/MyGame/Maps/FirstPersonMap/4/HI/37SH9YDUAZ8KIGBDNEPGAR" 7873
"../../../../../Logiciels/Unreal Projects/Team6_Unreal/Content/__ExternalActors__/MyGame/Maps/FirstPersonMap/4/HI/37SH9YDUAZ8KIGBDNEPGAR.uasset" 7874
"/Game/__ExternalActors__/MyGame/Maps/FirstPersonMap/4/HP/5W28UVTSBB2RM3WAH2VM8Q" 7875
"../../../../../Logiciels/Unreal Projects/Team6_Unreal/Content/__ExternalActors__/MyGame/Maps/FirstPersonMap/4/HP/5W28UVTSBB2RM3WAH2VM8Q.uasset" 7876
"/Game/__ExternalActors__/MyGame/Maps/FirstPersonMap/4/HU/X9CAXPVA6ORZS7JNAGDR17" 7877
"../../../../../Logiciels/Unreal Projects/Team6_Unreal/Content/__ExternalActors__/MyGame/Maps/FirstPersonMap/4/HU/X9CAXPVA6ORZS7JNAGDR17.uasset" 7878
"/Game/__ExternalActors__/MyGame/Maps/FirstPersonMap/4/I6/ZZ0AT15ROHI7THA7SCLSX3" 7879
"../../../../../Logiciels/Unreal Projects/Team6_Unreal/Content/__ExternalActors__/MyGame/Maps/FirstPersonMap/4/I6/ZZ0AT15ROHI7THA7SCLSX3.uasset" 7880
"/Game/__ExternalActors__/MyGame/Maps/FirstPersonMap/4/IM/8I6DUUFMQ2AABJ2FLB8PJZ" 7881
"../../../../../Logiciels/Unreal Projects/Team6_Unreal/Content/__ExternalActors__/MyGame/Maps/FirstPersonMap/4/IM/8I6DUUFMQ2AABJ2FLB8PJZ.uasset" 7882
"/Game/__ExternalActors__/MyGame/Maps/FirstPersonMap/4/IR/BP4EIN813HWTDEQQZBBM0V" 7883
"../../../../../Logiciels/Unreal Projects/Team6_Unreal/Content/__ExternalActors__/MyGame/Maps/FirstPersonMap/4/IR/BP4EIN813HWTDEQQZBBM0V.uasset" 7884
"/Game/__ExternalActors__/MyGame/Maps/FirstPersonMap/4/J2/WMGJVGE9ISLS1H6V9S1VA2" 7885
"../../../../../Logiciels/Unreal Projects/Team6_Unreal/Content/__ExternalActors__/MyGame/Maps/FirstPersonMap/4/J2/WMGJVGE9ISLS1H6V9S1VA2.uasset" 7886
"/Game/__ExternalActors__/MyGame/Maps/FirstPersonMap/4/J3/HA0L2XNZP2254GUUNIHL0R" 7887
"../../../../../Logiciels/Unreal Projects/Team6_Unreal/Content/__ExternalActors__/MyGame/Maps/FirstPersonMap/4/J3/HA0L2XNZP2254GUUNIHL0R.uasset" 7888
"/Game/__ExternalActors__/MyGame/Maps/FirstPersonMap/4/JG/BAB9Z7ELRZFLWOLFN6ALVQ" 7889
"../../../../../Logiciels/Unreal Projects/Team6_Unreal/Content/__ExternalActors__/MyGame/Maps/FirstPersonMap/4/JG/BAB9Z7ELRZFLWOLFN6ALVQ.uasset" 7890
"/Game/__ExternalActors__/MyGame/Maps/FirstPersonMap/4/K3/XZ06CIVS9DWPVSKM26Q3JT" 7891
"../../../../../Logiciels/Unreal Projects/Team6_Unreal/Content/__ExternalActors__/MyGame/Maps/FirstPersonMap/4/K3/XZ06CIVS9DWPVSKM26Q3JT.uasset" 7892
"/Game/__ExternalActors__/MyGame/Maps/FirstPersonMap/4/KZ/3GA5TV8AF8MYT0YUBKBEWT" 7893
"../../../../../Logiciels/Unreal Projects/Team6_Unreal/Content/__ExternalActors__/MyGame/Maps/FirstPersonMap/4/KZ/3GA5TV8AF8MYT0YUBKBEWT.uasset" 7894
"/Game/__ExternalActors__/MyGame/Maps/FirstPersonMap/4/LX/1XQ4F8LS1L8JT4O0QUEAB6" 7895
"../../../../../Logiciels/Unreal Projects/Team6_Unreal/Content/__ExternalActors__/MyGame/Maps/FirstPersonMap/4/LX/1XQ4F8LS1L8JT4O0QUEAB6.uasset" 7896
"/Game/__ExternalActors__/MyGame/Maps/FirstPersonMap/4/NN/B2K12GJB7CMI8SR58PKL1F" 7897
"../../../../../Logiciels/Unreal Projects/Team6_Unreal/Content/__ExternalActors__/MyGame/Maps/FirstPersonMap/4/NN/B2K12GJB7CMI8SR58PKL1F.uasset" 7898
"/Game/__ExternalActors__/MyGame/Maps/FirstPersonMap/4/Q6/9XKRDUMTPYEH5YHL65XSZG" 7899
"../../../../../Logiciels/Unreal Projects/Team6_Unreal/Content/__ExternalActors__/MyGame/Maps/FirstPersonMap/4/Q6/9XKRDUMTPYEH5YHL65XSZG.uasset" 7900
"/Game/__ExternalActors__/MyGame/Maps/FirstPersonMap/4/QO/757K14WC90AUQ28CO3RLZ2" 7901
"../../../../../Logiciels/Unreal Projects/Team6_Unreal/Content/__ExternalActors__/MyGame/Maps/FirstPersonMap/4/QO/757K14WC90AUQ28CO3RLZ2.uasset" 7902
"/Game/__ExternalActors__/MyGame/Maps/FirstPersonMap/4/QY/OK8EPAMY0Q9R7R6Z1VH7PJ" 7903
"../../../../../Logiciels/Unreal Projects/Team6_Unreal/Content/__ExternalActors__/MyGame/Maps/FirstPersonMap/4/QY/OK8EPAMY0Q9R7R6Z1VH7PJ.uasset" 7904
"/Game/__ExternalActors__/MyGame/Maps/FirstPersonMap/4/RQ/KJDBZ7AZVC73XN47AB5HXR" 7905
"../../../../../Logiciels/Unreal Projects/Team6_Unreal/Content/__ExternalActors__/MyGame/Maps/FirstPersonMap/4/RQ/KJDBZ7AZVC73XN47AB5HXR.uasset" 7906
"/Game/__ExternalActors__/MyGame/Maps/FirstPersonMap/4/TB/A70W5SY42G77GGKW09M3VY" 7907
"../../../../../Logiciels/Unreal Projects/Team6_Unreal/Content/__ExternalActors__/MyGame/Maps/FirstPersonMap/4/TB/A70W5SY42G77GGKW09M3VY.uasset" 7908
"/Game/__ExternalActors__/MyGame/Maps/FirstPersonMap/4/TB/RAY538W6SZUT7A3742NZM4" 7909
"../../../../../Logiciels/Unreal Projects/Team6_Unreal/Content/__ExternalActors__/MyGame/Maps/FirstPersonMap/4/TB/RAY538W6SZUT7A3742NZM4.uasset" 7910
"/Game/__ExternalActors__/MyGame/Maps/FirstPersonMap/4/TG/RXN76F53GUM1M3QAZDFHHA" 7911
"../../../../../Logiciels/Unreal Projects/Team6_Unreal/Content/__ExternalActors__/MyGame/Maps/FirstPersonMap/4/TG/RXN76F53GUM1M3QAZDFHHA.uasset" 7912
"/Game/__ExternalActors__/MyGame/Maps/FirstPersonMap/4/UV/B9UWNI0FG9YU6HP503PZOQ" 7913
"../../../../../Logiciels/Unreal Projects/Team6_Unreal/Content/__ExternalActors__/MyGame/Maps/FirstPersonMap/4/UV/B9UWNI0FG9YU6HP503PZOQ.uasset" 7914
"/Game/__ExternalActors__/MyGame/Maps/FirstPersonMap/4/VD/TKV2098TO91I6EY0ZXNSAF" 7915
"../../../../../Logiciels/Unreal Projects/Team6_Unreal/Content/__ExternalActors__/MyGame/Maps/FirstPersonMap/4/VD/TKV2098TO91I6EY0ZXNSAF.uasset" 7916
"/Game/__ExternalActors__/MyGame/Maps/FirstPersonMap/4/VK/S916SBYDDG9JTV845T31U4" 7917
"../../../../../Logiciels/Unreal Projects/Team6_Unreal/Content/__ExternalActors__/MyGame/Maps/FirstPersonMap/4/VK/S916SBYDDG9JTV845T31U4.uasset" 7918
"/Game/__ExternalActors__/MyGame/Maps/FirstPersonMap/4/WO/EEFNYKDJSHNREIRA9VP6HU" 7919
"../../../../../Logiciels/Unreal Projects/Team6_Unreal/Content/__ExternalActors__/MyGame/Maps/FirstPersonMap/4/WO/EEFNYKDJSHNREIRA9VP6HU.uasset" 7920
"/Game/__ExternalActors__/MyGame/Maps/FirstPersonMap/4/WU/PWOPI86RUPQRRGK0PBR3LE" 7921
"../../../../../Logiciels/Unreal Projects/Team6_Unreal/Content/__ExternalActors__/MyGame/Maps/FirstPersonMap/4/WU/PWOPI86RUPQRRGK0PBR3LE.uasset" 7922
"/Game/__ExternalActors__/MyGame/Maps/FirstPersonMap/4/YD/5XU7KZ4KVZAYNMHV0XS47T" 7923
"../../../../../Logiciels/Unreal Projects/Team6_Unreal/Content/__ExternalActors__/MyGame/Maps/FirstPersonMap/4/YD/5XU7KZ4KVZAYNMHV0XS47T.uasset" 7924
"/Game/__ExternalActors__/MyGame/Maps/FirstPersonMap/4/YN/VKWGNX6HHK7EGJGO7E1IDA" 7925
"../../../../../Logiciels/Unreal Projects/Team6_Unreal/Content/__ExternalActors__/MyGame/Maps/FirstPersonMap/4/YN/VKWGNX6HHK7EGJGO7E1IDA.uasset" 7926
"/Game/__ExternalActors__/MyGame/Maps/FirstPersonMap/4/YW/FYJOP459AU42N3WGUU4RXR" 7927
"../../../../../Logiciels/Unreal Projects/Team6_Unreal/Content/__ExternalActors__/MyGame/Maps/FirstPersonMap/4/YW/FYJOP459AU42N3WGUU4RXR.uasset" 7928
"/Game/__ExternalActors__/MyGame/Maps/FirstPersonMap/4/ZI/WLC604G2JYYH14D82XDT8Y" 7929
"../../../../../Logiciels/Unreal Projects/Team6_Unreal/Content/__ExternalActors__/MyGame/Maps/FirstPersonMap/4/ZI/WLC604G2JYYH14D82XDT8Y.uasset" 7930
"/Game/__ExternalActors__/MyGame/Maps/FirstPersonMap/4/ZU/BM87RI0EHQCQWMKKJ7FYV3" 7931
"../../../../../Logiciels/Unreal Projects/Team6_Unreal/Content/__ExternalActors__/MyGame/Maps/FirstPersonMap/4/ZU/BM87RI0EHQCQWMKKJ7FYV3.uasset" 7932
"/Game/__ExternalActors__/MyGame/Maps/FirstPersonMap/5/0Z/ATM7LGQU7XRSGMS41JT3HR" 7933
"../../../../../Logiciels/Unreal Projects/Team6_Unreal/Content/__ExternalActors__/MyGame/Maps/FirstPersonMap/5/0Z/ATM7LGQU7XRSGMS41JT3HR.uasset" 7934
"/Game/__ExternalActors__/MyGame/Maps/FirstPersonMap/5/1U/LOYC7RJ5W1QEEZ6SFPX8MW" 7935
"../../../../../Logiciels/Unreal Projects/Team6_Unreal/Content/__ExternalActors__/MyGame/Maps/FirstPersonMap/5/1U/LOYC7RJ5W1QEEZ6SFPX8MW.uasset" 7936
"/Game/__ExternalActors__/MyGame/Maps/FirstPersonMap/5/2M/74AE1A8L3JTSJVLI40FKU4" 7937
"../../../../../Logiciels/Unreal Projects/Team6_Unreal/Content/__ExternalActors__/MyGame/Maps/FirstPersonMap/5/2M/74AE1A8L3JTSJVLI40FKU4.uasset" 7938
"/Game/__ExternalActors__/MyGame/Maps/FirstPersonMap/5/35/GYYS6H3T1DJKRQD772YFEA" 7939
"../../../../../Logiciels/Unreal Projects/Team6_Unreal/Content/__ExternalActors__/MyGame/Maps/FirstPersonMap/5/35/GYYS6H3T1DJKRQD772YFEA.uasset" 7940
"/Game/__ExternalActors__/MyGame/Maps/FirstPersonMap/5/4P/QMKTR6PG9RYL66Y5U5HQFY" 7941
"../../../../../Logiciels/Unreal Projects/Team6_Unreal/Content/__ExternalActors__/MyGame/Maps/FirstPersonMap/5/4P/QMKTR6PG9RYL66Y5U5HQFY.uasset" 7942
"/Game/__ExternalActors__/MyGame/Maps/FirstPersonMap/5/4T/OVIVW1ID3PRJV3YA5C07CW" 7943
"../../../../../Logiciels/Unreal Projects/Team6_Unreal/Content/__ExternalActors__/MyGame/Maps/FirstPersonMap/5/4T/OVIVW1ID3PRJV3YA5C07CW.uasset" 7944
"/Game/__ExternalActors__/MyGame/Maps/FirstPersonMap/5/5G/SZPHZAKZPE897GFEKVG1Z5" 7945
"../../../../../Logiciels/Unreal Projects/Team6_Unreal/Content/__ExternalActors__/MyGame/Maps/FirstPersonMap/5/5G/SZPHZAKZPE897GFEKVG1Z5.uasset" 7946
"/Game/__ExternalActors__/MyGame/Maps/FirstPersonMap/5/6X/QV1A3IVZRZQKECRPLYNLTK" 7947
"../../../../../Logiciels/Unreal Projects/Team6_Unreal/Content/__ExternalActors__/MyGame/Maps/FirstPersonMap/5/6X/QV1A3IVZRZQKECRPLYNLTK.uasset" 7948
"/Game/__ExternalActors__/MyGame/Maps/FirstPersonMap/5/8D/0MGFJ7KMHDE6T4IDF6H0QZ" 7949
"../../../../../Logiciels/Unreal Projects/Team6_Unreal/Content/__ExternalActors__/MyGame/Maps/FirstPersonMap/5/8D/0MGFJ7KMHDE6T4IDF6H0QZ.uasset" 7950
"/Game/__ExternalActors__/MyGame/Maps/FirstPersonMap/5/8R/WBC4NO3LGJ71X2YIKDEV8X" 7951
"../../../../../Logiciels/Unreal Projects/Team6_Unreal/Content/__ExternalActors__/MyGame/Maps/FirstPersonMap/5/8R/WBC4NO3LGJ71X2YIKDEV8X.uasset" 7952
"/Game/__ExternalActors__/MyGame/Maps/FirstPersonMap/5/8U/V4B3JOKIMGY02MTDAO0EZF" 7953
"../../../../../Logiciels/Unreal Projects/Team6_Unreal/Content/__ExternalActors__/MyGame/Maps/FirstPersonMap/5/8U/V4B3JOKIMGY02MTDAO0EZF.uasset" 7954
"/Game/__ExternalActors__/MyGame/Maps/FirstPersonMap/5/8Z/DOZ0RX5MZ0B43Z8IPNFQAX" 7955
"../../../../../Logiciels/Unreal Projects/Team6_Unreal/Content/__ExternalActors__/MyGame/Maps/FirstPersonMap/5/8Z/DOZ0RX5MZ0B43Z8IPNFQAX.uasset" 7956
"/Game/__ExternalActors__/MyGame/Maps/FirstPersonMap/5/95/XT5FGMZCYL7WG7JLHOIQI2" 7957
"../../../../../Logiciels/Unreal Projects/Team6_Unreal/Content/__ExternalActors__/MyGame/Maps/FirstPersonMap/5/95/XT5FGMZCYL7WG7JLHOIQI2.uasset" 7958
"/Game/__ExternalActors__/MyGame/Maps/FirstPersonMap/5/9H/GQPZIN11PDHW1TRM2LO1BJ" 7959
"../../../../../Logiciels/Unreal Projects/Team6_Unreal/Content/__ExternalActors__/MyGame/Maps/FirstPersonMap/5/9H/GQPZIN11PDHW1TRM2LO1BJ.uasset" 7960
"/Game/__ExternalActors__/MyGame/Maps/FirstPersonMap/5/9W/W1YXLINCOB3LSEDT1JYX61" 7961
"../../../../../Logiciels/Unreal Projects/Team6_Unreal/Content/__ExternalActors__/MyGame/Maps/FirstPersonMap/5/9W/W1YXLINCOB3LSEDT1JYX61.uasset" 7962
"/Game/__ExternalActors__/MyGame/Maps/FirstPersonMap/5/A3/XKD5HH7FYN5N8TMWAUZ1ZK" 7963
"../../../../../Logiciels/Unreal Projects/Team6_Unreal/Content/__ExternalActors__/MyGame/Maps/FirstPersonMap/5/A3/XKD5HH7FYN5N8TMWAUZ1ZK.uasset" 7964
"/Game/__ExternalActors__/MyGame/Maps/FirstPersonMap/5/B1/BNOLLVZO34BDMH2O8Q2LTZ" 7965
"../../../../../Logiciels/Unreal Projects/Team6_Unreal/Content/__ExternalActors__/MyGame/Maps/FirstPersonMap/5/B1/BNOLLVZO34BDMH2O8Q2LTZ.uasset" 7966
"/Game/__ExternalActors__/MyGame/Maps/FirstPersonMap/5/BY/O0CFADSU63E4O364ON3L4I" 7967
"../../../../../Logiciels/Unreal Projects/Team6_Unreal/Content/__ExternalActors__/MyGame/Maps/FirstPersonMap/5/BY/O0CFADSU63E4O364ON3L4I.uasset" 7968
"/Game/__ExternalActors__/MyGame/Maps/FirstPersonMap/5/CF/ACM22SW8TQ277GGJ1JGPD9" 7969
"../../../../../Logiciels/Unreal Projects/Team6_Unreal/Content/__ExternalActors__/MyGame/Maps/FirstPersonMap/5/CF/ACM22SW8TQ277GGJ1JGPD9.uasset" 7970
"/Game/__ExternalActors__/MyGame/Maps/FirstPersonMap/5/CO/HMF0BGUCU5WJ2IJ19SI1LE" 7971
"../../../../../Logiciels/Unreal Projects/Team6_Unreal/Content/__ExternalActors__/MyGame/Maps/FirstPersonMap/5/CO/HMF0BGUCU5WJ2IJ19SI1LE.uasset" 7972
"/Game/__ExternalActors__/MyGame/Maps/FirstPersonMap/5/DH/25ZY1G50W6PB9QFLPN0ANT" 7973
"../../../../../Logiciels/Unreal Projects/Team6_Unreal/Content/__ExternalActors__/MyGame/Maps/FirstPersonMap/5/DH/25ZY1G50W6PB9QFLPN0ANT.uasset" 7974
"/Game/__ExternalActors__/MyGame/Maps/FirstPersonMap/5/EO/2B27KDDB50OWXCX6BIVO3E" 7975
"../../../../../Logiciels/Unreal Projects/Team6_Unreal/Content/__ExternalActors__/MyGame/Maps/FirstPersonMap/5/EO/2B27KDDB50OWXCX6BIVO3E.uasset" 7976
"/Game/__ExternalActors__/MyGame/Maps/FirstPersonMap/5/EX/Y8U17OOMR0XGCEVM9PNAQD" 7977
"../../../../../Logiciels/Unreal Projects/Team6_Unreal/Content/__ExternalActors__/MyGame/Maps/FirstPersonMap/5/EX/Y8U17OOMR0XGCEVM9PNAQD.uasset" 7978
"/Game/__ExternalActors__/MyGame/Maps/FirstPersonMap/5/F7/Y8OV4HR2V8CES8DS25X0YY" 7979
"../../../../../Logiciels/Unreal Projects/Team6_Unreal/Content/__ExternalActors__/MyGame/Maps/FirstPersonMap/5/F7/Y8OV4HR2V8CES8DS25X0YY.uasset" 7980
"/Game/__ExternalActors__/MyGame/Maps/FirstPersonMap/5/FQ/L779F3TDGT7THSYTPSQ8Z5" 7981
"../../../../../Logiciels/Unreal Projects/Team6_Unreal/Content/__ExternalActors__/MyGame/Maps/FirstPersonMap/5/FQ/L779F3TDGT7THSYTPSQ8Z5.uasset" 7982
"/Game/__ExternalActors__/MyGame/Maps/FirstPersonMap/5/GA/E81BULLOIVZ942Y32Q19V3" 7983
"../../../../../Logiciels/Unreal Projects/Team6_Unreal/Content/__ExternalActors__/MyGame/Maps/FirstPersonMap/5/GA/E81BULLOIVZ942Y32Q19V3.uasset" 7984
"../../../../../Logiciels/Unreal Projects/Team6_Unreal/Content/MyGame/Blueprints/Character/BP_Enemy.uasset" 7985
"../../../../../Logiciels/Unreal Projects/Team6_Unreal/Content/MyGame/AI/BP_AI_Enemy.uasset" 7986
"../../../../../Logiciels/Unreal Projects/Team6_Unreal/Content/Data/Strutures/EnemyState.uasset" 7987
"../../../../../Logiciels/Unreal Projects/Team6_Unreal/Content/Textures/EnemyStun/Stun.uasset" 7988
"../../../../../Logiciels/Unreal Projects/Team6_Unreal/Content/MyGame/AI/BT_AI.uasset" 7989
"../../../../../Logiciels/Unreal Projects/Team6_Unreal/Content/Textures/EnemyStun/s1_Sprite.uasset" 7990
"../../../../../Logiciels/Unreal Projects/Team6_Unreal/Content/Textures/EnemyStun/s2_Sprite.uasset" 7991
"../../../../../Logiciels/Unreal Projects/Team6_Unreal/Content/Textures/EnemyStun/s3_Sprite.uasset" 7992
"../../../../../Logiciels/Unreal Projects/Team6_Unreal/Content/Textures/EnemyStun/s4_Sprite.uasset" 7993
"../../../../../Logiciels/Unreal Projects/Team6_Unreal/Content/Textures/EnemyStun/s5_Sprite.uasset" 7994
"../../../../../Logiciels/Unreal Projects/Team6_Unreal/Content/Textures/EnemyStun/s6_Sprite.uasset" 7995
"../../../../../Logiciels/Unreal Projects/Team6_Unreal/Content/Textures/EnemyStun/s7_Sprite.uasset" 7996
"../../../../../Logiciels/Unreal Projects/Team6_Unreal/Content/Textures/EnemyStun/s8_Sprite.uasset" 7997
"../../../../../Logiciels/Unreal Projects/Team6_Unreal/Content/MyGame/AI/BBD_AI.uasset" 7998
"../../../../../Logiciels/Unreal Projects/Team6_Unreal/Content/MyGame/AI/Tasks/BTTask_ChaseItem.uasset" 7999
"../../../../../Logiciels/Unreal Projects/Team6_Unreal/Content/MyGame/AI/Tasks/BTTask_ChasePlayer.uasset" 8000
"../../../../../Logiciels/Unreal Projects/Team6_Unreal/Content/MyGame/AI/Tasks/BTTask_Stun.uasset" 8001
"../../../../../Logiciels/Unreal Projects/Team6_Unreal/Content/Textures/EnemyStun/s1.uasset" 8002
"../../../../../Logiciels/Unreal Projects/Team6_Unreal/Content/Textures/EnemyStun/s2.uasset" 8003
"../../../../../Logiciels/Unreal Projects/Team6_Unreal/Content/Textures/EnemyStun/s3.uasset" 8004
"../../../../../Logiciels/Unreal Projects/Team6_Unreal/Content/Textures/EnemyStun/s4.uasset" 8005
"../../../../../Logiciels/Unreal Projects/Team6_Unreal/Content/Textures/EnemyStun/s5.uasset" 8006
"../../../../../Logiciels/Unreal Projects/Team6_Unreal/Content/Textures/EnemyStun/s6.uasset" 8007
"../../../../../Logiciels/Unreal Projects/Team6_Unreal/Content/Textures/EnemyStun/s7.uasset" 8008
"../../../../../Logiciels/Unreal Projects/Team6_Unreal/Content/Textures/EnemyStun/s8.uasset" 8009
"/Game/__ExternalActors__/MyGame/Maps/FirstPersonMap/5/GG/B8QNGT4G4CUM96PPY4OCT1" 8010
"../../../../../Logiciels/Unreal Projects/Team6_Unreal/Content/__ExternalActors__/MyGame/Maps/FirstPersonMap/5/GG/B8QNGT4G4CUM96PPY4OCT1.uasset" 8011
"/Game/__ExternalActors__/MyGame/Maps/FirstPersonMap/5/GL/WHOT219151RMVRCLRV6EKG" 8012
"../../../../../Logiciels/Unreal Projects/Team6_Unreal/Content/__ExternalActors__/MyGame/Maps/FirstPersonMap/5/GL/WHOT219151RMVRCLRV6EKG.uasset" 8013
"/Game/__ExternalActors__/MyGame/Maps/FirstPersonMap/5/GW/WCKIMVKDA74Y0U7PT5I9HW" 8014
"../../../../../Logiciels/Unreal Projects/Team6_Unreal/Content/__ExternalActors__/MyGame/Maps/FirstPersonMap/5/GW/WCKIMVKDA74Y0U7PT5I9HW.uasset" 8015
"/Game/__ExternalActors__/MyGame/Maps/FirstPersonMap/5/I5/J11GTXLZS0XJUT8QVCT6WL" 8016
"../../../../../Logiciels/Unreal Projects/Team6_Unreal/Content/__ExternalActors__/MyGame/Maps/FirstPersonMap/5/I5/J11GTXLZS0XJUT8QVCT6WL.uasset" 8017
"/Game/__ExternalActors__/MyGame/Maps/FirstPersonMap/5/IC/4ZHD98OX8BSMP2JFENQKSW" 8018
"../../../../../Logiciels/Unreal Projects/Team6_Unreal/Content/__ExternalActors__/MyGame/Maps/FirstPersonMap/5/IC/4ZHD98OX8BSMP2JFENQKSW.uasset" 8019
"../../../../../Logiciels/Unreal Projects/Team6_Unreal/Content/MyGame/Asset/Props_Test/Props_Mod?/Carton_Ouvert.uasset" 8020
"../../../../../Logiciels/Unreal Projects/Team6_Unreal/Content/MyGame/Asset/Props_Test/MA_Props/MA_White/MA_Carton_Ouvert.uasset" 8021
"../../../../../Logiciels/Unreal Projects/Team6_Unreal/Content/MyGame/Asset/Props_Test/Texture/Texture_W/carton-Ouvert_bcolor.uasset" 8022
"/Game/__ExternalActors__/MyGame/Maps/FirstPersonMap/5/JD/C4DP1XK1Y9H3V6Z2535U4N" 8023
"../../../../../Logiciels/Unreal Projects/Team6_Unreal/Content/__ExternalActors__/MyGame/Maps/FirstPersonMap/5/JD/C4DP1XK1Y9H3V6Z2535U4N.uasset" 8024
"/Game/__ExternalActors__/MyGame/Maps/FirstPersonMap/5/JX/PJOPNZRK84JD0DUA15Z82V" 8025
"../../../../../Logiciels/Unreal Projects/Team6_Unreal/Content/__ExternalActors__/MyGame/Maps/FirstPersonMap/5/JX/PJOPNZRK84JD0DUA15Z82V.uasset" 8026
"/Game/__ExternalActors__/MyGame/Maps/FirstPersonMap/5/KT/0E984RY64Z3DX9Z54D0M7C" 8027
"../../../../../Logiciels/Unreal Projects/Team6_Unreal/Content/__ExternalActors__/MyGame/Maps/FirstPersonMap/5/KT/0E984RY64Z3DX9Z54D0M7C.uasset" 8028
"/Game/__ExternalActors__/MyGame/Maps/FirstPersonMap/5/MP/WNMABPTH95OPUAGG2CRUXH" 8029
"../../../../../Logiciels/Unreal Projects/Team6_Unreal/Content/__ExternalActors__/MyGame/Maps/FirstPersonMap/5/MP/WNMABPTH95OPUAGG2CRUXH.uasset" 8030
"/Game/__ExternalActors__/MyGame/Maps/FirstPersonMap/5/N2/7Y0IFV8ATP0YQ3G96OQYYO" 8031
"../../../../../Logiciels/Unreal Projects/Team6_Unreal/Content/__ExternalActors__/MyGame/Maps/FirstPersonMap/5/N2/7Y0IFV8ATP0YQ3G96OQYYO.uasset" 8032
"/Game/__ExternalActors__/MyGame/Maps/FirstPersonMap/5/NA/C8OCG3AV321QBB1LZN709P" 8033
"../../../../../Logiciels/Unreal Projects/Team6_Unreal/Content/__ExternalActors__/MyGame/Maps/FirstPersonMap/5/NA/C8OCG3AV321QBB1LZN709P.uasset" 8034
"/Game/__ExternalActors__/MyGame/Maps/FirstPersonMap/5/O2/Z19E0FGDPRYQ48LYPW738D" 8035
"../../../../../Logiciels/Unreal Projects/Team6_Unreal/Content/__ExternalActors__/MyGame/Maps/FirstPersonMap/5/O2/Z19E0FGDPRYQ48LYPW738D.uasset" 8036
"/Game/__ExternalActors__/MyGame/Maps/FirstPersonMap/5/OD/G1DIFU4GRDBVIW1PZ9ARBQ" 8037
"../../../../../Logiciels/Unreal Projects/Team6_Unreal/Content/__ExternalActors__/MyGame/Maps/FirstPersonMap/5/OD/G1DIFU4GRDBVIW1PZ9ARBQ.uasset" 8038
"/Game/__ExternalActors__/MyGame/Maps/FirstPersonMap/5/PB/9MBEYAV9TZ03FMGXCXS90U" 8039
"../../../../../Logiciels/Unreal Projects/Team6_Unreal/Content/__ExternalActors__/MyGame/Maps/FirstPersonMap/5/PB/9MBEYAV9TZ03FMGXCXS90U.uasset" 8040
"/Game/__ExternalActors__/MyGame/Maps/FirstPersonMap/5/PL/PBFLFE0P7Y8Z04DFN2LUNL" 8041
"../../../../../Logiciels/Unreal Projects/Team6_Unreal/Content/__ExternalActors__/MyGame/Maps/FirstPersonMap/5/PL/PBFLFE0P7Y8Z04DFN2LUNL.uasset" 8042
"/Game/__ExternalActors__/MyGame/Maps/FirstPersonMap/5/QE/K3ZUSFV85AOSG1QL1XVIPV" 8043
"../../../../../Logiciels/Unreal Projects/Team6_Unreal/Content/__ExternalActors__/MyGame/Maps/FirstPersonMap/5/QE/K3ZUSFV85AOSG1QL1XVIPV.uasset" 8044
"/Game/__ExternalActors__/MyGame/Maps/FirstPersonMap/5/R4/Y92X6FCWB9O702BE20YZO0" 8045
"../../../../../Logiciels/Unreal Projects/Team6_Unreal/Content/__ExternalActors__/MyGame/Maps/FirstPersonMap/5/R4/Y92X6FCWB9O702BE20YZO0.uasset" 8046
"/Game/__ExternalActors__/MyGame/Maps/FirstPersonMap/5/RP/XI3QDY7TYPEGEI08P3LT4N" 8047
"../../../../../Logiciels/Unreal Projects/Team6_Unreal/Content/__ExternalActors__/MyGame/Maps/FirstPersonMap/5/RP/XI3QDY7TYPEGEI08P3LT4N.uasset" 8048
"/Game/__ExternalActors__/MyGame/Maps/FirstPersonMap/5/SL/1YWLU5725KHA09LL0KZ81Z" 8049
"../../../../../Logiciels/Unreal Projects/Team6_Unreal/Content/__ExternalActors__/MyGame/Maps/FirstPersonMap/5/SL/1YWLU5725KHA09LL0KZ81Z.uasset" 8050
"/Game/__ExternalActors__/MyGame/Maps/FirstPersonMap/5/SL/29ENG223GHRQ27O7W4VAHG" 8051
"../../../../../Logiciels/Unreal Projects/Team6_Unreal/Content/__ExternalActors__/MyGame/Maps/FirstPersonMap/5/SL/29ENG223GHRQ27O7W4VAHG.uasset" 8052
"/Game/__ExternalActors__/MyGame/Maps/FirstPersonMap/5/T6/6T6N796TXMYHNE6AOHWWY9" 8053
"../../../../../Logiciels/Unreal Projects/Team6_Unreal/Content/__ExternalActors__/MyGame/Maps/FirstPersonMap/5/T6/6T6N796TXMYHNE6AOHWWY9.uasset" 8054
"/Game/__ExternalActors__/MyGame/Maps/FirstPersonMap/5/TA/9MTGY575DLFAAMH750T1MZ" 8055
"../../../../../Logiciels/Unreal Projects/Team6_Unreal/Content/__ExternalActors__/MyGame/Maps/FirstPersonMap/5/TA/9MTGY575DLFAAMH750T1MZ.uasset" 8056
"/Game/__ExternalActors__/MyGame/Maps/FirstPersonMap/5/TM/7QXQHHJTOYJK7CJGWNM98Y" 8057
"../../../../../Logiciels/Unreal Projects/Team6_Unreal/Content/__ExternalActors__/MyGame/Maps/FirstPersonMap/5/TM/7QXQHHJTOYJK7CJGWNM98Y.uasset" 8058
"/Game/__ExternalActors__/MyGame/Maps/FirstPersonMap/5/UO/QJ5QGDT9UCAOR3CCIQUQRB" 8059
"../../../../../Logiciels/Unreal Projects/Team6_Unreal/Content/__ExternalActors__/MyGame/Maps/FirstPersonMap/5/UO/QJ5QGDT9UCAOR3CCIQUQRB.uasset" 8060
"/Game/__ExternalActors__/MyGame/Maps/FirstPersonMap/5/VD/IJOEZAAXQ7PXLBNIT14W59" 8061
"../../../../../Logiciels/Unreal Projects/Team6_Unreal/Content/__ExternalActors__/MyGame/Maps/FirstPersonMap/5/VD/IJOEZAAXQ7PXLBNIT14W59.uasset" 8062
"/Game/__ExternalActors__/MyGame/Maps/FirstPersonMap/5/VW/0L6GGQDRKM6DUL9T58OVPF" 8063
"../../../../../Logiciels/Unreal Projects/Team6_Unreal/Content/__ExternalActors__/MyGame/Maps/FirstPersonMap/5/VW/0L6GGQDRKM6DUL9T58OVPF.uasset" 8064
"/Game/__ExternalActors__/MyGame/Maps/FirstPersonMap/5/W9/W8VOU63ZGYI1NYNO68PFTO" 8065
"../../../../../Logiciels/Unreal Projects/Team6_Unreal/Content/__ExternalActors__/MyGame/Maps/FirstPersonMap/5/W9/W8VOU63ZGYI1NYNO68PFTO.uasset" 8066
"/Game/__ExternalActors__/MyGame/Maps/FirstPersonMap/5/WP/YXIXKK1VKM9XA4BSSKH0NX" 8067
"../../../../../Logiciels/Unreal Projects/Team6_Unreal/Content/__ExternalActors__/MyGame/Maps/FirstPersonMap/5/WP/YXIXKK1VKM9XA4BSSKH0NX.uasset" 8068
"/Game/__ExternalActors__/MyGame/Maps/FirstPersonMap/5/WR/FFUTO414MJCQK0XS4HEYLP" 8069
"../../../../../Logiciels/Unreal Projects/Team6_Unreal/Content/__ExternalActors__/MyGame/Maps/FirstPersonMap/5/WR/FFUTO414MJCQK0XS4HEYLP.uasset" 8070
"/Game/__ExternalActors__/MyGame/Maps/FirstPersonMap/5/XA/6IAK8V8FNF2VC1OB4AFQ8G" 8071
"../../../../../Logiciels/Unreal Projects/Team6_Unreal/Content/__ExternalActors__/MyGame/Maps/FirstPersonMap/5/XA/6IAK8V8FNF2VC1OB4AFQ8G.uasset" 8072
"/Game/__ExternalActors__/MyGame/Maps/FirstPersonMap/5/XG/511ZYYXOUWH9IUBNZTVOLG" 8073
"../../../../../Logiciels/Unreal Projects/Team6_Unreal/Content/__ExternalActors__/MyGame/Maps/FirstPersonMap/5/XG/511ZYYXOUWH9IUBNZTVOLG.uasset" 8074
"/Game/__ExternalActors__/MyGame/Maps/FirstPersonMap/5/Z1/ZXYJFVBAXP4BWCF89I548S" 8075
"../../../../../Logiciels/Unreal Projects/Team6_Unreal/Content/__ExternalActors__/MyGame/Maps/FirstPersonMap/5/Z1/ZXYJFVBAXP4BWCF89I548S.uasset" 8076
"/Game/__ExternalActors__/MyGame/Maps/FirstPersonMap/5/Z6/I0GQEHAV0TP6LZELD0SIDN" 8077
"../../../../../Logiciels/Unreal Projects/Team6_Unreal/Content/__ExternalActors__/MyGame/Maps/FirstPersonMap/5/Z6/I0GQEHAV0TP6LZELD0SIDN.uasset" 8078
"/Game/__ExternalActors__/MyGame/Maps/FirstPersonMap/5/ZP/NN58A57MKHD0M9U3Z65LLX" 8079
"../../../../../Logiciels/Unreal Projects/Team6_Unreal/Content/__ExternalActors__/MyGame/Maps/FirstPersonMap/5/ZP/NN58A57MKHD0M9U3Z65LLX.uasset" 8080
"/Game/__ExternalActors__/MyGame/Maps/FirstPersonMap/9/9T/15SBZKROE1KHTG3YIFMME3" 8081
"../../../../../Logiciels/Unreal Projects/Team6_Unreal/Content/__ExternalActors__/MyGame/Maps/FirstPersonMap/9/9T/15SBZKROE1KHTG3YIFMME3.uasset" 8082
"/Game/__ExternalActors__/MyGame/Maps/FirstPersonMap/5/ZS/W1RYVIQN5C7W8RNJP0KGIM" 8083
"../../../../../Logiciels/Unreal Projects/Team6_Unreal/Content/__ExternalActors__/MyGame/Maps/FirstPersonMap/5/ZS/W1RYVIQN5C7W8RNJP0KGIM.uasset" 8084
"/Game/__ExternalActors__/MyGame/Maps/FirstPersonMap/6/02/34FFU8DN1E91U11J9RWLNA" 8085
"../../../../../Logiciels/Unreal Projects/Team6_Unreal/Content/__ExternalActors__/MyGame/Maps/FirstPersonMap/6/02/34FFU8DN1E91U11J9RWLNA.uasset" 8086
"/Game/__ExternalActors__/MyGame/Maps/FirstPersonMap/6/19/RICL1UNOVH9KK83BUP63NC" 8087
"../../../../../Logiciels/Unreal Projects/Team6_Unreal/Content/__ExternalActors__/MyGame/Maps/FirstPersonMap/6/19/RICL1UNOVH9KK83BUP63NC.uasset" 8088
"/Game/__ExternalActors__/MyGame/Maps/FirstPersonMap/6/1A/M01FKK6BKF17JAPCVM94OR" 8089
"../../../../../Logiciels/Unreal Projects/Team6_Unreal/Content/__ExternalActors__/MyGame/Maps/FirstPersonMap/6/1A/M01FKK6BKF17JAPCVM94OR.uasset" 8090
"/Game/__ExternalActors__/MyGame/Maps/FirstPersonMap/6/1V/P34OZNLF7S3DDTXSEH3L5S" 8091
"../../../../../Logiciels/Unreal Projects/Team6_Unreal/Content/__ExternalActors__/MyGame/Maps/FirstPersonMap/6/1V/P34OZNLF7S3DDTXSEH3L5S.uasset" 8092
"/Game/__ExternalActors__/MyGame/Maps/FirstPersonMap/6/20/PZ8KBFO66M6L3QN7YLV8XX" 8093
"../../../../../Logiciels/Unreal Projects/Team6_Unreal/Content/__ExternalActors__/MyGame/Maps/FirstPersonMap/6/20/PZ8KBFO66M6L3QN7YLV8XX.uasset" 8094
"/Game/__ExternalActors__/MyGame/Maps/FirstPersonMap/6/23/7AT2DT6469BNFC2J41GXQM" 8095
"../../../../../Logiciels/Unreal Projects/Team6_Unreal/Content/__ExternalActors__/MyGame/Maps/FirstPersonMap/6/23/7AT2DT6469BNFC2J41GXQM.uasset" 8096
"/Game/__ExternalActors__/MyGame/Maps/FirstPersonMap/6/2B/TIIFRIUK2E1MRTZB7JCAW6" 8097
"../../../../../Logiciels/Unreal Projects/Team6_Unreal/Content/__ExternalActors__/MyGame/Maps/FirstPersonMap/6/2B/TIIFRIUK2E1MRTZB7JCAW6.uasset" 8098
"/Game/__ExternalActors__/MyGame/Maps/FirstPersonMap/6/2I/VNYNDVEMBJGCVK87FNQV4E" 8099
"../../../../../Logiciels/Unreal Projects/Team6_Unreal/Content/__ExternalActors__/MyGame/Maps/FirstPersonMap/6/2I/VNYNDVEMBJGCVK87FNQV4E.uasset" 8100
"/Game/__ExternalActors__/MyGame/Maps/FirstPersonMap/6/39/EL1TCKP86YNJT21E0U7NHQ" 8101
"../../../../../Logiciels/Unreal Projects/Team6_Unreal/Content/__ExternalActors__/MyGame/Maps/FirstPersonMap/6/39/EL1TCKP86YNJT21E0U7NHQ.uasset" 8102
"/Game/__ExternalActors__/MyGame/Maps/FirstPersonMap/6/3N/G282J8F5XOKPJFIGE5WXGQ" 8103
"../../../../../Logiciels/Unreal Projects/Team6_Unreal/Content/__ExternalActors__/MyGame/Maps/FirstPersonMap/6/3N/G282J8F5XOKPJFIGE5WXGQ.uasset" 8104
"/Game/__ExternalActors__/MyGame/Maps/FirstPersonMap/6/3Q/7FJGUIBLDZYX36JY9U0801" 8105
"../../../../../Logiciels/Unreal Projects/Team6_Unreal/Content/__ExternalActors__/MyGame/Maps/FirstPersonMap/6/3Q/7FJGUIBLDZYX36JY9U0801.uasset" 8106
"/Game/__ExternalActors__/MyGame/Maps/FirstPersonMap/6/4G/8DRERGP5OFSJURGE8PE9IJ" 8107
"../../../../../Logiciels/Unreal Projects/Team6_Unreal/Content/__ExternalActors__/MyGame/Maps/FirstPersonMap/6/4G/8DRERGP5OFSJURGE8PE9IJ.uasset" 8108
"/Game/__ExternalActors__/MyGame/Maps/FirstPersonMap/6/4X/P4C0TWKDUZ4BN57RMEXZLV" 8109
"../../../../../Logiciels/Unreal Projects/Team6_Unreal/Content/__ExternalActors__/MyGame/Maps/FirstPersonMap/6/4X/P4C0TWKDUZ4BN57RMEXZLV.uasset" 8110
"/Game/__ExternalActors__/MyGame/Maps/FirstPersonMap/6/6Y/4U813BKMRPFH1ZBFQ7YZF1" 8111
"../../../../../Logiciels/Unreal Projects/Team6_Unreal/Content/__ExternalActors__/MyGame/Maps/FirstPersonMap/6/6Y/4U813BKMRPFH1ZBFQ7YZF1.uasset" 8112
"/Game/__ExternalActors__/MyGame/Maps/FirstPersonMap/6/7C/FGDU2HJUYFD2WKCUMHUMG6" 8113
"../../../../../Logiciels/Unreal Projects/Team6_Unreal/Content/__ExternalActors__/MyGame/Maps/FirstPersonMap/6/7C/FGDU2HJUYFD2WKCUMHUMG6.uasset" 8114
"/Game/__ExternalActors__/MyGame/Maps/FirstPersonMap/6/7K/1B5DNL8YFE4EAMTXG3R604" 8115
"../../../../../Logiciels/Unreal Projects/Team6_Unreal/Content/__ExternalActors__/MyGame/Maps/FirstPersonMap/6/7K/1B5DNL8YFE4EAMTXG3R604.uasset" 8116
"/Game/__ExternalActors__/MyGame/Maps/FirstPersonMap/6/8A/C9GBZFRV9N1HS2WJZC76WI" 8117
"../../../../../Logiciels/Unreal Projects/Team6_Unreal/Content/__ExternalActors__/MyGame/Maps/FirstPersonMap/6/8A/C9GBZFRV9N1HS2WJZC76WI.uasset" 8118
"/Game/__ExternalActors__/MyGame/Maps/FirstPersonMap/6/8K/98MOHEWT4F08DOAFROM7MG" 8119
"../../../../../Logiciels/Unreal Projects/Team6_Unreal/Content/__ExternalActors__/MyGame/Maps/FirstPersonMap/6/8K/98MOHEWT4F08DOAFROM7MG.uasset" 8120
"/Game/__ExternalActors__/MyGame/Maps/FirstPersonMap/6/8P/55D180Q1N2486Q8KV01S8P" 8121
"../../../../../Logiciels/Unreal Projects/Team6_Unreal/Content/__ExternalActors__/MyGame/Maps/FirstPersonMap/6/8P/55D180Q1N2486Q8KV01S8P.uasset" 8122
"/Game/__ExternalActors__/MyGame/Maps/FirstPersonMap/6/9Y/33Z0C7X61I5VZ5YGIA59FH" 8123
"../../../../../Logiciels/Unreal Projects/Team6_Unreal/Content/__ExternalActors__/MyGame/Maps/FirstPersonMap/6/9Y/33Z0C7X61I5VZ5YGIA59FH.uasset" 8124
"/Game/__ExternalActors__/MyGame/Maps/FirstPersonMap/6/A5/RNOC7HQV3OUYLQGNE1B8E1" 8125
"../../../../../Logiciels/Unreal Projects/Team6_Unreal/Content/__ExternalActors__/MyGame/Maps/FirstPersonMap/6/A5/RNOC7HQV3OUYLQGNE1B8E1.uasset" 8126
"/Game/__ExternalActors__/MyGame/Maps/FirstPersonMap/6/AS/T4U9G6TAUYRVTU6QETQ4T1" 8127
"../../../../../Logiciels/Unreal Projects/Team6_Unreal/Content/__ExternalActors__/MyGame/Maps/FirstPersonMap/6/AS/T4U9G6TAUYRVTU6QETQ4T1.uasset" 8128
"/Game/__ExternalActors__/MyGame/Maps/FirstPersonMap/6/AX/9LE3SKA8NR1BUOCZ45UQLN" 8129
"../../../../../Logiciels/Unreal Projects/Team6_Unreal/Content/__ExternalActors__/MyGame/Maps/FirstPersonMap/6/AX/9LE3SKA8NR1BUOCZ45UQLN.uasset" 8130
"/Game/__ExternalActors__/MyGame/Maps/FirstPersonMap/6/BK/F2IIDPCADV3VX5WD9BTVP1" 8131
"../../../../../Logiciels/Unreal Projects/Team6_Unreal/Content/__ExternalActors__/MyGame/Maps/FirstPersonMap/6/BK/F2IIDPCADV3VX5WD9BTVP1.uasset" 8132
"/Game/__ExternalActors__/MyGame/Maps/FirstPersonMap/6/CA/Y2CQH4N5GE18TX4BZUF60J" 8133
"../../../../../Logiciels/Unreal Projects/Team6_Unreal/Content/__ExternalActors__/MyGame/Maps/FirstPersonMap/6/CA/Y2CQH4N5GE18TX4BZUF60J.uasset" 8134
"/Game/__ExternalActors__/MyGame/Maps/FirstPersonMap/6/CN/R0Z49I7FDTUCHEAUQ4RWI3" 8135
"../../../../../Logiciels/Unreal Projects/Team6_Unreal/Content/__ExternalActors__/MyGame/Maps/FirstPersonMap/6/CN/R0Z49I7FDTUCHEAUQ4RWI3.uasset" 8136
"/Game/__ExternalActors__/MyGame/Maps/FirstPersonMap/6/CV/8G6R0S66YQNXKIBT9TAMUD" 8137
"../../../../../Logiciels/Unreal Projects/Team6_Unreal/Content/__ExternalActors__/MyGame/Maps/FirstPersonMap/6/CV/8G6R0S66YQNXKIBT9TAMUD.uasset" 8138
"/Game/__ExternalActors__/MyGame/Maps/FirstPersonMap/6/D1/ANF1UCT00Q8BQNEBYIGN2L" 8139
"../../../../../Logiciels/Unreal Projects/Team6_Unreal/Content/__ExternalActors__/MyGame/Maps/FirstPersonMap/6/D1/ANF1UCT00Q8BQNEBYIGN2L.uasset" 8140
"/Game/__ExternalActors__/MyGame/Maps/FirstPersonMap/6/D2/1PD803D0QXE6COJHADCZYR" 8141
"../../../../../Logiciels/Unreal Projects/Team6_Unreal/Content/__ExternalActors__/MyGame/Maps/FirstPersonMap/6/D2/1PD803D0QXE6COJHADCZYR.uasset" 8142
"/Game/__ExternalActors__/MyGame/Maps/FirstPersonMap/6/D9/CU2R723O75PMUSVUM4KF7C" 8143
"../../../../../Logiciels/Unreal Projects/Team6_Unreal/Content/__ExternalActors__/MyGame/Maps/FirstPersonMap/6/D9/CU2R723O75PMUSVUM4KF7C.uasset" 8144
"/Game/__ExternalActors__/MyGame/Maps/FirstPersonMap/6/DG/BG66VUQNH43PNPRV7MWK73" 8145
"../../../../../Logiciels/Unreal Projects/Team6_Unreal/Content/__ExternalActors__/MyGame/Maps/FirstPersonMap/6/DG/BG66VUQNH43PNPRV7MWK73.uasset" 8146
"/Game/__ExternalActors__/MyGame/Maps/FirstPersonMap/6/DG/CCC6PDIMHU9U3RCY1NYNZN" 8147
"../../../../../Logiciels/Unreal Projects/Team6_Unreal/Content/__ExternalActors__/MyGame/Maps/FirstPersonMap/6/DG/CCC6PDIMHU9U3RCY1NYNZN.uasset" 8148
"/Game/__ExternalActors__/MyGame/Maps/FirstPersonMap/6/DQ/UELCKVD5XYHJ1OG3YW8S26" 8149
"../../../../../Logiciels/Unreal Projects/Team6_Unreal/Content/__ExternalActors__/MyGame/Maps/FirstPersonMap/6/DQ/UELCKVD5XYHJ1OG3YW8S26.uasset" 8150
"/Game/__ExternalActors__/MyGame/Maps/FirstPersonMap/6/E9/EMPJKIJR7O2V4J5ZD31YR9" 8151
"../../../../../Logiciels/Unreal Projects/Team6_Unreal/Content/__ExternalActors__/MyGame/Maps/FirstPersonMap/6/E9/EMPJKIJR7O2V4J5ZD31YR9.uasset" 8152
"/Game/__ExternalActors__/MyGame/Maps/FirstPersonMap/6/FX/R9XS2YY97RXLNJWZSTWR6B" 8153
"../../../../../Logiciels/Unreal Projects/Team6_Unreal/Content/__ExternalActors__/MyGame/Maps/FirstPersonMap/6/FX/R9XS2YY97RXLNJWZSTWR6B.uasset" 8154
"/Game/__ExternalActors__/MyGame/Maps/FirstPersonMap/6/G4/Q9U4MPH4XL36Q35J3FOU47" 8155
"../../../../../Logiciels/Unreal Projects/Team6_Unreal/Content/__ExternalActors__/MyGame/Maps/FirstPersonMap/6/G4/Q9U4MPH4XL36Q35J3FOU47.uasset" 8156
"/Game/__ExternalActors__/MyGame/Maps/FirstPersonMap/6/GA/4YDJMJMEWHNHRDVB0ASLX2" 8157
"../../../../../Logiciels/Unreal Projects/Team6_Unreal/Content/__ExternalActors__/MyGame/Maps/FirstPersonMap/6/GA/4YDJMJMEWHNHRDVB0ASLX2.uasset" 8158
"/Game/__ExternalActors__/MyGame/Maps/FirstPersonMap/6/GG/ND645NMW90RH5IM4HCYKQV" 8159
"../../../../../Logiciels/Unreal Projects/Team6_Unreal/Content/__ExternalActors__/MyGame/Maps/FirstPersonMap/6/GG/ND645NMW90RH5IM4HCYKQV.uasset" 8160
"/Game/__ExternalActors__/MyGame/Maps/FirstPersonMap/6/GP/VZ1JQVB750FXBFKZD4LV21" 8161
"../../../../../Logiciels/Unreal Projects/Team6_Unreal/Content/__ExternalActors__/MyGame/Maps/FirstPersonMap/6/GP/VZ1JQVB750FXBFKZD4LV21.uasset" 8162
"/Game/__ExternalActors__/MyGame/Maps/FirstPersonMap/6/GU/C99O3DMDPJF6HQEHL4QHOC" 8163
"../../../../../Logiciels/Unreal Projects/Team6_Unreal/Content/__ExternalActors__/MyGame/Maps/FirstPersonMap/6/GU/C99O3DMDPJF6HQEHL4QHOC.uasset" 8164
"/Game/__ExternalActors__/MyGame/Maps/FirstPersonMap/6/H6/4I8FQWPZCRIYSAXG5WJGZE" 8165
"../../../../../Logiciels/Unreal Projects/Team6_Unreal/Content/__ExternalActors__/MyGame/Maps/FirstPersonMap/6/H6/4I8FQWPZCRIYSAXG5WJGZE.uasset" 8166
"/Game/__ExternalActors__/MyGame/Maps/FirstPersonMap/6/HC/FLO18RGGDPK4CU7G65GUXE" 8167
"../../../../../Logiciels/Unreal Projects/Team6_Unreal/Content/__ExternalActors__/MyGame/Maps/FirstPersonMap/6/HC/FLO18RGGDPK4CU7G65GUXE.uasset" 8168
"/Game/__ExternalActors__/MyGame/Maps/FirstPersonMap/6/HO/UO13LFYI0C5FLKP6ZX5MCU" 8169
"../../../../../Logiciels/Unreal Projects/Team6_Unreal/Content/__ExternalActors__/MyGame/Maps/FirstPersonMap/6/HO/UO13LFYI0C5FLKP6ZX5MCU.uasset" 8170
"/Game/__ExternalActors__/MyGame/Maps/FirstPersonMap/6/I9/6TAABLAYS0JQ29PWN8WLOP" 8171
"../../../../../Logiciels/Unreal Projects/Team6_Unreal/Content/__ExternalActors__/MyGame/Maps/FirstPersonMap/6/I9/6TAABLAYS0JQ29PWN8WLOP.uasset" 8172
"/Game/__ExternalActors__/MyGame/Maps/FirstPersonMap/6/KX/0UD5Q5EOMNPKOBFXO17B10" 8173
"../../../../../Logiciels/Unreal Projects/Team6_Unreal/Content/__ExternalActors__/MyGame/Maps/FirstPersonMap/6/KX/0UD5Q5EOMNPKOBFXO17B10.uasset" 8174
"/Game/__ExternalActors__/MyGame/Maps/FirstPersonMap/6/KZ/R7VMI49QNXZNA5UQ1EXH06" 8175
"../../../../../Logiciels/Unreal Projects/Team6_Unreal/Content/__ExternalActors__/MyGame/Maps/FirstPersonMap/6/KZ/R7VMI49QNXZNA5UQ1EXH06.uasset" 8176
"/Game/__ExternalActors__/MyGame/Maps/FirstPersonMap/6/LM/NYI9QQCWOYHJF77F1HVIPC" 8177
"../../../../../Logiciels/Unreal Projects/Team6_Unreal/Content/__ExternalActors__/MyGame/Maps/FirstPersonMap/6/LM/NYI9QQCWOYHJF77F1HVIPC.uasset" 8178
"/Game/__ExternalActors__/MyGame/Maps/FirstPersonMap/6/LW/5GZHDPS12QNRLYYJ31AG5X" 8179
"../../../../../Logiciels/Unreal Projects/Team6_Unreal/Content/__ExternalActors__/MyGame/Maps/FirstPersonMap/6/LW/5GZHDPS12QNRLYYJ31AG5X.uasset" 8180
"/Game/__ExternalActors__/MyGame/Maps/FirstPersonMap/6/MC/LX3WNRG3EL76DVKAMYLZ9H" 8181
"../../../../../Logiciels/Unreal Projects/Team6_Unreal/Content/__ExternalActors__/MyGame/Maps/FirstPersonMap/6/MC/LX3WNRG3EL76DVKAMYLZ9H.uasset" 8182
"/Game/__ExternalActors__/MyGame/Maps/FirstPersonMap/6/MR/46KXEWY1Y3GIXV9J9HA8C0" 8183
"../../../../../Logiciels/Unreal Projects/Team6_Unreal/Content/__ExternalActors__/MyGame/Maps/FirstPersonMap/6/MR/46KXEWY1Y3GIXV9J9HA8C0.uasset" 8184
"/Game/__ExternalActors__/MyGame/Maps/FirstPersonMap/6/MX/R65SIE0BPXHHQP7JANM5YX" 8185
"../../../../../Logiciels/Unreal Projects/Team6_Unreal/Content/__ExternalActors__/MyGame/Maps/FirstPersonMap/6/MX/R65SIE0BPXHHQP7JANM5YX.uasset" 8186
"/Game/__ExternalActors__/MyGame/Maps/FirstPersonMap/6/NJ/PS1160MDE5N3Q3CHWH0JX8" 8187
"../../../../../Logiciels/Unreal Projects/Team6_Unreal/Content/__ExternalActors__/MyGame/Maps/FirstPersonMap/6/NJ/PS1160MDE5N3Q3CHWH0JX8.uasset" 8188
"/Game/__ExternalActors__/MyGame/Maps/FirstPersonMap/6/O1/JNH194TC4WE48XMQHN8GS4" 8189
"../../../../../Logiciels/Unreal Projects/Team6_Unreal/Content/__ExternalActors__/MyGame/Maps/FirstPersonMap/6/O1/JNH194TC4WE48XMQHN8GS4.uasset" 8190
"/Game/__ExternalActors__/MyGame/Maps/FirstPersonMap/6/O3/AIPO841HQKT883RPRLASEE" 8191
"../../../../../Logiciels/Unreal Projects/Team6_Unreal/Content/__ExternalActors__/MyGame/Maps/FirstPersonMap/6/O3/AIPO841HQKT883RPRLASEE.uasset" 8192
"/Game/__ExternalActors__/MyGame/Maps/FirstPersonMap/6/P7/ZU2DL6N4AV788YUH4JBDVW" 8193
"../../../../../Logiciels/Unreal Projects/Team6_Unreal/Content/__ExternalActors__/MyGame/Maps/FirstPersonMap/6/P7/ZU2DL6N4AV788YUH4JBDVW.uasset" 8194
"/Game/__ExternalActors__/MyGame/Maps/FirstPersonMap/6/PY/V0US3PUODZ1QMNRVPADBOT" 8195
"../../../../../Logiciels/Unreal Projects/Team6_Unreal/Content/__ExternalActors__/MyGame/Maps/FirstPersonMap/6/PY/V0US3PUODZ1QMNRVPADBOT.uasset" 8196
"/Game/__ExternalActors__/MyGame/Maps/FirstPersonMap/6/Q2/F0I35QLC9X14UXAQAE8SSX" 8197
"../../../../../Logiciels/Unreal Projects/Team6_Unreal/Content/__ExternalActors__/MyGame/Maps/FirstPersonMap/6/Q2/F0I35QLC9X14UXAQAE8SSX.uasset" 8198
"/Game/__ExternalActors__/MyGame/Maps/FirstPersonMap/6/Q6/HFJOPR633O09NJG9QTKHCE" 8199
"../../../../../Logiciels/Unreal Projects/Team6_Unreal/Content/__ExternalActors__/MyGame/Maps/FirstPersonMap/6/Q6/HFJOPR633O09NJG9QTKHCE.uasset" 8200
"/Game/__ExternalActors__/MyGame/Maps/FirstPersonMap/6/QA/KUBPNU0AX5MXK0C0TIZI3A" 8201
"../../../../../Logiciels/Unreal Projects/Team6_Unreal/Content/__ExternalActors__/MyGame/Maps/FirstPersonMap/6/QA/KUBPNU0AX5MXK0C0TIZI3A.uasset" 8202
"/Game/__ExternalActors__/MyGame/Maps/FirstPersonMap/6/R1/K7EB4O5KG3X94XC3Z4O5GC" 8203
"../../../../../Logiciels/Unreal Projects/Team6_Unreal/Content/__ExternalActors__/MyGame/Maps/FirstPersonMap/6/R1/K7EB4O5KG3X94XC3Z4O5GC.uasset" 8204
"../../../../../Logiciels/Unreal Projects/Team6_Unreal/Content/MyGame/Asset/Props_Test/Props_Mod?/Plafond_Spawn.uasset" 8205
"../../../../../Logiciels/Unreal Projects/Team6_Unreal/Content/MyGame/Asset/Props_Test/MA_Props/MA_White/MA_Plafond_Spawn.uasset" 8206
"../../../../../Logiciels/Unreal Projects/Team6_Unreal/Content/MyGame/Asset/Props_Test/Texture/Texture_W/toit-spawn_bcolor.uasset" 8207
"/Game/__ExternalActors__/MyGame/Maps/FirstPersonMap/6/R7/XAHXEIA08DCW2T6WHS2M20" 8208
"../../../../../Logiciels/Unreal Projects/Team6_Unreal/Content/__ExternalActors__/MyGame/Maps/FirstPersonMap/6/R7/XAHXEIA08DCW2T6WHS2M20.uasset" 8209
"/Game/__ExternalActors__/MyGame/Maps/FirstPersonMap/6/RF/RHX8DOGXOJEKDXI9BBCGRE" 8210
"../../../../../Logiciels/Unreal Projects/Team6_Unreal/Content/__ExternalActors__/MyGame/Maps/FirstPersonMap/6/RF/RHX8DOGXOJEKDXI9BBCGRE.uasset" 8211
"/Game/__ExternalActors__/MyGame/Maps/FirstPersonMap/6/RH/JKH9CJITGC7IH3N4N29IDD" 8212
"../../../../../Logiciels/Unreal Projects/Team6_Unreal/Content/__ExternalActors__/MyGame/Maps/FirstPersonMap/6/RH/JKH9CJITGC7IH3N4N29IDD.uasset" 8213
"/Game/__ExternalActors__/MyGame/Maps/FirstPersonMap/6/V7/ZHX91BQV2Z7501TMZ6VH1J" 8214
"../../../../../Logiciels/Unreal Projects/Team6_Unreal/Content/__ExternalActors__/MyGame/Maps/FirstPersonMap/6/V7/ZHX91BQV2Z7501TMZ6VH1J.uasset" 8215
"/Game/__ExternalActors__/MyGame/Maps/FirstPersonMap/6/WJ/CNSDWL9ZTPIQVWN2TL107T" 8216
"../../../../../Logiciels/Unreal Projects/Team6_Unreal/Content/__ExternalActors__/MyGame/Maps/FirstPersonMap/6/WJ/CNSDWL9ZTPIQVWN2TL107T.uasset" 8217
"/Game/__ExternalActors__/MyGame/Maps/FirstPersonMap/6/WJ/T4QCFLDMZHEWFCWU3KLPEE" 8218
"../../../../../Logiciels/Unreal Projects/Team6_Unreal/Content/__ExternalActors__/MyGame/Maps/FirstPersonMap/6/WJ/T4QCFLDMZHEWFCWU3KLPEE.uasset" 8219
"/Game/__ExternalActors__/MyGame/Maps/FirstPersonMap/6/WW/SZEPC4GXTCKIN661LE99UD" 8220
"../../../../../Logiciels/Unreal Projects/Team6_Unreal/Content/__ExternalActors__/MyGame/Maps/FirstPersonMap/6/WW/SZEPC4GXTCKIN661LE99UD.uasset" 8221
"/Game/__ExternalActors__/MyGame/Maps/FirstPersonMap/6/XI/DAB0IS91RZOTGVDQQAHMQP" 8222
"../../../../../Logiciels/Unreal Projects/Team6_Unreal/Content/__ExternalActors__/MyGame/Maps/FirstPersonMap/6/XI/DAB0IS91RZOTGVDQQAHMQP.uasset" 8223
"/Game/__ExternalActors__/MyGame/Maps/FirstPersonMap/6/YT/ZEB5Y3EPDEGQXT63L968N8" 8224
"../../../../../Logiciels/Unreal Projects/Team6_Unreal/Content/__ExternalActors__/MyGame/Maps/FirstPersonMap/6/YT/ZEB5Y3EPDEGQXT63L968N8.uasset" 8225
"/Game/__ExternalActors__/MyGame/Maps/FirstPersonMap/6/Z1/OPC980F45HK830MYWH2Y5W" 8226
"../../../../../Logiciels/Unreal Projects/Team6_Unreal/Content/__ExternalActors__/MyGame/Maps/FirstPersonMap/6/Z1/OPC980F45HK830MYWH2Y5W.uasset" 8227
"/Game/__ExternalActors__/MyGame/Maps/FirstPersonMap/7/0D/2MA1JQN2Z8Z156PU2GGS7R" 8228
"../../../../../Logiciels/Unreal Projects/Team6_Unreal/Content/__ExternalActors__/MyGame/Maps/FirstPersonMap/7/0D/2MA1JQN2Z8Z156PU2GGS7R.uasset" 8229
"/Game/__ExternalActors__/MyGame/Maps/FirstPersonMap/7/0V/MD3LPSFXR41Q7OWM5ZN35E" 8230
"../../../../../Logiciels/Unreal Projects/Team6_Unreal/Content/__ExternalActors__/MyGame/Maps/FirstPersonMap/7/0V/MD3LPSFXR41Q7OWM5ZN35E.uasset" 8231
"/Game/__ExternalActors__/MyGame/Maps/FirstPersonMap/7/1N/WA06PHLJLL69L198PD46YV" 8232
"../../../../../Logiciels/Unreal Projects/Team6_Unreal/Content/__ExternalActors__/MyGame/Maps/FirstPersonMap/7/1N/WA06PHLJLL69L198PD46YV.uasset" 8233
"/Game/__ExternalActors__/MyGame/Maps/FirstPersonMap/7/1U/3M0XPOJXCK5Z79V1U9O6X1" 8234
"../../../../../Logiciels/Unreal Projects/Team6_Unreal/Content/__ExternalActors__/MyGame/Maps/FirstPersonMap/7/1U/3M0XPOJXCK5Z79V1U9O6X1.uasset" 8235
"/Game/__ExternalActors__/MyGame/Maps/FirstPersonMap/7/23/GY97JQSO8DMOCS06VE0LI9" 8236
"../../../../../Logiciels/Unreal Projects/Team6_Unreal/Content/__ExternalActors__/MyGame/Maps/FirstPersonMap/7/23/GY97JQSO8DMOCS06VE0LI9.uasset" 8237
"/Game/__ExternalActors__/MyGame/Maps/FirstPersonMap/7/2D/NLSYB892QG3UE3EXDW9M4W" 8238
"../../../../../Logiciels/Unreal Projects/Team6_Unreal/Content/__ExternalActors__/MyGame/Maps/FirstPersonMap/7/2D/NLSYB892QG3UE3EXDW9M4W.uasset" 8239
"/Game/__ExternalActors__/MyGame/Maps/FirstPersonMap/7/2V/EDVQ6EBKIFY6ZCACGCVMNL" 8240
"../../../../../Logiciels/Unreal Projects/Team6_Unreal/Content/__ExternalActors__/MyGame/Maps/FirstPersonMap/7/2V/EDVQ6EBKIFY6ZCACGCVMNL.uasset" 8241
"/Game/__ExternalActors__/MyGame/Maps/FirstPersonMap/7/35/SVQBEJA6LAV3YK6SY2231U" 8242
"../../../../../Logiciels/Unreal Projects/Team6_Unreal/Content/__ExternalActors__/MyGame/Maps/FirstPersonMap/7/35/SVQBEJA6LAV3YK6SY2231U.uasset" 8243
"/Game/__ExternalActors__/MyGame/Maps/FirstPersonMap/7/3X/9UNGOZ96O2ULPY7C3QV9VR" 8244
"../../../../../Logiciels/Unreal Projects/Team6_Unreal/Content/__ExternalActors__/MyGame/Maps/FirstPersonMap/7/3X/9UNGOZ96O2ULPY7C3QV9VR.uasset" 8245
"/Game/__ExternalActors__/MyGame/Maps/FirstPersonMap/7/4E/9HIXU4K643AZ0U5DXA4V2M" 8246
"../../../../../Logiciels/Unreal Projects/Team6_Unreal/Content/__ExternalActors__/MyGame/Maps/FirstPersonMap/7/4E/9HIXU4K643AZ0U5DXA4V2M.uasset" 8247
"/Game/__ExternalActors__/MyGame/Maps/FirstPersonMap/7/4G/AYPQ1CLU8ZN00M5HC7S9R5" 8248
"../../../../../Logiciels/Unreal Projects/Team6_Unreal/Content/__ExternalActors__/MyGame/Maps/FirstPersonMap/7/4G/AYPQ1CLU8ZN00M5HC7S9R5.uasset" 8249
"/Game/__ExternalActors__/MyGame/Maps/FirstPersonMap/7/4K/81XZ9MVY5F2J8Z6NE41IZ3" 8250
"../../../../../Logiciels/Unreal Projects/Team6_Unreal/Content/__ExternalActors__/MyGame/Maps/FirstPersonMap/7/4K/81XZ9MVY5F2J8Z6NE41IZ3.uasset" 8251
"/Game/__ExternalActors__/MyGame/Maps/FirstPersonMap/7/5L/I4NAJ2JM5PVT26NZCHYIKW" 8252
"../../../../../Logiciels/Unreal Projects/Team6_Unreal/Content/__ExternalActors__/MyGame/Maps/FirstPersonMap/7/5L/I4NAJ2JM5PVT26NZCHYIKW.uasset" 8253
"/Game/__ExternalActors__/MyGame/Maps/FirstPersonMap/7/5N/Y0HBM0IY6K18F5TM7PF7GR" 8254
"../../../../../Logiciels/Unreal Projects/Team6_Unreal/Content/__ExternalActors__/MyGame/Maps/FirstPersonMap/7/5N/Y0HBM0IY6K18F5TM7PF7GR.uasset" 8255
"/Game/__ExternalActors__/MyGame/Maps/FirstPersonMap/7/6D/C7T5TJT9QS6Z9TBJIJ87UA" 8256
"../../../../../Logiciels/Unreal Projects/Team6_Unreal/Content/__ExternalActors__/MyGame/Maps/FirstPersonMap/7/6D/C7T5TJT9QS6Z9TBJIJ87UA.uasset" 8257
"/Game/__ExternalActors__/MyGame/Maps/FirstPersonMap/7/6E/OMC509LY9FOYHNWRAXTN2C" 8258
"../../../../../Logiciels/Unreal Projects/Team6_Unreal/Content/__ExternalActors__/MyGame/Maps/FirstPersonMap/7/6E/OMC509LY9FOYHNWRAXTN2C.uasset" 8259
"/Game/__ExternalActors__/MyGame/Maps/FirstPersonMap/7/73/FAOLPKZR9KDMJ6OCI05ISY" 8260
"../../../../../Logiciels/Unreal Projects/Team6_Unreal/Content/__ExternalActors__/MyGame/Maps/FirstPersonMap/7/73/FAOLPKZR9KDMJ6OCI05ISY.uasset" 8261
"/Game/__ExternalActors__/MyGame/Maps/FirstPersonMap/7/8F/0BH3SHFHEE2BXNXWB2DBK1" 8262
"../../../../../Logiciels/Unreal Projects/Team6_Unreal/Content/__ExternalActors__/MyGame/Maps/FirstPersonMap/7/8F/0BH3SHFHEE2BXNXWB2DBK1.uasset" 8263
"/Game/__ExternalActors__/MyGame/Maps/FirstPersonMap/7/8K/ZPATXV4H2XDKPW0DFIST7O" 8264
"../../../../../Logiciels/Unreal Projects/Team6_Unreal/Content/__ExternalActors__/MyGame/Maps/FirstPersonMap/7/8K/ZPATXV4H2XDKPW0DFIST7O.uasset" 8265
"/Game/__ExternalActors__/MyGame/Maps/FirstPersonMap/7/9H/4BCDPQGG09V9V2E4RYVG1U" 8266
"../../../../../Logiciels/Unreal Projects/Team6_Unreal/Content/__ExternalActors__/MyGame/Maps/FirstPersonMap/7/9H/4BCDPQGG09V9V2E4RYVG1U.uasset" 8267
"/Game/__ExternalActors__/MyGame/Maps/FirstPersonMap/7/9L/GZ34FXNYOY4C2PXBZ7RN1S" 8268
"../../../../../Logiciels/Unreal Projects/Team6_Unreal/Content/__ExternalActors__/MyGame/Maps/FirstPersonMap/7/9L/GZ34FXNYOY4C2PXBZ7RN1S.uasset" 8269
"/Game/__ExternalActors__/MyGame/Maps/FirstPersonMap/7/AB/QJRSSK1AIJ5RVKKZ1W3WZ0" 8270
"../../../../../Logiciels/Unreal Projects/Team6_Unreal/Content/__ExternalActors__/MyGame/Maps/FirstPersonMap/7/AB/QJRSSK1AIJ5RVKKZ1W3WZ0.uasset" 8271
"/Game/__ExternalActors__/MyGame/Maps/FirstPersonMap/7/AV/KX5CWVDVKNJTC2UJOPO0VW" 8272
"../../../../../Logiciels/Unreal Projects/Team6_Unreal/Content/__ExternalActors__/MyGame/Maps/FirstPersonMap/7/AV/KX5CWVDVKNJTC2UJOPO0VW.uasset" 8273
"/Game/__ExternalActors__/MyGame/Maps/FirstPersonMap/7/B0/1V6OC9DGIA6QLQLSYLWPTM" 8274
"../../../../../Logiciels/Unreal Projects/Team6_Unreal/Content/__ExternalActors__/MyGame/Maps/FirstPersonMap/7/B0/1V6OC9DGIA6QLQLSYLWPTM.uasset" 8275
"/Game/__ExternalActors__/MyGame/Maps/FirstPersonMap/7/BF/4C34NHSGU2JX0ZHA5NN1DL" 8276
"../../../../../Logiciels/Unreal Projects/Team6_Unreal/Content/__ExternalActors__/MyGame/Maps/FirstPersonMap/7/BF/4C34NHSGU2JX0ZHA5NN1DL.uasset" 8277
"/Game/__ExternalActors__/MyGame/Maps/FirstPersonMap/7/BP/X3IGHV7LB17UPAX25AFJE2" 8278
"../../../../../Logiciels/Unreal Projects/Team6_Unreal/Content/__ExternalActors__/MyGame/Maps/FirstPersonMap/7/BP/X3IGHV7LB17UPAX25AFJE2.uasset" 8279
"/Game/__ExternalActors__/MyGame/Maps/FirstPersonMap/7/CC/VG1ISDQH4ZTRD0W21SDPXL" 8280
"../../../../../Logiciels/Unreal Projects/Team6_Unreal/Content/__ExternalActors__/MyGame/Maps/FirstPersonMap/7/CC/VG1ISDQH4ZTRD0W21SDPXL.uasset" 8281
"/Game/__ExternalActors__/MyGame/Maps/FirstPersonMap/7/CG/INM79V13ZC7H7PSNUO2FLM" 8282
"../../../../../Logiciels/Unreal Projects/Team6_Unreal/Content/__ExternalActors__/MyGame/Maps/FirstPersonMap/7/CG/INM79V13ZC7H7PSNUO2FLM.uasset" 8283
"/Game/__ExternalActors__/MyGame/Maps/FirstPersonMap/7/E4/1P7EMOF236KOKA0LR85X11" 8284
"../../../../../Logiciels/Unreal Projects/Team6_Unreal/Content/__ExternalActors__/MyGame/Maps/FirstPersonMap/7/E4/1P7EMOF236KOKA0LR85X11.uasset" 8285
"/Game/__ExternalActors__/MyGame/Maps/FirstPersonMap/7/EI/F812ZLB0FCB5RBRTFVGK9V" 8286
"../../../../../Logiciels/Unreal Projects/Team6_Unreal/Content/__ExternalActors__/MyGame/Maps/FirstPersonMap/7/EI/F812ZLB0FCB5RBRTFVGK9V.uasset" 8287
"/Game/__ExternalActors__/MyGame/Maps/FirstPersonMap/7/G7/LIZKQTC84VO3IY48OSIM67" 8288
"../../../../../Logiciels/Unreal Projects/Team6_Unreal/Content/__ExternalActors__/MyGame/Maps/FirstPersonMap/7/G7/LIZKQTC84VO3IY48OSIM67.uasset" 8289
"/Game/__ExternalActors__/MyGame/Maps/FirstPersonMap/7/KK/HW77HHALDXWONNPP62HXGN" 8290
"../../../../../Logiciels/Unreal Projects/Team6_Unreal/Content/__ExternalActors__/MyGame/Maps/FirstPersonMap/7/KK/HW77HHALDXWONNPP62HXGN.uasset" 8291
"/Game/__ExternalActors__/MyGame/Maps/FirstPersonMap/7/L6/SFEPYV01CA84LHL8AO9UTQ" 8292
"../../../../../Logiciels/Unreal Projects/Team6_Unreal/Content/__ExternalActors__/MyGame/Maps/FirstPersonMap/7/L6/SFEPYV01CA84LHL8AO9UTQ.uasset" 8293
"/Game/__ExternalActors__/MyGame/Maps/FirstPersonMap/7/M1/J8H5N9W1A48KJBTV3LF9U5" 8294
"../../../../../Logiciels/Unreal Projects/Team6_Unreal/Content/__ExternalActors__/MyGame/Maps/FirstPersonMap/7/M1/J8H5N9W1A48KJBTV3LF9U5.uasset" 8295
"/Game/__ExternalActors__/MyGame/Maps/FirstPersonMap/7/MQ/XAMKLXJGNFJD4STWAZZ29U" 8296
"../../../../../Logiciels/Unreal Projects/Team6_Unreal/Content/__ExternalActors__/MyGame/Maps/FirstPersonMap/7/MQ/XAMKLXJGNFJD4STWAZZ29U.uasset" 8297
"/Game/__ExternalActors__/MyGame/Maps/FirstPersonMap/7/PJ/L3S0XN32BJFFG6MOAISM92" 8298
"../../../../../Logiciels/Unreal Projects/Team6_Unreal/Content/__ExternalActors__/MyGame/Maps/FirstPersonMap/7/PJ/L3S0XN32BJFFG6MOAISM92.uasset" 8299
"/Game/__ExternalActors__/MyGame/Maps/FirstPersonMap/7/PQ/94FGG0DCB7TKBECREO033C" 8300
"../../../../../Logiciels/Unreal Projects/Team6_Unreal/Content/__ExternalActors__/MyGame/Maps/FirstPersonMap/7/PQ/94FGG0DCB7TKBECREO033C.uasset" 8301
"/Game/__ExternalActors__/MyGame/Maps/FirstPersonMap/7/QJ/TVO0QQAFAG8JPSE502SG9V" 8302
"../../../../../Logiciels/Unreal Projects/Team6_Unreal/Content/__ExternalActors__/MyGame/Maps/FirstPersonMap/7/QJ/TVO0QQAFAG8JPSE502SG9V.uasset" 8303
"/Game/__ExternalActors__/MyGame/Maps/FirstPersonMap/7/QQ/0QN4D0TLT9WVNBNLF8098L" 8304
"../../../../../Logiciels/Unreal Projects/Team6_Unreal/Content/__ExternalActors__/MyGame/Maps/FirstPersonMap/7/QQ/0QN4D0TLT9WVNBNLF8098L.uasset" 8305
"/Game/__ExternalActors__/MyGame/Maps/FirstPersonMap/7/QT/BDGLCZBBS24WICUQTZ6C3G" 8306
"../../../../../Logiciels/Unreal Projects/Team6_Unreal/Content/__ExternalActors__/MyGame/Maps/FirstPersonMap/7/QT/BDGLCZBBS24WICUQTZ6C3G.uasset" 8307
"/Game/__ExternalActors__/MyGame/Maps/FirstPersonMap/7/RB/IN3OKZH6915817QK6J1S5V" 8308
"../../../../../Logiciels/Unreal Projects/Team6_Unreal/Content/__ExternalActors__/MyGame/Maps/FirstPersonMap/7/RB/IN3OKZH6915817QK6J1S5V.uasset" 8309
"/Game/__ExternalActors__/MyGame/Maps/FirstPersonMap/7/RE/IWZJAZQ5JTDLUUGRF930EM" 8310
"../../../../../Logiciels/Unreal Projects/Team6_Unreal/Content/__ExternalActors__/MyGame/Maps/FirstPersonMap/7/RE/IWZJAZQ5JTDLUUGRF930EM.uasset" 8311
"/Game/__ExternalActors__/MyGame/Maps/FirstPersonMap/7/RQ/783U12SSB3XBBBKZT8M6P4" 8312
"../../../../../Logiciels/Unreal Projects/Team6_Unreal/Content/__ExternalActors__/MyGame/Maps/FirstPersonMap/7/RQ/783U12SSB3XBBBKZT8M6P4.uasset" 8313
"/Game/__ExternalActors__/MyGame/Maps/FirstPersonMap/7/RT/M6TEDQHG5TAPR8TXQAYHIL" 8314
"../../../../../Logiciels/Unreal Projects/Team6_Unreal/Content/__ExternalActors__/MyGame/Maps/FirstPersonMap/7/RT/M6TEDQHG5TAPR8TXQAYHIL.uasset" 8315
"/Game/__ExternalActors__/MyGame/Maps/FirstPersonMap/7/T4/6A0YZN667DA6LF6D3MLOBZ" 8316
"../../../../../Logiciels/Unreal Projects/Team6_Unreal/Content/__ExternalActors__/MyGame/Maps/FirstPersonMap/7/T4/6A0YZN667DA6LF6D3MLOBZ.uasset" 8317
"/Game/__ExternalActors__/MyGame/Maps/FirstPersonMap/7/T4/GOVXCNO05V2NJBITLZKA1Z" 8318
"../../../../../Logiciels/Unreal Projects/Team6_Unreal/Content/__ExternalActors__/MyGame/Maps/FirstPersonMap/7/T4/GOVXCNO05V2NJBITLZKA1Z.uasset" 8319
"/Game/__ExternalActors__/MyGame/Maps/FirstPersonMap/7/T8/LQYAG5W03IO901G7BB4V4J" 8320
"../../../../../Logiciels/Unreal Projects/Team6_Unreal/Content/__ExternalActors__/MyGame/Maps/FirstPersonMap/7/T8/LQYAG5W03IO901G7BB4V4J.uasset" 8321
"/Game/__ExternalActors__/MyGame/Maps/FirstPersonMap/7/TN/MFVLQYFHT1QBO6A1QCIJKG" 8322
"../../../../../Logiciels/Unreal Projects/Team6_Unreal/Content/__ExternalActors__/MyGame/Maps/FirstPersonMap/7/TN/MFVLQYFHT1QBO6A1QCIJKG.uasset" 8323
"/Game/__ExternalActors__/MyGame/Maps/FirstPersonMap/7/U8/UD3A3KAF149QZEV8QAJ2DU" 8324
"../../../../../Logiciels/Unreal Projects/Team6_Unreal/Content/__ExternalActors__/MyGame/Maps/FirstPersonMap/7/U8/UD3A3KAF149QZEV8QAJ2DU.uasset" 8325
"/Game/__ExternalActors__/MyGame/Maps/FirstPersonMap/7/UI/6I4SMGU6M1DRUGC6KCQEUO" 8326
"../../../../../Logiciels/Unreal Projects/Team6_Unreal/Content/__ExternalActors__/MyGame/Maps/FirstPersonMap/7/UI/6I4SMGU6M1DRUGC6KCQEUO.uasset" 8327
"/Game/__ExternalActors__/MyGame/Maps/FirstPersonMap/7/VJ/MNV8PRE7X3ZAKXAK5UF64E" 8328
"../../../../../Logiciels/Unreal Projects/Team6_Unreal/Content/__ExternalActors__/MyGame/Maps/FirstPersonMap/7/VJ/MNV8PRE7X3ZAKXAK5UF64E.uasset" 8329
"/Game/__ExternalActors__/MyGame/Maps/FirstPersonMap/7/WZ/XFT8IY9V67FV15ACYKEFLF" 8330
"../../../../../Logiciels/Unreal Projects/Team6_Unreal/Content/__ExternalActors__/MyGame/Maps/FirstPersonMap/7/WZ/XFT8IY9V67FV15ACYKEFLF.uasset" 8331
"/Game/__ExternalActors__/MyGame/Maps/FirstPersonMap/7/X4/18RTRN56HNNRG41UJ4SYP5" 8332
"../../../../../Logiciels/Unreal Projects/Team6_Unreal/Content/__ExternalActors__/MyGame/Maps/FirstPersonMap/7/X4/18RTRN56HNNRG41UJ4SYP5.uasset" 8333
"/Game/__ExternalActors__/MyGame/Maps/FirstPersonMap/7/X7/YPVRYSRQ77KD680DT5VG58" 8334
"../../../../../Logiciels/Unreal Projects/Team6_Unreal/Content/__ExternalActors__/MyGame/Maps/FirstPersonMap/7/X7/YPVRYSRQ77KD680DT5VG58.uasset" 8335
"/Game/__ExternalActors__/MyGame/Maps/FirstPersonMap/7/XC/YCES20SIX3YB3R69THZU9V" 8336
"../../../../../Logiciels/Unreal Projects/Team6_Unreal/Content/__ExternalActors__/MyGame/Maps/FirstPersonMap/7/XC/YCES20SIX3YB3R69THZU9V.uasset" 8337
"/Game/__ExternalActors__/MyGame/Maps/FirstPersonMap/7/ZA/9988WSZ1ZIF6TCFGO2I3WQ" 8338
"../../../../../Logiciels/Unreal Projects/Team6_Unreal/Content/__ExternalActors__/MyGame/Maps/FirstPersonMap/7/ZA/9988WSZ1ZIF6TCFGO2I3WQ.uasset" 8339
"/Game/__ExternalActors__/MyGame/Maps/FirstPersonMap/7/ZF/GX6E98ZFN3YST7TYU1DQ4B" 8340
"../../../../../Logiciels/Unreal Projects/Team6_Unreal/Content/__ExternalActors__/MyGame/Maps/FirstPersonMap/7/ZF/GX6E98ZFN3YST7TYU1DQ4B.uasset" 8341
"/Game/__ExternalActors__/MyGame/Maps/FirstPersonMap/7/ZG/5V132UYI8SW324NCCBA6NR" 8342
"../../../../../Logiciels/Unreal Projects/Team6_Unreal/Content/__ExternalActors__/MyGame/Maps/FirstPersonMap/7/ZG/5V132UYI8SW324NCCBA6NR.uasset" 8343
"/Game/__ExternalActors__/MyGame/Maps/FirstPersonMap/8/07/07DAIEK9WV8PVO54C9IFX8" 8344
"../../../../../Logiciels/Unreal Projects/Team6_Unreal/Content/__ExternalActors__/MyGame/Maps/FirstPersonMap/8/07/07DAIEK9WV8PVO54C9IFX8.uasset" 8345
"/Game/__ExternalActors__/MyGame/Maps/FirstPersonMap/8/10/9TYJYQLQ8YSB97OUN6TMMH" 8346
"../../../../../Logiciels/Unreal Projects/Team6_Unreal/Content/__ExternalActors__/MyGame/Maps/FirstPersonMap/8/10/9TYJYQLQ8YSB97OUN6TMMH.uasset" 8347
"/Game/__ExternalActors__/MyGame/Maps/FirstPersonMap/8/1V/ZB1L8VEN6HD1B5N3JNBUTF" 8348
"../../../../../Logiciels/Unreal Projects/Team6_Unreal/Content/__ExternalActors__/MyGame/Maps/FirstPersonMap/8/1V/ZB1L8VEN6HD1B5N3JNBUTF.uasset" 8349
"/Game/__ExternalActors__/MyGame/Maps/FirstPersonMap/8/2G/X37X7S096VE5PILZCONWR5" 8350
"../../../../../Logiciels/Unreal Projects/Team6_Unreal/Content/__ExternalActors__/MyGame/Maps/FirstPersonMap/8/2G/X37X7S096VE5PILZCONWR5.uasset" 8351
"/Game/__ExternalActors__/MyGame/Maps/FirstPersonMap/8/2W/JKZQ055WXHOKCEH0PA7WTM" 8352
"../../../../../Logiciels/Unreal Projects/Team6_Unreal/Content/__ExternalActors__/MyGame/Maps/FirstPersonMap/8/2W/JKZQ055WXHOKCEH0PA7WTM.uasset" 8353
"/Game/__ExternalActors__/MyGame/Maps/FirstPersonMap/8/3C/LXWJXBPIT4YUYMBT7VROCQ" 8354
"../../../../../Logiciels/Unreal Projects/Team6_Unreal/Content/__ExternalActors__/MyGame/Maps/FirstPersonMap/8/3C/LXWJXBPIT4YUYMBT7VROCQ.uasset" 8355
"/Game/__ExternalActors__/MyGame/Maps/FirstPersonMap/8/3K/F0HPXLQBFPQ9TCALXDHKQR" 8356
"../../../../../Logiciels/Unreal Projects/Team6_Unreal/Content/__ExternalActors__/MyGame/Maps/FirstPersonMap/8/3K/F0HPXLQBFPQ9TCALXDHKQR.uasset" 8357
"/Game/__ExternalActors__/MyGame/Maps/FirstPersonMap/8/4R/SB23NF01IAFLY6H52FRQPL" 8358
"../../../../../Logiciels/Unreal Projects/Team6_Unreal/Content/__ExternalActors__/MyGame/Maps/FirstPersonMap/8/4R/SB23NF01IAFLY6H52FRQPL.uasset" 8359
"/Game/__ExternalActors__/MyGame/Maps/FirstPersonMap/8/5D/9G32EH07NF6V1LFAPW42CO" 8360
"../../../../../Logiciels/Unreal Projects/Team6_Unreal/Content/__ExternalActors__/MyGame/Maps/FirstPersonMap/8/5D/9G32EH07NF6V1LFAPW42CO.uasset" 8361
"/Game/__ExternalActors__/MyGame/Maps/FirstPersonMap/8/5V/HKCA3XK354G9BLDLCKA7AJ" 8362
"../../../../../Logiciels/Unreal Projects/Team6_Unreal/Content/__ExternalActors__/MyGame/Maps/FirstPersonMap/8/5V/HKCA3XK354G9BLDLCKA7AJ.uasset" 8363
"/Game/__ExternalActors__/MyGame/Maps/FirstPersonMap/8/65/JWHQDW1TBFIYZ9JF63719U" 8364
"../../../../../Logiciels/Unreal Projects/Team6_Unreal/Content/__ExternalActors__/MyGame/Maps/FirstPersonMap/8/65/JWHQDW1TBFIYZ9JF63719U.uasset" 8365
"/Game/__ExternalActors__/MyGame/Maps/FirstPersonMap/8/6A/0A1DEG57Z5OU0B9SPMTPNS" 8366
"../../../../../Logiciels/Unreal Projects/Team6_Unreal/Content/__ExternalActors__/MyGame/Maps/FirstPersonMap/8/6A/0A1DEG57Z5OU0B9SPMTPNS.uasset" 8367
"/Game/__ExternalActors__/MyGame/Maps/FirstPersonMap/8/7K/HRE45UE80NHSI9OSUMMZNQ" 8368
"../../../../../Logiciels/Unreal Projects/Team6_Unreal/Content/__ExternalActors__/MyGame/Maps/FirstPersonMap/8/7K/HRE45UE80NHSI9OSUMMZNQ.uasset" 8369
"/Game/__ExternalActors__/MyGame/Maps/FirstPersonMap/8/87/YMHXLVJCBQUNT5RQLM1FUJ" 8370
"../../../../../Logiciels/Unreal Projects/Team6_Unreal/Content/__ExternalActors__/MyGame/Maps/FirstPersonMap/8/87/YMHXLVJCBQUNT5RQLM1FUJ.uasset" 8371
"/Game/__ExternalActors__/MyGame/Maps/FirstPersonMap/8/8B/4STN22DU93FBLG40987KFT" 8372
"../../../../../Logiciels/Unreal Projects/Team6_Unreal/Content/__ExternalActors__/MyGame/Maps/FirstPersonMap/8/8B/4STN22DU93FBLG40987KFT.uasset" 8373
"/Game/__ExternalActors__/MyGame/Maps/FirstPersonMap/8/8D/FZT09N4VWWHD0L39G9VH4G" 8374
"../../../../../Logiciels/Unreal Projects/Team6_Unreal/Content/__ExternalActors__/MyGame/Maps/FirstPersonMap/8/8D/FZT09N4VWWHD0L39G9VH4G.uasset" 8375
"/Game/__ExternalActors__/MyGame/Maps/FirstPersonMap/8/8Q/3L014DWYO6IMCFXQBNT5XA" 8376
"../../../../../Logiciels/Unreal Projects/Team6_Unreal/Content/__ExternalActors__/MyGame/Maps/FirstPersonMap/8/8Q/3L014DWYO6IMCFXQBNT5XA.uasset" 8377
"/Game/__ExternalActors__/MyGame/Maps/FirstPersonMap/8/99/JUUB7F1F32PIUTXB1PD716" 8378
"../../../../../Logiciels/Unreal Projects/Team6_Unreal/Content/__ExternalActors__/MyGame/Maps/FirstPersonMap/8/99/JUUB7F1F32PIUTXB1PD716.uasset" 8379
"/Game/__ExternalActors__/MyGame/Maps/FirstPersonMap/8/9N/PD5BW7YB9P7EZC2DKEWCZ9" 8380
"../../../../../Logiciels/Unreal Projects/Team6_Unreal/Content/__ExternalActors__/MyGame/Maps/FirstPersonMap/8/9N/PD5BW7YB9P7EZC2DKEWCZ9.uasset" 8381
"/Game/__ExternalActors__/MyGame/Maps/FirstPersonMap/8/AE/O59N11GPX5E8MCOC60J3S4" 8382
"../../../../../Logiciels/Unreal Projects/Team6_Unreal/Content/__ExternalActors__/MyGame/Maps/FirstPersonMap/8/AE/O59N11GPX5E8MCOC60J3S4.uasset" 8383
"/Game/__ExternalActors__/MyGame/Maps/FirstPersonMap/8/AQ/NCH9DRVKFG2GD9HRY8AJMO" 8384
"../../../../../Logiciels/Unreal Projects/Team6_Unreal/Content/__ExternalActors__/MyGame/Maps/FirstPersonMap/8/AQ/NCH9DRVKFG2GD9HRY8AJMO.uasset" 8385
"/Game/__ExternalActors__/MyGame/Maps/FirstPersonMap/8/B5/CJRPB8UP9STB2J828522Z7" 8386
"../../../../../Logiciels/Unreal Projects/Team6_Unreal/Content/__ExternalActors__/MyGame/Maps/FirstPersonMap/8/B5/CJRPB8UP9STB2J828522Z7.uasset" 8387
"/Game/__ExternalActors__/MyGame/Maps/FirstPersonMap/8/BC/EAMAIM8ASS9Q4R53NC644E" 8388
"../../../../../Logiciels/Unreal Projects/Team6_Unreal/Content/__ExternalActors__/MyGame/Maps/FirstPersonMap/8/BC/EAMAIM8ASS9Q4R53NC644E.uasset" 8389
"/Game/__ExternalActors__/MyGame/Maps/FirstPersonMap/8/BG/TSOKIT500O0R29S3VLJO3L" 8390
"../../../../../Logiciels/Unreal Projects/Team6_Unreal/Content/__ExternalActors__/MyGame/Maps/FirstPersonMap/8/BG/TSOKIT500O0R29S3VLJO3L.uasset" 8391
"/Game/__ExternalActors__/MyGame/Maps/FirstPersonMap/8/CC/VR3DIQVR84781HZF9166PH" 8392
"../../../../../Logiciels/Unreal Projects/Team6_Unreal/Content/__ExternalActors__/MyGame/Maps/FirstPersonMap/8/CC/VR3DIQVR84781HZF9166PH.uasset" 8393
"/Game/__ExternalActors__/MyGame/Maps/FirstPersonMap/8/DE/9Y51UPSW0H6IZ4O1DZCBE8" 8394
"../../../../../Logiciels/Unreal Projects/Team6_Unreal/Content/__ExternalActors__/MyGame/Maps/FirstPersonMap/8/DE/9Y51UPSW0H6IZ4O1DZCBE8.uasset" 8395
"/Game/__ExternalActors__/MyGame/Maps/FirstPersonMap/8/DG/GRZJ1LIVD07DDISP4HU3XD" 8396
"../../../../../Logiciels/Unreal Projects/Team6_Unreal/Content/__ExternalActors__/MyGame/Maps/FirstPersonMap/8/DG/GRZJ1LIVD07DDISP4HU3XD.uasset" 8397
"/Game/__ExternalActors__/MyGame/Maps/FirstPersonMap/8/DN/ZWNPGHKT4G9FXL30ZO4UFA" 8398
"../../../../../Logiciels/Unreal Projects/Team6_Unreal/Content/__ExternalActors__/MyGame/Maps/FirstPersonMap/8/DN/ZWNPGHKT4G9FXL30ZO4UFA.uasset" 8399
"/Game/__ExternalActors__/MyGame/Maps/FirstPersonMap/8/DQ/3PMQZOQOWLH5UIZMN29T5U" 8400
"../../../../../Logiciels/Unreal Projects/Team6_Unreal/Content/__ExternalActors__/MyGame/Maps/FirstPersonMap/8/DQ/3PMQZOQOWLH5UIZMN29T5U.uasset" 8401
"/Game/__ExternalActors__/MyGame/Maps/FirstPersonMap/8/E2/XZWM3YNP6ABLMKG4B0BQ9Q" 8402
"../../../../../Logiciels/Unreal Projects/Team6_Unreal/Content/__ExternalActors__/MyGame/Maps/FirstPersonMap/8/E2/XZWM3YNP6ABLMKG4B0BQ9Q.uasset" 8403
"/Game/__ExternalActors__/MyGame/Maps/FirstPersonMap/8/E5/8AON5X07A8OYNJHY30IV0E" 8404
"../../../../../Logiciels/Unreal Projects/Team6_Unreal/Content/__ExternalActors__/MyGame/Maps/FirstPersonMap/8/E5/8AON5X07A8OYNJHY30IV0E.uasset" 8405
"/Game/__ExternalActors__/MyGame/Maps/FirstPersonMap/8/EU/DRU6046Z7JSKGH7WVGX2AB" 8406
"../../../../../Logiciels/Unreal Projects/Team6_Unreal/Content/__ExternalActors__/MyGame/Maps/FirstPersonMap/8/EU/DRU6046Z7JSKGH7WVGX2AB.uasset" 8407
"/Game/__ExternalActors__/MyGame/Maps/FirstPersonMap/8/EY/JTQOJ01AQNJWTDV1CQBT33" 8408
"../../../../../Logiciels/Unreal Projects/Team6_Unreal/Content/__ExternalActors__/MyGame/Maps/FirstPersonMap/8/EY/JTQOJ01AQNJWTDV1CQBT33.uasset" 8409
"/Game/__ExternalActors__/MyGame/Maps/FirstPersonMap/8/F9/GVLLY7GU7NREPE4M1159Z2" 8410
"../../../../../Logiciels/Unreal Projects/Team6_Unreal/Content/__ExternalActors__/MyGame/Maps/FirstPersonMap/8/F9/GVLLY7GU7NREPE4M1159Z2.uasset" 8411
"/Game/__ExternalActors__/MyGame/Maps/FirstPersonMap/8/F9/S52QBA2E1UQ710YME4CR7V" 8412
"../../../../../Logiciels/Unreal Projects/Team6_Unreal/Content/__ExternalActors__/MyGame/Maps/FirstPersonMap/8/F9/S52QBA2E1UQ710YME4CR7V.uasset" 8413
"/Game/__ExternalActors__/MyGame/Maps/FirstPersonMap/8/GD/WRBDHUIBUX722CSEMYE1XM" 8414
"../../../../../Logiciels/Unreal Projects/Team6_Unreal/Content/__ExternalActors__/MyGame/Maps/FirstPersonMap/8/GD/WRBDHUIBUX722CSEMYE1XM.uasset" 8415
"/Game/__ExternalActors__/MyGame/Maps/FirstPersonMap/8/GH/GX02FDMYSS3LVO8UD5HZI1" 8416
"../../../../../Logiciels/Unreal Projects/Team6_Unreal/Content/__ExternalActors__/MyGame/Maps/FirstPersonMap/8/GH/GX02FDMYSS3LVO8UD5HZI1.uasset" 8417
"/Game/__ExternalActors__/MyGame/Maps/FirstPersonMap/8/HG/02QUQFE75TCI3DN4HYQZW8" 8418
"../../../../../Logiciels/Unreal Projects/Team6_Unreal/Content/__ExternalActors__/MyGame/Maps/FirstPersonMap/8/HG/02QUQFE75TCI3DN4HYQZW8.uasset" 8419
"/Game/__ExternalActors__/MyGame/Maps/FirstPersonMap/8/HH/NDOVWDFO3NKSDR9JR4IRAO" 8420
"../../../../../Logiciels/Unreal Projects/Team6_Unreal/Content/__ExternalActors__/MyGame/Maps/FirstPersonMap/8/HH/NDOVWDFO3NKSDR9JR4IRAO.uasset" 8421
"/Game/__ExternalActors__/MyGame/Maps/FirstPersonMap/8/HX/538GMHAFVZTD72IHVZPA7U" 8422
"../../../../../Logiciels/Unreal Projects/Team6_Unreal/Content/__ExternalActors__/MyGame/Maps/FirstPersonMap/8/HX/538GMHAFVZTD72IHVZPA7U.uasset" 8423
"/Game/__ExternalActors__/MyGame/Maps/FirstPersonMap/8/I8/CGGEVZ2TT5422MANEF2DS6" 8424
"../../../../../Logiciels/Unreal Projects/Team6_Unreal/Content/__ExternalActors__/MyGame/Maps/FirstPersonMap/8/I8/CGGEVZ2TT5422MANEF2DS6.uasset" 8425
"/Game/__ExternalActors__/MyGame/Maps/FirstPersonMap/8/J0/3XS5PA7H453V9KPP5792H2" 8426
"../../../../../Logiciels/Unreal Projects/Team6_Unreal/Content/__ExternalActors__/MyGame/Maps/FirstPersonMap/8/J0/3XS5PA7H453V9KPP5792H2.uasset" 8427
"/Game/__ExternalActors__/MyGame/Maps/FirstPersonMap/8/JN/FIDGL5YGR5OJG172FMFLFH" 8428
"../../../../../Logiciels/Unreal Projects/Team6_Unreal/Content/__ExternalActors__/MyGame/Maps/FirstPersonMap/8/JN/FIDGL5YGR5OJG172FMFLFH.uasset" 8429
"/Game/__ExternalActors__/MyGame/Maps/FirstPersonMap/8/L8/7B1PKHHI3IR6L6RV710SGV" 8430
"../../../../../Logiciels/Unreal Projects/Team6_Unreal/Content/__ExternalActors__/MyGame/Maps/FirstPersonMap/8/L8/7B1PKHHI3IR6L6RV710SGV.uasset" 8431
"/Game/__ExternalActors__/MyGame/Maps/FirstPersonMap/8/LR/HBA7ITF32Z3B8BT11N5JR0" 8432
"../../../../../Logiciels/Unreal Projects/Team6_Unreal/Content/__ExternalActors__/MyGame/Maps/FirstPersonMap/8/LR/HBA7ITF32Z3B8BT11N5JR0.uasset" 8433
"/Game/__ExternalActors__/MyGame/Maps/FirstPersonMap/8/MD/1XUBBDI56EPHZIFF76VZZR" 8434
"../../../../../Logiciels/Unreal Projects/Team6_Unreal/Content/__ExternalActors__/MyGame/Maps/FirstPersonMap/8/MD/1XUBBDI56EPHZIFF76VZZR.uasset" 8435
"/Game/__ExternalActors__/MyGame/Maps/FirstPersonMap/8/MZ/P0Z46PHPUQN6LLX5J8X0UJ" 8436
"../../../../../Logiciels/Unreal Projects/Team6_Unreal/Content/__ExternalActors__/MyGame/Maps/FirstPersonMap/8/MZ/P0Z46PHPUQN6LLX5J8X0UJ.uasset" 8437
"/Game/__ExternalActors__/MyGame/Maps/FirstPersonMap/8/PR/M9DLWV6U7WYHFZRNKPJELG" 8438
"../../../../../Logiciels/Unreal Projects/Team6_Unreal/Content/__ExternalActors__/MyGame/Maps/FirstPersonMap/8/PR/M9DLWV6U7WYHFZRNKPJELG.uasset" 8439
"/Game/__ExternalActors__/MyGame/Maps/FirstPersonMap/8/Q7/I9HZBU87H7U95EYVYRP6DF" 8440
"../../../../../Logiciels/Unreal Projects/Team6_Unreal/Content/__ExternalActors__/MyGame/Maps/FirstPersonMap/8/Q7/I9HZBU87H7U95EYVYRP6DF.uasset" 8441
"/Game/__ExternalActors__/MyGame/Maps/FirstPersonMap/8/SK/6T2UIJ0BKKQUJ4TUHEJV44" 8442
"../../../../../Logiciels/Unreal Projects/Team6_Unreal/Content/__ExternalActors__/MyGame/Maps/FirstPersonMap/8/SK/6T2UIJ0BKKQUJ4TUHEJV44.uasset" 8443
"/Game/__ExternalActors__/MyGame/Maps/FirstPersonMap/8/SS/7P3XL0NQ8K3E6LIMFHV0V7" 8444
"../../../../../Logiciels/Unreal Projects/Team6_Unreal/Content/__ExternalActors__/MyGame/Maps/FirstPersonMap/8/SS/7P3XL0NQ8K3E6LIMFHV0V7.uasset" 8445
"/Game/__ExternalActors__/MyGame/Maps/FirstPersonMap/8/ST/5H9CVG60GDWGK90VTWVYLQ" 8446
"../../../../../Logiciels/Unreal Projects/Team6_Unreal/Content/__ExternalActors__/MyGame/Maps/FirstPersonMap/8/ST/5H9CVG60GDWGK90VTWVYLQ.uasset" 8447
"/Game/__ExternalActors__/MyGame/Maps/FirstPersonMap/8/TB/KQGMP8X13K665X94QV8VWQ" 8448
"../../../../../Logiciels/Unreal Projects/Team6_Unreal/Content/__ExternalActors__/MyGame/Maps/FirstPersonMap/8/TB/KQGMP8X13K665X94QV8VWQ.uasset" 8449
"/Game/__ExternalActors__/MyGame/Maps/FirstPersonMap/8/TB/X9FIPRG2FJ9VLLM6Q1MFF6" 8450
"../../../../../Logiciels/Unreal Projects/Team6_Unreal/Content/__ExternalActors__/MyGame/Maps/FirstPersonMap/8/TB/X9FIPRG2FJ9VLLM6Q1MFF6.uasset" 8451
"/Game/__ExternalActors__/MyGame/Maps/FirstPersonMap/8/UE/S5EPJX18Q6US7QKQWSHB0R" 8452
"../../../../../Logiciels/Unreal Projects/Team6_Unreal/Content/__ExternalActors__/MyGame/Maps/FirstPersonMap/8/UE/S5EPJX18Q6US7QKQWSHB0R.uasset" 8453
"../../../../../Logiciels/Unreal Projects/Team6_Unreal/Content/MyGame/Asset/Props_Test/Props_Mod?/Fenetre_Spawn.uasset" 8454
"../../../../../Logiciels/Unreal Projects/Team6_Unreal/Content/MyGame/Asset/Props_Test/MA_Props/MA_White/MA_Fenetre_Spawn.uasset" 8455
"../../../../../Logiciels/Unreal Projects/Team6_Unreal/Content/MyGame/Asset/Props_Test/Texture/Texture_W/Fenetre-Spawn_bcolor.uasset" 8456
"/Game/__ExternalActors__/MyGame/Maps/FirstPersonMap/8/UK/JN5Y2A6GXLVY7WBW3MA64G" 8457
"../../../../../Logiciels/Unreal Projects/Team6_Unreal/Content/__ExternalActors__/MyGame/Maps/FirstPersonMap/8/UK/JN5Y2A6GXLVY7WBW3MA64G.uasset" 8458
"/Game/__ExternalActors__/MyGame/Maps/FirstPersonMap/8/V5/04PUU91P1678U9W2ACII11" 8459
"../../../../../Logiciels/Unreal Projects/Team6_Unreal/Content/__ExternalActors__/MyGame/Maps/FirstPersonMap/8/V5/04PUU91P1678U9W2ACII11.uasset" 8460
"/Game/__ExternalActors__/MyGame/Maps/FirstPersonMap/8/WD/DQLJEVU15SLI6ZCQ7OHN7F" 8461
"../../../../../Logiciels/Unreal Projects/Team6_Unreal/Content/__ExternalActors__/MyGame/Maps/FirstPersonMap/8/WD/DQLJEVU15SLI6ZCQ7OHN7F.uasset" 8462
"/Game/__ExternalActors__/MyGame/Maps/FirstPersonMap/8/X2/AO6YMOMF2XHXD33R9QFJZ9" 8463
"../../../../../Logiciels/Unreal Projects/Team6_Unreal/Content/__ExternalActors__/MyGame/Maps/FirstPersonMap/8/X2/AO6YMOMF2XHXD33R9QFJZ9.uasset" 8464
"/Game/__ExternalActors__/MyGame/Maps/FirstPersonMap/8/XU/W2Y69MU4QVGVF8N8K7JVAJ" 8465
"../../../../../Logiciels/Unreal Projects/Team6_Unreal/Content/__ExternalActors__/MyGame/Maps/FirstPersonMap/8/XU/W2Y69MU4QVGVF8N8K7JVAJ.uasset" 8466
"../../../../../Logiciels/Unreal Projects/Team6_Unreal/Content/MyGame/Asset/Props_Test/Props_Mod?/Mur_Spawn.uasset" 8467
"../../../../../Logiciels/Unreal Projects/Team6_Unreal/Content/MyGame/Asset/Props_Test/MA_Props/MA_White/MA_Mur_Spawn.uasset" 8468
"../../../../../Logiciels/Unreal Projects/Team6_Unreal/Content/MyGame/Asset/Props_Test/Texture/Texture_W/Mur-spawn_bcolor.uasset" 8469
"/Game/__ExternalActors__/MyGame/Maps/FirstPersonMap/8/XV/5VY2R22AXULPZPFYFKISHN" 8470
"../../../../../Logiciels/Unreal Projects/Team6_Unreal/Content/__ExternalActors__/MyGame/Maps/FirstPersonMap/8/XV/5VY2R22AXULPZPFYFKISHN.uasset" 8471
"/Game/__ExternalActors__/MyGame/Maps/FirstPersonMap/8/XV/NPF1FJ834HUWFXHOFFNBUF" 8472
"../../../../../Logiciels/Unreal Projects/Team6_Unreal/Content/__ExternalActors__/MyGame/Maps/FirstPersonMap/8/XV/NPF1FJ834HUWFXHOFFNBUF.uasset" 8473
"/Game/__ExternalActors__/MyGame/Maps/FirstPersonMap/8/Y0/E1U7UKSLVG8055MP2LLVWL" 8474
"../../../../../Logiciels/Unreal Projects/Team6_Unreal/Content/__ExternalActors__/MyGame/Maps/FirstPersonMap/8/Y0/E1U7UKSLVG8055MP2LLVWL.uasset" 8475
"/Game/__ExternalActors__/MyGame/Maps/FirstPersonMap/8/Y1/54VN1LEWCAK6UOJU5ZXU71" 8476
"../../../../../Logiciels/Unreal Projects/Team6_Unreal/Content/__ExternalActors__/MyGame/Maps/FirstPersonMap/8/Y1/54VN1LEWCAK6UOJU5ZXU71.uasset" 8477
"/Game/__ExternalActors__/MyGame/Maps/FirstPersonMap/8/Y4/7RFIEMG4Q6F9BJNTCUEMM5" 8478
"../../../../../Logiciels/Unreal Projects/Team6_Unreal/Content/__ExternalActors__/MyGame/Maps/FirstPersonMap/8/Y4/7RFIEMG4Q6F9BJNTCUEMM5.uasset" 8479
"/Game/__ExternalActors__/MyGame/Maps/FirstPersonMap/8/Y4/YSHHC4M9II1AENOZ0D5O0U" 8480
"../../../../../Logiciels/Unreal Projects/Team6_Unreal/Content/__ExternalActors__/MyGame/Maps/FirstPersonMap/8/Y4/YSHHC4M9II1AENOZ0D5O0U.uasset" 8481
"/Game/__ExternalActors__/MyGame/Maps/FirstPersonMap/8/YE/2KA4UUIQW7A1O7VU0RF2X6" 8482
"../../../../../Logiciels/Unreal Projects/Team6_Unreal/Content/__ExternalActors__/MyGame/Maps/FirstPersonMap/8/YE/2KA4UUIQW7A1O7VU0RF2X6.uasset" 8483
"/Game/__ExternalActors__/MyGame/Maps/FirstPersonMap/8/ZC/IQY6W6CAPU4NK6A8RTCV1C" 8484
"../../../../../Logiciels/Unreal Projects/Team6_Unreal/Content/__ExternalActors__/MyGame/Maps/FirstPersonMap/8/ZC/IQY6W6CAPU4NK6A8RTCV1C.uasset" 8485
"../../../../../Logiciels/Unreal Projects/Team6_Unreal/Content/LevelPrototyping/Meshes/SM_Cube.uasset" 8486
"../../../../../Logiciels/Unreal Projects/Team6_Unreal/Content/LevelPrototyping/Materials/MI_PrototypeGrid_Gray.uasset" 8487
"../../../../../Logiciels/Unreal Projects/Team6_Unreal/Content/LevelPrototyping/Materials/M_PrototypeGrid.uasset" 8488
"../../../Engine/Content/Functions/Engine_MaterialFunctions01/Gradient/LinearGradient.uasset" 8489
"../../../Engine/Content/Functions/Engine_MaterialFunctions01/ImageAdjustment/CheapContrast.uasset" 8490
"../../../../../Logiciels/Unreal Projects/Team6_Unreal/Content/LevelPrototyping/Materials/MF_ProcGrid.uasset" 8491
"../../../../../Logiciels/Unreal Projects/Team6_Unreal/Content/LevelPrototyping/Textures/T_GridChecker_A.uasset" 8492
"/Game/__ExternalActors__/MyGame/Maps/FirstPersonMap/8/ZF/X67VRU9TWV23NFPDWAOBL0" 8493
"../../../../../Logiciels/Unreal Projects/Team6_Unreal/Content/__ExternalActors__/MyGame/Maps/FirstPersonMap/8/ZF/X67VRU9TWV23NFPDWAOBL0.uasset" 8494
"/Game/__ExternalActors__/MyGame/Maps/FirstPersonMap/8/ZO/UCLMRCBL5HBNF1PEB74O6G" 8495
"../../../../../Logiciels/Unreal Projects/Team6_Unreal/Content/__ExternalActors__/MyGame/Maps/FirstPersonMap/8/ZO/UCLMRCBL5HBNF1PEB74O6G.uasset" 8496
"/Game/__ExternalActors__/MyGame/Maps/FirstPersonMap/8/ZQ/P6XEEBT3RPVZYFYA7I87AW" 8497
"../../../../../Logiciels/Unreal Projects/Team6_Unreal/Content/__ExternalActors__/MyGame/Maps/FirstPersonMap/8/ZQ/P6XEEBT3RPVZYFYA7I87AW.uasset" 8498
"/Game/__ExternalActors__/MyGame/Maps/FirstPersonMap/8/ZZ/2AIQ52RLSAHCX5CLTMLKS1" 8499
"../../../../../Logiciels/Unreal Projects/Team6_Unreal/Content/__ExternalActors__/MyGame/Maps/FirstPersonMap/8/ZZ/2AIQ52RLSAHCX5CLTMLKS1.uasset" 8500
"/Game/__ExternalActors__/MyGame/Maps/FirstPersonMap/9/17/3TVSA51MIBNCJ9TBBRB1YI" 8501
"../../../../../Logiciels/Unreal Projects/Team6_Unreal/Content/__ExternalActors__/MyGame/Maps/FirstPersonMap/9/17/3TVSA51MIBNCJ9TBBRB1YI.uasset" 8502
"/Game/__ExternalActors__/MyGame/Maps/FirstPersonMap/9/1J/BMYKAYLIH60AQ5NPBDI7FA" 8503
"../../../../../Logiciels/Unreal Projects/Team6_Unreal/Content/__ExternalActors__/MyGame/Maps/FirstPersonMap/9/1J/BMYKAYLIH60AQ5NPBDI7FA.uasset" 8504
"/Game/__ExternalActors__/MyGame/Maps/FirstPersonMap/9/1N/957N6XIFURT5LNZZVI63FB" 8505
"../../../../../Logiciels/Unreal Projects/Team6_Unreal/Content/__ExternalActors__/MyGame/Maps/FirstPersonMap/9/1N/957N6XIFURT5LNZZVI63FB.uasset" 8506
"/Game/__ExternalActors__/MyGame/Maps/FirstPersonMap/9/1P/1KOY6O9XFPSVEQV2X4HBLZ" 8507
"../../../../../Logiciels/Unreal Projects/Team6_Unreal/Content/__ExternalActors__/MyGame/Maps/FirstPersonMap/9/1P/1KOY6O9XFPSVEQV2X4HBLZ.uasset" 8508
"/Game/__ExternalActors__/MyGame/Maps/FirstPersonMap/9/2R/5KJVPZ6074JFO1CAJ5C4Y8" 8509
"../../../../../Logiciels/Unreal Projects/Team6_Unreal/Content/__ExternalActors__/MyGame/Maps/FirstPersonMap/9/2R/5KJVPZ6074JFO1CAJ5C4Y8.uasset" 8510
"/Game/__ExternalActors__/MyGame/Maps/FirstPersonMap/9/4E/0BUQJOSZ4KD2R6BCMVYI25" 8511
"../../../../../Logiciels/Unreal Projects/Team6_Unreal/Content/__ExternalActors__/MyGame/Maps/FirstPersonMap/9/4E/0BUQJOSZ4KD2R6BCMVYI25.uasset" 8512
"/Game/__ExternalActors__/MyGame/Maps/FirstPersonMap/9/4R/KUUH4XWFCXE6PPOKOQ1LH5" 8513
"../../../../../Logiciels/Unreal Projects/Team6_Unreal/Content/__ExternalActors__/MyGame/Maps/FirstPersonMap/9/4R/KUUH4XWFCXE6PPOKOQ1LH5.uasset" 8514
"/Game/__ExternalActors__/MyGame/Maps/FirstPersonMap/9/5W/S0N8IBV40U6GPQZ5XZQ12M" 8515
"../../../../../Logiciels/Unreal Projects/Team6_Unreal/Content/__ExternalActors__/MyGame/Maps/FirstPersonMap/9/5W/S0N8IBV40U6GPQZ5XZQ12M.uasset" 8516
"/Game/__ExternalActors__/MyGame/Maps/FirstPersonMap/9/6O/LJ4EPNZ9TRD24WZZNXGF3P" 8517
"../../../../../Logiciels/Unreal Projects/Team6_Unreal/Content/__ExternalActors__/MyGame/Maps/FirstPersonMap/9/6O/LJ4EPNZ9TRD24WZZNXGF3P.uasset" 8518
"/Game/__ExternalActors__/MyGame/Maps/FirstPersonMap/9/6S/SAH5A0XXM5DZC3F48A4JY9" 8519
"../../../../../Logiciels/Unreal Projects/Team6_Unreal/Content/__ExternalActors__/MyGame/Maps/FirstPersonMap/9/6S/SAH5A0XXM5DZC3F48A4JY9.uasset" 8520
"/Game/__ExternalActors__/MyGame/Maps/FirstPersonMap/9/78/BLS3ML85QXTK0Z3Y2VF47H" 8521
"../../../../../Logiciels/Unreal Projects/Team6_Unreal/Content/__ExternalActors__/MyGame/Maps/FirstPersonMap/9/78/BLS3ML85QXTK0Z3Y2VF47H.uasset" 8522
"/Game/__ExternalActors__/MyGame/Maps/FirstPersonMap/9/7K/CLTF39BWU8CC8I5BPT1PXR" 8523
"../../../../../Logiciels/Unreal Projects/Team6_Unreal/Content/__ExternalActors__/MyGame/Maps/FirstPersonMap/9/7K/CLTF39BWU8CC8I5BPT1PXR.uasset" 8524
"/Game/__ExternalActors__/MyGame/Maps/FirstPersonMap/9/7L/IVI77W030BFVGAKHXPJ6A1" 8525
"../../../../../Logiciels/Unreal Projects/Team6_Unreal/Content/__ExternalActors__/MyGame/Maps/FirstPersonMap/9/7L/IVI77W030BFVGAKHXPJ6A1.uasset" 8526
"/Game/__ExternalActors__/MyGame/Maps/FirstPersonMap/9/9A/UFHK4APZ7N78HZBNWTIDJ9" 8527
"../../../../../Logiciels/Unreal Projects/Team6_Unreal/Content/__ExternalActors__/MyGame/Maps/FirstPersonMap/9/9A/UFHK4APZ7N78HZBNWTIDJ9.uasset" 8528
"/Game/__ExternalActors__/MyGame/Maps/FirstPersonMap/9/9D/CRKMD9QUZI4HAMQGZL8V7R" 8529
"../../../../../Logiciels/Unreal Projects/Team6_Unreal/Content/__ExternalActors__/MyGame/Maps/FirstPersonMap/9/9D/CRKMD9QUZI4HAMQGZL8V7R.uasset" 8530
"/Game/__ExternalActors__/MyGame/Maps/FirstPersonMap/9/9H/UMPR3G94I5A09T4MWWE2X5" 8531
"../../../../../Logiciels/Unreal Projects/Team6_Unreal/Content/__ExternalActors__/MyGame/Maps/FirstPersonMap/9/9H/UMPR3G94I5A09T4MWWE2X5.uasset" 8532
"/Game/__ExternalActors__/MyGame/Maps/FirstPersonMap/9/9N/MWXSMBRDK3VNZH2C6FY0VJ" 8533
"../../../../../Logiciels/Unreal Projects/Team6_Unreal/Content/__ExternalActors__/MyGame/Maps/FirstPersonMap/9/9N/MWXSMBRDK3VNZH2C6FY0VJ.uasset" 8534
"/Game/__ExternalActors__/MyGame/Maps/FirstPersonMap/9/A9/53XHKZPMLWH3LHL1N4X6N6" 8535
"../../../../../Logiciels/Unreal Projects/Team6_Unreal/Content/__ExternalActors__/MyGame/Maps/FirstPersonMap/9/A9/53XHKZPMLWH3LHL1N4X6N6.uasset" 8536
"/Game/__ExternalActors__/MyGame/Maps/FirstPersonMap/9/AI/7EFB3PK8SGNGY7P6S6BA4R" 8537
"../../../../../Logiciels/Unreal Projects/Team6_Unreal/Content/__ExternalActors__/MyGame/Maps/FirstPersonMap/9/AI/7EFB3PK8SGNGY7P6S6BA4R.uasset" 8538
"/Game/__ExternalActors__/MyGame/Maps/FirstPersonMap/9/BE/H4VBMWTWDN2Q202EXYSYTO" 8539
"../../../../../Logiciels/Unreal Projects/Team6_Unreal/Content/__ExternalActors__/MyGame/Maps/FirstPersonMap/9/BE/H4VBMWTWDN2Q202EXYSYTO.uasset" 8540
"/Game/__ExternalActors__/MyGame/Maps/FirstPersonMap/9/CK/Y9IVAML8Z6D2DSOMWBZIVU" 8541
"../../../../../Logiciels/Unreal Projects/Team6_Unreal/Content/__ExternalActors__/MyGame/Maps/FirstPersonMap/9/CK/Y9IVAML8Z6D2DSOMWBZIVU.uasset" 8542
"/Game/__ExternalActors__/MyGame/Maps/FirstPersonMap/9/DK/MCR9SN20KXMV8YEUC7744X" 8543
"../../../../../Logiciels/Unreal Projects/Team6_Unreal/Content/__ExternalActors__/MyGame/Maps/FirstPersonMap/9/DK/MCR9SN20KXMV8YEUC7744X.uasset" 8544
"/Game/__ExternalActors__/MyGame/Maps/FirstPersonMap/9/EE/S48RJN5MU79ZTJIO5T8WKH" 8545
"../../../../../Logiciels/Unreal Projects/Team6_Unreal/Content/__ExternalActors__/MyGame/Maps/FirstPersonMap/9/EE/S48RJN5MU79ZTJIO5T8WKH.uasset" 8546
"/Game/__ExternalActors__/MyGame/Maps/FirstPersonMap/9/EM/JB86YARSAGX4R3B0A2MWOB" 8547
"../../../../../Logiciels/Unreal Projects/Team6_Unreal/Content/__ExternalActors__/MyGame/Maps/FirstPersonMap/9/EM/JB86YARSAGX4R3B0A2MWOB.uasset" 8548
"/Game/__ExternalActors__/MyGame/Maps/FirstPersonMap/9/EP/GFWZCSJVN2HH4949SHDEGN" 8549
"../../../../../Logiciels/Unreal Projects/Team6_Unreal/Content/__ExternalActors__/MyGame/Maps/FirstPersonMap/9/EP/GFWZCSJVN2HH4949SHDEGN.uasset" 8550
"/Game/__ExternalActors__/MyGame/Maps/FirstPersonMap/9/ES/JHCJEHFYNLKLI7Y92YM1VX" 8551
"../../../../../Logiciels/Unreal Projects/Team6_Unreal/Content/__ExternalActors__/MyGame/Maps/FirstPersonMap/9/ES/JHCJEHFYNLKLI7Y92YM1VX.uasset" 8552
"/Game/__ExternalActors__/MyGame/Maps/FirstPersonMap/9/FA/TWDGZ9NT1B2BUW7AIRF8GN" 8553
"../../../../../Logiciels/Unreal Projects/Team6_Unreal/Content/__ExternalActors__/MyGame/Maps/FirstPersonMap/9/FA/TWDGZ9NT1B2BUW7AIRF8GN.uasset" 8554
"/Game/__ExternalActors__/MyGame/Maps/FirstPersonMap/9/GE/BY15H53KGGHB0IF5FOSXT2" 8555
"../../../../../Logiciels/Unreal Projects/Team6_Unreal/Content/__ExternalActors__/MyGame/Maps/FirstPersonMap/9/GE/BY15H53KGGHB0IF5FOSXT2.uasset" 8556
"/Game/__ExternalActors__/MyGame/Maps/FirstPersonMap/9/GR/EXCGR4V8S10N6RE3OTZ0F9" 8557
"../../../../../Logiciels/Unreal Projects/Team6_Unreal/Content/__ExternalActors__/MyGame/Maps/FirstPersonMap/9/GR/EXCGR4V8S10N6RE3OTZ0F9.uasset" 8558
"/Game/__ExternalActors__/MyGame/Maps/FirstPersonMap/9/HH/2OCPCAOBAO2PDZ6NX38DAV" 8559
"../../../../../Logiciels/Unreal Projects/Team6_Unreal/Content/__ExternalActors__/MyGame/Maps/FirstPersonMap/9/HH/2OCPCAOBAO2PDZ6NX38DAV.uasset" 8560
"/Game/__ExternalActors__/MyGame/Maps/FirstPersonMap/9/HL/THBIF92OMT5E822BJYI5NS" 8561
"../../../../../Logiciels/Unreal Projects/Team6_Unreal/Content/__ExternalActors__/MyGame/Maps/FirstPersonMap/9/HL/THBIF92OMT5E822BJYI5NS.uasset" 8562
"/Game/__ExternalActors__/MyGame/Maps/FirstPersonMap/9/HO/1MTAJOXKI8HAN6M7Z4ELZQ" 8563
"../../../../../Logiciels/Unreal Projects/Team6_Unreal/Content/__ExternalActors__/MyGame/Maps/FirstPersonMap/9/HO/1MTAJOXKI8HAN6M7Z4ELZQ.uasset" 8564
"/Game/__ExternalActors__/MyGame/Maps/FirstPersonMap/9/HP/JVDO2YEO16UJ74PUJ0TDMA" 8565
"../../../../../Logiciels/Unreal Projects/Team6_Unreal/Content/__ExternalActors__/MyGame/Maps/FirstPersonMap/9/HP/JVDO2YEO16UJ74PUJ0TDMA.uasset" 8566
"/Game/__ExternalActors__/MyGame/Maps/FirstPersonMap/9/JP/782B7WAQVLMY1UORTGS2IN" 8567
"../../../../../Logiciels/Unreal Projects/Team6_Unreal/Content/__ExternalActors__/MyGame/Maps/FirstPersonMap/9/JP/782B7WAQVLMY1UORTGS2IN.uasset" 8568
"/Game/__ExternalActors__/MyGame/Maps/FirstPersonMap/9/JQ/6QATZA3UHQLLZD4M3R7F8R" 8569
"../../../../../Logiciels/Unreal Projects/Team6_Unreal/Content/__ExternalActors__/MyGame/Maps/FirstPersonMap/9/JQ/6QATZA3UHQLLZD4M3R7F8R.uasset" 8570
"/Game/__ExternalActors__/MyGame/Maps/FirstPersonMap/9/JS/4J5OD4NWZ1BDVF668G05CS" 8571
"../../../../../Logiciels/Unreal Projects/Team6_Unreal/Content/__ExternalActors__/MyGame/Maps/FirstPersonMap/9/JS/4J5OD4NWZ1BDVF668G05CS.uasset" 8572
"/Game/__ExternalActors__/MyGame/Maps/FirstPersonMap/9/KT/7UTPEMHNC16QJT69NBG54F" 8573
"../../../../../Logiciels/Unreal Projects/Team6_Unreal/Content/__ExternalActors__/MyGame/Maps/FirstPersonMap/9/KT/7UTPEMHNC16QJT69NBG54F.uasset" 8574
"/Game/__ExternalActors__/MyGame/Maps/FirstPersonMap/9/KV/7VW4D0U9F3EGKP2IK368DF" 8575
"../../../../../Logiciels/Unreal Projects/Team6_Unreal/Content/__ExternalActors__/MyGame/Maps/FirstPersonMap/9/KV/7VW4D0U9F3EGKP2IK368DF.uasset" 8576
"/Game/__ExternalActors__/MyGame/Maps/FirstPersonMap/9/LC/WFXFMUUH1AAXFZQQYTN5MF" 8577
"../../../../../Logiciels/Unreal Projects/Team6_Unreal/Content/__ExternalActors__/MyGame/Maps/FirstPersonMap/9/LC/WFXFMUUH1AAXFZQQYTN5MF.uasset" 8578
"/Game/__ExternalActors__/MyGame/Maps/FirstPersonMap/9/ML/HZN0UNT1YT6CE81E4JJCIA" 8579
"../../../../../Logiciels/Unreal Projects/Team6_Unreal/Content/__ExternalActors__/MyGame/Maps/FirstPersonMap/9/ML/HZN0UNT1YT6CE81E4JJCIA.uasset" 8580
"/Game/__ExternalActors__/MyGame/Maps/FirstPersonMap/9/NB/2651CI226LVASJW6WF8B6W" 8581
"../../../../../Logiciels/Unreal Projects/Team6_Unreal/Content/__ExternalActors__/MyGame/Maps/FirstPersonMap/9/NB/2651CI226LVASJW6WF8B6W.uasset" 8582
"/Game/__ExternalActors__/MyGame/Maps/FirstPersonMap/9/ND/LVMM1A5WSGM2OLHIY9RSQU" 8583
"../../../../../Logiciels/Unreal Projects/Team6_Unreal/Content/__ExternalActors__/MyGame/Maps/FirstPersonMap/9/ND/LVMM1A5WSGM2OLHIY9RSQU.uasset" 8584
"/Game/__ExternalActors__/MyGame/Maps/FirstPersonMap/9/NR/5DDRWS6IWSPM9FXWBJJBU8" 8585
"../../../../../Logiciels/Unreal Projects/Team6_Unreal/Content/__ExternalActors__/MyGame/Maps/FirstPersonMap/9/NR/5DDRWS6IWSPM9FXWBJJBU8.uasset" 8586
"/Game/__ExternalActors__/MyGame/Maps/FirstPersonMap/9/O7/4TZSGEI23SIL1XDQPFZOVT" 8587
"../../../../../Logiciels/Unreal Projects/Team6_Unreal/Content/__ExternalActors__/MyGame/Maps/FirstPersonMap/9/O7/4TZSGEI23SIL1XDQPFZOVT.uasset" 8588
"/Game/__ExternalActors__/MyGame/Maps/FirstPersonMap/9/PV/18A7C1XT0W462TKD9VOZCT" 8589
"../../../../../Logiciels/Unreal Projects/Team6_Unreal/Content/__ExternalActors__/MyGame/Maps/FirstPersonMap/9/PV/18A7C1XT0W462TKD9VOZCT.uasset" 8590
"/Game/__ExternalActors__/MyGame/Maps/FirstPersonMap/9/Q3/P2LYHO4VLENVKFUMTNVYKK" 8591
"../../../../../Logiciels/Unreal Projects/Team6_Unreal/Content/__ExternalActors__/MyGame/Maps/FirstPersonMap/9/Q3/P2LYHO4VLENVKFUMTNVYKK.uasset" 8592
"/Game/__ExternalActors__/MyGame/Maps/FirstPersonMap/9/QT/XMR8W96I52VIW5G9K4Y0SR" 8593
"../../../../../Logiciels/Unreal Projects/Team6_Unreal/Content/__ExternalActors__/MyGame/Maps/FirstPersonMap/9/QT/XMR8W96I52VIW5G9K4Y0SR.uasset" 8594
"/Game/__ExternalActors__/MyGame/Maps/FirstPersonMap/9/R3/IBFD5JXPL9S8PZFXYA56VQ" 8595
"../../../../../Logiciels/Unreal Projects/Team6_Unreal/Content/__ExternalActors__/MyGame/Maps/FirstPersonMap/9/R3/IBFD5JXPL9S8PZFXYA56VQ.uasset" 8596
"/Game/__ExternalActors__/MyGame/Maps/FirstPersonMap/9/RC/H2JVM3RDLBA2GUHBJSWNH3" 8597
"../../../../../Logiciels/Unreal Projects/Team6_Unreal/Content/__ExternalActors__/MyGame/Maps/FirstPersonMap/9/RC/H2JVM3RDLBA2GUHBJSWNH3.uasset" 8598
"/Game/__ExternalActors__/MyGame/Maps/FirstPersonMap/9/SB/YG68DM83KOUY6QQUP8OPCE" 8599
"../../../../../Logiciels/Unreal Projects/Team6_Unreal/Content/__ExternalActors__/MyGame/Maps/FirstPersonMap/9/SB/YG68DM83KOUY6QQUP8OPCE.uasset" 8600
"/Game/__ExternalActors__/MyGame/Maps/FirstPersonMap/9/SC/HYNTX2T2NOZ6NHVL42BUBH" 8601
"../../../../../Logiciels/Unreal Projects/Team6_Unreal/Content/__ExternalActors__/MyGame/Maps/FirstPersonMap/9/SC/HYNTX2T2NOZ6NHVL42BUBH.uasset" 8602
"/Game/__ExternalActors__/MyGame/Maps/FirstPersonMap/9/SK/Y6MJ138Z6MVS4SK8AJIWMY" 8603
"../../../../../Logiciels/Unreal Projects/Team6_Unreal/Content/__ExternalActors__/MyGame/Maps/FirstPersonMap/9/SK/Y6MJ138Z6MVS4SK8AJIWMY.uasset" 8604
"/Game/__ExternalActors__/MyGame/Maps/FirstPersonMap/9/TO/3TTBH3VTL80LU5YU3QKQZL" 8605
"../../../../../Logiciels/Unreal Projects/Team6_Unreal/Content/__ExternalActors__/MyGame/Maps/FirstPersonMap/9/TO/3TTBH3VTL80LU5YU3QKQZL.uasset" 8606
"/Game/__ExternalActors__/MyGame/Maps/FirstPersonMap/9/TR/CEX3DXE79JRWFERFQ2DJE6" 8607
"../../../../../Logiciels/Unreal Projects/Team6_Unreal/Content/__ExternalActors__/MyGame/Maps/FirstPersonMap/9/TR/CEX3DXE79JRWFERFQ2DJE6.uasset" 8608
"/Game/__ExternalActors__/MyGame/Maps/FirstPersonMap/9/UA/A11DRRG2PNAS53GFPG0JWF" 8609
"../../../../../Logiciels/Unreal Projects/Team6_Unreal/Content/__ExternalActors__/MyGame/Maps/FirstPersonMap/9/UA/A11DRRG2PNAS53GFPG0JWF.uasset" 8610
"/Game/__ExternalActors__/MyGame/Maps/FirstPersonMap/9/VJ/MNP7JSGF2YB37F5DUPGZ8U" 8611
"../../../../../Logiciels/Unreal Projects/Team6_Unreal/Content/__ExternalActors__/MyGame/Maps/FirstPersonMap/9/VJ/MNP7JSGF2YB37F5DUPGZ8U.uasset" 8612
"/Game/__ExternalActors__/MyGame/Maps/FirstPersonMap/9/VU/5BSETKLO5W0MCI0OA2UWE6" 8613
"../../../../../Logiciels/Unreal Projects/Team6_Unreal/Content/__ExternalActors__/MyGame/Maps/FirstPersonMap/9/VU/5BSETKLO5W0MCI0OA2UWE6.uasset" 8614
"/Game/__ExternalActors__/MyGame/Maps/FirstPersonMap/9/W7/NNU56JAPGWQNBHSWVD4EYS" 8615
"../../../../../Logiciels/Unreal Projects/Team6_Unreal/Content/__ExternalActors__/MyGame/Maps/FirstPersonMap/9/W7/NNU56JAPGWQNBHSWVD4EYS.uasset" 8616
"/Game/__ExternalActors__/MyGame/Maps/FirstPersonMap/9/WB/3C36XA0OTO8D1J5KWAIXPW" 8617
"../../../../../Logiciels/Unreal Projects/Team6_Unreal/Content/__ExternalActors__/MyGame/Maps/FirstPersonMap/9/WB/3C36XA0OTO8D1J5KWAIXPW.uasset" 8618
"/Game/__ExternalActors__/MyGame/Maps/FirstPersonMap/9/WQ/G531ZCBPJKTSREGSS0PA97" 8619
"../../../../../Logiciels/Unreal Projects/Team6_Unreal/Content/__ExternalActors__/MyGame/Maps/FirstPersonMap/9/WQ/G531ZCBPJKTSREGSS0PA97.uasset" 8620
"/Game/__ExternalActors__/MyGame/Maps/FirstPersonMap/9/WR/WHN1P42KGUYQRTWJ5WEEH7" 8621
"../../../../../Logiciels/Unreal Projects/Team6_Unreal/Content/__ExternalActors__/MyGame/Maps/FirstPersonMap/9/WR/WHN1P42KGUYQRTWJ5WEEH7.uasset" 8622
"/Game/__ExternalActors__/MyGame/Maps/FirstPersonMap/9/X5/AB2J77HBRSEFVITHLWHZ4D" 8623
"../../../../../Logiciels/Unreal Projects/Team6_Unreal/Content/__ExternalActors__/MyGame/Maps/FirstPersonMap/9/X5/AB2J77HBRSEFVITHLWHZ4D.uasset" 8624
"/Game/__ExternalActors__/MyGame/Maps/FirstPersonMap/9/XE/UL3TMSVT2TPDSQBFSG8U2G" 8625
"../../../../../Logiciels/Unreal Projects/Team6_Unreal/Content/__ExternalActors__/MyGame/Maps/FirstPersonMap/9/XE/UL3TMSVT2TPDSQBFSG8U2G.uasset" 8626
"/Game/__ExternalActors__/MyGame/Maps/FirstPersonMap/9/XM/KADZ5ZFUA8DHPRGWYQVXGL" 8627
"../../../../../Logiciels/Unreal Projects/Team6_Unreal/Content/__ExternalActors__/MyGame/Maps/FirstPersonMap/9/XM/KADZ5ZFUA8DHPRGWYQVXGL.uasset" 8628
"/Game/__ExternalActors__/MyGame/Maps/FirstPersonMap/9/Y3/0IW1BUDLJINV4TGGPYG17X" 8629
"../../../../../Logiciels/Unreal Projects/Team6_Unreal/Content/__ExternalActors__/MyGame/Maps/FirstPersonMap/9/Y3/0IW1BUDLJINV4TGGPYG17X.uasset" 8630
"/Game/__ExternalActors__/MyGame/Maps/FirstPersonMap/9/YJ/MU9TJ3Y58W7XS61U74F1X2" 8631
"../../../../../Logiciels/Unreal Projects/Team6_Unreal/Content/__ExternalActors__/MyGame/Maps/FirstPersonMap/9/YJ/MU9TJ3Y58W7XS61U74F1X2.uasset" 8632
"/Game/__ExternalActors__/MyGame/Maps/FirstPersonMap/9/YK/311BVUCDVSFSF8YHO895RP" 8633
"../../../../../Logiciels/Unreal Projects/Team6_Unreal/Content/__ExternalActors__/MyGame/Maps/FirstPersonMap/9/YK/311BVUCDVSFSF8YHO895RP.uasset" 8634
"/Game/__ExternalActors__/MyGame/Maps/FirstPersonMap/9/YO/Q5ZXJHFDW9MDQA26E6X3OD" 8635
"../../../../../Logiciels/Unreal Projects/Team6_Unreal/Content/__ExternalActors__/MyGame/Maps/FirstPersonMap/9/YO/Q5ZXJHFDW9MDQA26E6X3OD.uasset" 8636
"/Game/__ExternalActors__/MyGame/Maps/FirstPersonMap/9/Z1/GHRHQN1XF2PNZK8IDWREG4" 8637
"../../../../../Logiciels/Unreal Projects/Team6_Unreal/Content/__ExternalActors__/MyGame/Maps/FirstPersonMap/9/Z1/GHRHQN1XF2PNZK8IDWREG4.uasset" 8638
"/Game/__ExternalActors__/MyGame/Maps/FirstPersonMap/9/ZA/RRJWH5NH7VSCXFMOR4HMRQ" 8639
"../../../../../Logiciels/Unreal Projects/Team6_Unreal/Content/__ExternalActors__/MyGame/Maps/FirstPersonMap/9/ZA/RRJWH5NH7VSCXFMOR4HMRQ.uasset" 8640
"/Game/__ExternalActors__/MyGame/Maps/FirstPersonMap/9/ZB/K83U91E57QM2YTG7ZBHQP6" 8641
"../../../../../Logiciels/Unreal Projects/Team6_Unreal/Content/__ExternalActors__/MyGame/Maps/FirstPersonMap/9/ZB/K83U91E57QM2YTG7ZBHQP6.uasset" 8642
"/Game/__ExternalActors__/MyGame/Maps/FirstPersonMap/9/ZO/ALNJNYBR4CSMGDFP049BI4" 8643
"../../../../../Logiciels/Unreal Projects/Team6_Unreal/Content/__ExternalActors__/MyGame/Maps/FirstPersonMap/9/ZO/ALNJNYBR4CSMGDFP049BI4.uasset" 8644
"/Game/__ExternalActors__/MyGame/Maps/FirstPersonMap/A/0C/C08VXJUSC7I35B4IH64UP3" 8645
"../../../../../Logiciels/Unreal Projects/Team6_Unreal/Content/__ExternalActors__/MyGame/Maps/FirstPersonMap/A/0C/C08VXJUSC7I35B4IH64UP3.uasset" 8646
"/Game/__ExternalActors__/MyGame/Maps/FirstPersonMap/A/0F/RUGTP7G9T5G6BURUPSU3O6" 8647
"../../../../../Logiciels/Unreal Projects/Team6_Unreal/Content/__ExternalActors__/MyGame/Maps/FirstPersonMap/A/0F/RUGTP7G9T5G6BURUPSU3O6.uasset" 8648
"/Game/__ExternalActors__/MyGame/Maps/FirstPersonMap/A/1G/G8P9ILRTWVE3TKFYIQMHJB" 8649
"../../../../../Logiciels/Unreal Projects/Team6_Unreal/Content/__ExternalActors__/MyGame/Maps/FirstPersonMap/A/1G/G8P9ILRTWVE3TKFYIQMHJB.uasset" 8650
"/Game/__ExternalActors__/MyGame/Maps/FirstPersonMap/A/1R/05E1APPUQS422ECOY171KV" 8651
"../../../../../Logiciels/Unreal Projects/Team6_Unreal/Content/__ExternalActors__/MyGame/Maps/FirstPersonMap/A/1R/05E1APPUQS422ECOY171KV.uasset" 8652
"/Game/__ExternalActors__/MyGame/Maps/FirstPersonMap/A/1S/BCPF4YNQA2J9M79JAWLRZ1" 8653
"../../../../../Logiciels/Unreal Projects/Team6_Unreal/Content/__ExternalActors__/MyGame/Maps/FirstPersonMap/A/1S/BCPF4YNQA2J9M79JAWLRZ1.uasset" 8654
"/Game/__ExternalActors__/MyGame/Maps/FirstPersonMap/A/26/O5J0GXJXNMZYVX7DZEHVRP" 8655
"../../../../../Logiciels/Unreal Projects/Team6_Unreal/Content/__ExternalActors__/MyGame/Maps/FirstPersonMap/A/26/O5J0GXJXNMZYVX7DZEHVRP.uasset" 8656
"/Game/__ExternalActors__/MyGame/Maps/FirstPersonMap/A/28/G5YQXB2VC2VE38TW6ENJKH" 8657
"../../../../../Logiciels/Unreal Projects/Team6_Unreal/Content/__ExternalActors__/MyGame/Maps/FirstPersonMap/A/28/G5YQXB2VC2VE38TW6ENJKH.uasset" 8658
"/Game/__ExternalActors__/MyGame/Maps/FirstPersonMap/A/2B/EPJ2TX0L8BEPDIFNPTTB95" 8659
"../../../../../Logiciels/Unreal Projects/Team6_Unreal/Content/__ExternalActors__/MyGame/Maps/FirstPersonMap/A/2B/EPJ2TX0L8BEPDIFNPTTB95.uasset" 8660
"/Game/__ExternalActors__/MyGame/Maps/FirstPersonMap/A/3K/YCQGXMT90K5450MHWCXZ6X" 8661
"../../../../../Logiciels/Unreal Projects/Team6_Unreal/Content/__ExternalActors__/MyGame/Maps/FirstPersonMap/A/3K/YCQGXMT90K5450MHWCXZ6X.uasset" 8662
"/Game/__ExternalActors__/MyGame/Maps/FirstPersonMap/A/3N/1034PGLWKR4UU5J4FNGVFW" 8663
"../../../../../Logiciels/Unreal Projects/Team6_Unreal/Content/__ExternalActors__/MyGame/Maps/FirstPersonMap/A/3N/1034PGLWKR4UU5J4FNGVFW.uasset" 8664
"/Game/__ExternalActors__/MyGame/Maps/FirstPersonMap/A/46/C6AEK3DAWQ9N33WZFVNM6Y" 8665
"../../../../../Logiciels/Unreal Projects/Team6_Unreal/Content/__ExternalActors__/MyGame/Maps/FirstPersonMap/A/46/C6AEK3DAWQ9N33WZFVNM6Y.uasset" 8666
"/Game/__ExternalActors__/MyGame/Maps/FirstPersonMap/A/4C/NSL7CB81TU5XCKA702CGHV" 8667
"../../../../../Logiciels/Unreal Projects/Team6_Unreal/Content/__ExternalActors__/MyGame/Maps/FirstPersonMap/A/4C/NSL7CB81TU5XCKA702CGHV.uasset" 8668
"/Game/__ExternalActors__/MyGame/Maps/FirstPersonMap/A/4G/YO7GGZBRL045ABDY6W1GK1" 8669
"../../../../../Logiciels/Unreal Projects/Team6_Unreal/Content/__ExternalActors__/MyGame/Maps/FirstPersonMap/A/4G/YO7GGZBRL045ABDY6W1GK1.uasset" 8670
"/Game/__ExternalActors__/MyGame/Maps/FirstPersonMap/A/50/1GKYXF3OFCT62H3N0CRJY9" 8671
"../../../../../Logiciels/Unreal Projects/Team6_Unreal/Content/__ExternalActors__/MyGame/Maps/FirstPersonMap/A/50/1GKYXF3OFCT62H3N0CRJY9.uasset" 8672
"/Game/__ExternalActors__/MyGame/Maps/FirstPersonMap/A/6X/AJXSL4WTLQVSYUPVFQZU06" 8673
"../../../../../Logiciels/Unreal Projects/Team6_Unreal/Content/__ExternalActors__/MyGame/Maps/FirstPersonMap/A/6X/AJXSL4WTLQVSYUPVFQZU06.uasset" 8674
"/Game/__ExternalActors__/MyGame/Maps/FirstPersonMap/A/7W/J8WCH187P5KJVU2EP22GUP" 8675
"../../../../../Logiciels/Unreal Projects/Team6_Unreal/Content/__ExternalActors__/MyGame/Maps/FirstPersonMap/A/7W/J8WCH187P5KJVU2EP22GUP.uasset" 8676
"/Game/__ExternalActors__/MyGame/Maps/FirstPersonMap/A/81/58AU2YMPTTIBOJDEGUUP3T" 8677
"../../../../../Logiciels/Unreal Projects/Team6_Unreal/Content/__ExternalActors__/MyGame/Maps/FirstPersonMap/A/81/58AU2YMPTTIBOJDEGUUP3T.uasset" 8678
"/Game/__ExternalActors__/MyGame/Maps/FirstPersonMap/A/82/0WJZV80GUL9SNQEI7QLLQX" 8679
"../../../../../Logiciels/Unreal Projects/Team6_Unreal/Content/__ExternalActors__/MyGame/Maps/FirstPersonMap/A/82/0WJZV80GUL9SNQEI7QLLQX.uasset" 8680
"/Game/__ExternalActors__/MyGame/Maps/FirstPersonMap/A/88/MVYEJCF2COBP5HK006LWAH" 8681
"../../../../../Logiciels/Unreal Projects/Team6_Unreal/Content/__ExternalActors__/MyGame/Maps/FirstPersonMap/A/88/MVYEJCF2COBP5HK006LWAH.uasset" 8682
"/Game/__ExternalActors__/MyGame/Maps/FirstPersonMap/A/8C/T3F8PBYGBG53A1YKH8LOSQ" 8683
"../../../../../Logiciels/Unreal Projects/Team6_Unreal/Content/__ExternalActors__/MyGame/Maps/FirstPersonMap/A/8C/T3F8PBYGBG53A1YKH8LOSQ.uasset" 8684
"/Game/__ExternalActors__/MyGame/Maps/FirstPersonMap/A/9F/QCDDBUHSIG8O20B3O5LR1T" 8685
"../../../../../Logiciels/Unreal Projects/Team6_Unreal/Content/__ExternalActors__/MyGame/Maps/FirstPersonMap/A/9F/QCDDBUHSIG8O20B3O5LR1T.uasset" 8686
"/Game/__ExternalActors__/MyGame/Maps/FirstPersonMap/A/BP/T9W98I119D24Q6ZIY9FAN7" 8687
"../../../../../Logiciels/Unreal Projects/Team6_Unreal/Content/__ExternalActors__/MyGame/Maps/FirstPersonMap/A/BP/T9W98I119D24Q6ZIY9FAN7.uasset" 8688
"/Game/__ExternalActors__/MyGame/Maps/FirstPersonMap/A/CS/TQWVL4WJBZI5EMRVFF77V6" 8689
"../../../../../Logiciels/Unreal Projects/Team6_Unreal/Content/__ExternalActors__/MyGame/Maps/FirstPersonMap/A/CS/TQWVL4WJBZI5EMRVFF77V6.uasset" 8690
"/Game/__ExternalActors__/MyGame/Maps/FirstPersonMap/A/CZ/8OXK6YAEMMLG9YZO3DEQO4" 8691
"../../../../../Logiciels/Unreal Projects/Team6_Unreal/Content/__ExternalActors__/MyGame/Maps/FirstPersonMap/A/CZ/8OXK6YAEMMLG9YZO3DEQO4.uasset" 8692
"/Game/__ExternalActors__/MyGame/Maps/FirstPersonMap/A/DB/SJ59HI1F3F8JPOTK8C2JZ0" 8693
"../../../../../Logiciels/Unreal Projects/Team6_Unreal/Content/__ExternalActors__/MyGame/Maps/FirstPersonMap/A/DB/SJ59HI1F3F8JPOTK8C2JZ0.uasset" 8694
"/Game/__ExternalActors__/MyGame/Maps/FirstPersonMap/A/DU/ZI2O8NS6B4XGOD82FWN75R" 8695
"../../../../../Logiciels/Unreal Projects/Team6_Unreal/Content/__ExternalActors__/MyGame/Maps/FirstPersonMap/A/DU/ZI2O8NS6B4XGOD82FWN75R.uasset" 8696
"/Game/__ExternalActors__/MyGame/Maps/FirstPersonMap/A/E8/E70PZQ3NEYB2W9FSZIZDNP" 8697
"../../../../../Logiciels/Unreal Projects/Team6_Unreal/Content/__ExternalActors__/MyGame/Maps/FirstPersonMap/A/E8/E70PZQ3NEYB2W9FSZIZDNP.uasset" 8698
"/Game/__ExternalActors__/MyGame/Maps/FirstPersonMap/A/ER/IFJ953OY04ISZ29B400RJS" 8699
"../../../../../Logiciels/Unreal Projects/Team6_Unreal/Content/__ExternalActors__/MyGame/Maps/FirstPersonMap/A/ER/IFJ953OY04ISZ29B400RJS.uasset" 8700
"/Game/__ExternalActors__/MyGame/Maps/FirstPersonMap/A/FD/LYZ4TRE0JQU34DBMZCP6TB" 8701
"../../../../../Logiciels/Unreal Projects/Team6_Unreal/Content/__ExternalActors__/MyGame/Maps/FirstPersonMap/A/FD/LYZ4TRE0JQU34DBMZCP6TB.uasset" 8702
"/Game/__ExternalActors__/MyGame/Maps/FirstPersonMap/A/G6/243S556UOZ865M4AIE2E3V" 8703
"../../../../../Logiciels/Unreal Projects/Team6_Unreal/Content/__ExternalActors__/MyGame/Maps/FirstPersonMap/A/G6/243S556UOZ865M4AIE2E3V.uasset" 8704
"/Game/__ExternalActors__/MyGame/Maps/FirstPersonMap/A/G6/RZ8QDW3E7QRKO5PZ9Q4HDY" 8705
"../../../../../Logiciels/Unreal Projects/Team6_Unreal/Content/__ExternalActors__/MyGame/Maps/FirstPersonMap/A/G6/RZ8QDW3E7QRKO5PZ9Q4HDY.uasset" 8706
"/Game/__ExternalActors__/MyGame/Maps/FirstPersonMap/A/GG/IFFI6XF5LLJSVBTPVLZBQB" 8707
"../../../../../Logiciels/Unreal Projects/Team6_Unreal/Content/__ExternalActors__/MyGame/Maps/FirstPersonMap/A/GG/IFFI6XF5LLJSVBTPVLZBQB.uasset" 8708
"/Game/__ExternalActors__/MyGame/Maps/FirstPersonMap/A/H9/4YQRDIHZZXZC071AOO01S3" 8709
"../../../../../Logiciels/Unreal Projects/Team6_Unreal/Content/__ExternalActors__/MyGame/Maps/FirstPersonMap/A/H9/4YQRDIHZZXZC071AOO01S3.uasset" 8710
"/Game/__ExternalActors__/MyGame/Maps/FirstPersonMap/A/HR/5BZ7FHHRM496GKWUKLI1O3" 8711
"../../../../../Logiciels/Unreal Projects/Team6_Unreal/Content/__ExternalActors__/MyGame/Maps/FirstPersonMap/A/HR/5BZ7FHHRM496GKWUKLI1O3.uasset" 8712
"/Game/__ExternalActors__/MyGame/Maps/FirstPersonMap/A/HZ/1W1L5E3BPN7LPADPM4F8Y6" 8713
"../../../../../Logiciels/Unreal Projects/Team6_Unreal/Content/__ExternalActors__/MyGame/Maps/FirstPersonMap/A/HZ/1W1L5E3BPN7LPADPM4F8Y6.uasset" 8714
"/Game/__ExternalActors__/MyGame/Maps/FirstPersonMap/A/I2/BLKCKKEN1MJB50H11PXRMC" 8715
"../../../../../Logiciels/Unreal Projects/Team6_Unreal/Content/__ExternalActors__/MyGame/Maps/FirstPersonMap/A/I2/BLKCKKEN1MJB50H11PXRMC.uasset" 8716
"/Game/__ExternalActors__/MyGame/Maps/FirstPersonMap/A/IO/XR6T44RMS25AI6NJXSNTH3" 8717
"../../../../../Logiciels/Unreal Projects/Team6_Unreal/Content/__ExternalActors__/MyGame/Maps/FirstPersonMap/A/IO/XR6T44RMS25AI6NJXSNTH3.uasset" 8718
"/Game/__ExternalActors__/MyGame/Maps/FirstPersonMap/A/IP/HERUYURJVZ60D405Q4P2EO" 8719
"../../../../../Logiciels/Unreal Projects/Team6_Unreal/Content/__ExternalActors__/MyGame/Maps/FirstPersonMap/A/IP/HERUYURJVZ60D405Q4P2EO.uasset" 8720
"/Game/__ExternalActors__/MyGame/Maps/FirstPersonMap/A/KE/N99XBS7M9WLONW89MPPCFC" 8721
"../../../../../Logiciels/Unreal Projects/Team6_Unreal/Content/__ExternalActors__/MyGame/Maps/FirstPersonMap/A/KE/N99XBS7M9WLONW89MPPCFC.uasset" 8722
"/Game/__ExternalActors__/MyGame/Maps/FirstPersonMap/A/L9/EX9FOOWHPHWB1N7XG8X8YQ" 8723
"../../../../../Logiciels/Unreal Projects/Team6_Unreal/Content/__ExternalActors__/MyGame/Maps/FirstPersonMap/A/L9/EX9FOOWHPHWB1N7XG8X8YQ.uasset" 8724
"/Game/__ExternalActors__/MyGame/Maps/FirstPersonMap/A/MT/4IZ3CNWT82OBOSZ80JAIS9" 8725
"../../../../../Logiciels/Unreal Projects/Team6_Unreal/Content/__ExternalActors__/MyGame/Maps/FirstPersonMap/A/MT/4IZ3CNWT82OBOSZ80JAIS9.uasset" 8726
"/Game/__ExternalActors__/MyGame/Maps/FirstPersonMap/A/N8/LIZVSMMHBD9TMO6GEXFLMS" 8727
"../../../../../Logiciels/Unreal Projects/Team6_Unreal/Content/__ExternalActors__/MyGame/Maps/FirstPersonMap/A/N8/LIZVSMMHBD9TMO6GEXFLMS.uasset" 8728
"/Game/__ExternalActors__/MyGame/Maps/FirstPersonMap/A/NU/MJO6T37K1YJ46QPSGSS80D" 8729
"../../../../../Logiciels/Unreal Projects/Team6_Unreal/Content/__ExternalActors__/MyGame/Maps/FirstPersonMap/A/NU/MJO6T37K1YJ46QPSGSS80D.uasset" 8730
"/Game/__ExternalActors__/MyGame/Maps/FirstPersonMap/A/O1/W17ZPIQS4R9W33N0E03W5O" 8731
"../../../../../Logiciels/Unreal Projects/Team6_Unreal/Content/__ExternalActors__/MyGame/Maps/FirstPersonMap/A/O1/W17ZPIQS4R9W33N0E03W5O.uasset" 8732
"/Game/__ExternalActors__/MyGame/Maps/FirstPersonMap/A/PE/F4SRESIQ8Q4XQEO9CSKXJ2" 8733
"../../../../../Logiciels/Unreal Projects/Team6_Unreal/Content/__ExternalActors__/MyGame/Maps/FirstPersonMap/A/PE/F4SRESIQ8Q4XQEO9CSKXJ2.uasset" 8734
"/Game/__ExternalActors__/MyGame/Maps/FirstPersonMap/A/QU/2U7WO2CA4UDD6CJU54C0NV" 8735
"../../../../../Logiciels/Unreal Projects/Team6_Unreal/Content/__ExternalActors__/MyGame/Maps/FirstPersonMap/A/QU/2U7WO2CA4UDD6CJU54C0NV.uasset" 8736
"/Game/__ExternalActors__/MyGame/Maps/FirstPersonMap/A/QZ/J08J142U70ZP40LD0OWEZ9" 8737
"../../../../../Logiciels/Unreal Projects/Team6_Unreal/Content/__ExternalActors__/MyGame/Maps/FirstPersonMap/A/QZ/J08J142U70ZP40LD0OWEZ9.uasset" 8738
"/Game/__ExternalActors__/MyGame/Maps/FirstPersonMap/A/SW/9BF90PSYZYKXKEFK72QBB2" 8739
"../../../../../Logiciels/Unreal Projects/Team6_Unreal/Content/__ExternalActors__/MyGame/Maps/FirstPersonMap/A/SW/9BF90PSYZYKXKEFK72QBB2.uasset" 8740
"/Game/__ExternalActors__/MyGame/Maps/FirstPersonMap/A/TI/FZIUJRATZ8PB4C0LAMEFGY" 8741
"../../../../../Logiciels/Unreal Projects/Team6_Unreal/Content/__ExternalActors__/MyGame/Maps/FirstPersonMap/A/TI/FZIUJRATZ8PB4C0LAMEFGY.uasset" 8742
"/Game/__ExternalActors__/MyGame/Maps/FirstPersonMap/A/UL/HLPZIQ7KFC67X839B6DQXB" 8743
"../../../../../Logiciels/Unreal Projects/Team6_Unreal/Content/__ExternalActors__/MyGame/Maps/FirstPersonMap/A/UL/HLPZIQ7KFC67X839B6DQXB.uasset" 8744
"/Game/__ExternalActors__/MyGame/Maps/FirstPersonMap/A/VT/E0K99O0HGUF6K7G2I470PF" 8745
"../../../../../Logiciels/Unreal Projects/Team6_Unreal/Content/__ExternalActors__/MyGame/Maps/FirstPersonMap/A/VT/E0K99O0HGUF6K7G2I470PF.uasset" 8746
"/Game/__ExternalActors__/MyGame/Maps/FirstPersonMap/A/VU/IXLXICY4WZBDZYMK4PNY4R" 8747
"../../../../../Logiciels/Unreal Projects/Team6_Unreal/Content/__ExternalActors__/MyGame/Maps/FirstPersonMap/A/VU/IXLXICY4WZBDZYMK4PNY4R.uasset" 8748
"/Game/__ExternalActors__/MyGame/Maps/FirstPersonMap/A/WL/PIUSFGL4DUL61B9BGUP0B9" 8749
"../../../../../Logiciels/Unreal Projects/Team6_Unreal/Content/__ExternalActors__/MyGame/Maps/FirstPersonMap/A/WL/PIUSFGL4DUL61B9BGUP0B9.uasset" 8750
"/Game/__ExternalActors__/MyGame/Maps/FirstPersonMap/A/XR/JR1R5M6T5BQYGBFB6ICGGR" 8751
"../../../../../Logiciels/Unreal Projects/Team6_Unreal/Content/__ExternalActors__/MyGame/Maps/FirstPersonMap/A/XR/JR1R5M6T5BQYGBFB6ICGGR.uasset" 8752
"/Game/__ExternalActors__/MyGame/Maps/FirstPersonMap/A/Z7/E7F20Z1991YA0M27S0ARYN" 8753
"../../../../../Logiciels/Unreal Projects/Team6_Unreal/Content/__ExternalActors__/MyGame/Maps/FirstPersonMap/A/Z7/E7F20Z1991YA0M27S0ARYN.uasset" 8754
"/Game/__ExternalActors__/MyGame/Maps/FirstPersonMap/A/ZO/SQL7S7RH61Q7N8OXKWOPN6" 8755
"../../../../../Logiciels/Unreal Projects/Team6_Unreal/Content/__ExternalActors__/MyGame/Maps/FirstPersonMap/A/ZO/SQL7S7RH61Q7N8OXKWOPN6.uasset" 8756
"/Game/__ExternalActors__/MyGame/Maps/FirstPersonMap/B/2G/0B3SC3TRUHKHTLSN9ASMRB" 8757
"../../../../../Logiciels/Unreal Projects/Team6_Unreal/Content/__ExternalActors__/MyGame/Maps/FirstPersonMap/B/2G/0B3SC3TRUHKHTLSN9ASMRB.uasset" 8758
"/Game/__ExternalActors__/MyGame/Maps/FirstPersonMap/B/2L/GKQJ0ILCXLH300IVYBVKXX" 8759
"../../../../../Logiciels/Unreal Projects/Team6_Unreal/Content/__ExternalActors__/MyGame/Maps/FirstPersonMap/B/2L/GKQJ0ILCXLH300IVYBVKXX.uasset" 8760
"/Game/__ExternalActors__/MyGame/Maps/FirstPersonMap/B/35/G9JBRCHG8JQRNJ4VG4E14G" 8761
"../../../../../Logiciels/Unreal Projects/Team6_Unreal/Content/__ExternalActors__/MyGame/Maps/FirstPersonMap/B/35/G9JBRCHG8JQRNJ4VG4E14G.uasset" 8762
"/Game/__ExternalActors__/MyGame/Maps/FirstPersonMap/B/40/6J9IYTQQ9RLLKM4S2NNV01" 8763
"../../../../../Logiciels/Unreal Projects/Team6_Unreal/Content/__ExternalActors__/MyGame/Maps/FirstPersonMap/B/40/6J9IYTQQ9RLLKM4S2NNV01.uasset" 8764
"/Game/__ExternalActors__/MyGame/Maps/FirstPersonMap/B/4A/HL1BDAI9TRBAPJF7Q01OT1" 8765
"../../../../../Logiciels/Unreal Projects/Team6_Unreal/Content/__ExternalActors__/MyGame/Maps/FirstPersonMap/B/4A/HL1BDAI9TRBAPJF7Q01OT1.uasset" 8766
"/Game/__ExternalActors__/MyGame/Maps/FirstPersonMap/B/5G/O5XTWU6AMAIM18UMMC83HH" 8767
"../../../../../Logiciels/Unreal Projects/Team6_Unreal/Content/__ExternalActors__/MyGame/Maps/FirstPersonMap/B/5G/O5XTWU6AMAIM18UMMC83HH.uasset" 8768
"/Game/__ExternalActors__/MyGame/Maps/FirstPersonMap/B/5K/OTTGK65M5CCR7S5B8PENKP" 8769
"../../../../../Logiciels/Unreal Projects/Team6_Unreal/Content/__ExternalActors__/MyGame/Maps/FirstPersonMap/B/5K/OTTGK65M5CCR7S5B8PENKP.uasset" 8770
"../../../../../Logiciels/Unreal Projects/Team6_Unreal/Content/MyGame/Blueprints/SpawnerMob/BP_SpawnerManager.uasset" 8771
"/Game/__ExternalActors__/MyGame/Maps/FirstPersonMap/B/6V/H85DGG9IIYE5UQRFULILHL" 8772
"../../../../../Logiciels/Unreal Projects/Team6_Unreal/Content/__ExternalActors__/MyGame/Maps/FirstPersonMap/B/6V/H85DGG9IIYE5UQRFULILHL.uasset" 8773
"/Game/__ExternalActors__/MyGame/Maps/FirstPersonMap/B/8G/7GVEX6T3OLYSJK9SUZ99AF" 8774
"../../../../../Logiciels/Unreal Projects/Team6_Unreal/Content/__ExternalActors__/MyGame/Maps/FirstPersonMap/B/8G/7GVEX6T3OLYSJK9SUZ99AF.uasset" 8775
"/Game/__ExternalActors__/MyGame/Maps/FirstPersonMap/B/96/NHEBE745Y5Z7WH4DS7P3NR" 8776
"../../../../../Logiciels/Unreal Projects/Team6_Unreal/Content/__ExternalActors__/MyGame/Maps/FirstPersonMap/B/96/NHEBE745Y5Z7WH4DS7P3NR.uasset" 8777
"/Game/__ExternalActors__/MyGame/Maps/FirstPersonMap/B/99/UDG7NVZ2E5V4R4NHKA94B7" 8778
"../../../../../Logiciels/Unreal Projects/Team6_Unreal/Content/__ExternalActors__/MyGame/Maps/FirstPersonMap/B/99/UDG7NVZ2E5V4R4NHKA94B7.uasset" 8779
"/Game/__ExternalActors__/MyGame/Maps/FirstPersonMap/B/AD/JGKDSW90ZYKL5A5NY1LX0D" 8780
"../../../../../Logiciels/Unreal Projects/Team6_Unreal/Content/__ExternalActors__/MyGame/Maps/FirstPersonMap/B/AD/JGKDSW90ZYKL5A5NY1LX0D.uasset" 8781
"/Game/__ExternalActors__/MyGame/Maps/FirstPersonMap/B/AI/RB3JA2252X45AMUQIP0MEO" 8782
"../../../../../Logiciels/Unreal Projects/Team6_Unreal/Content/__ExternalActors__/MyGame/Maps/FirstPersonMap/B/AI/RB3JA2252X45AMUQIP0MEO.uasset" 8783
"/Game/__ExternalActors__/MyGame/Maps/FirstPersonMap/B/B4/D8S8NH891LWARR2D37FGDV" 8784
"../../../../../Logiciels/Unreal Projects/Team6_Unreal/Content/__ExternalActors__/MyGame/Maps/FirstPersonMap/B/B4/D8S8NH891LWARR2D37FGDV.uasset" 8785
"/Game/__ExternalActors__/MyGame/Maps/FirstPersonMap/B/BC/9D6DY5F25DRBY4I2Y2X1YB" 8786
"../../../../../Logiciels/Unreal Projects/Team6_Unreal/Content/__ExternalActors__/MyGame/Maps/FirstPersonMap/B/BC/9D6DY5F25DRBY4I2Y2X1YB.uasset" 8787
"/Game/__ExternalActors__/MyGame/Maps/FirstPersonMap/B/DH/UM717UBYKVV7J7JQ5STNLA" 8788
"../../../../../Logiciels/Unreal Projects/Team6_Unreal/Content/__ExternalActors__/MyGame/Maps/FirstPersonMap/B/DH/UM717UBYKVV7J7JQ5STNLA.uasset" 8789
"/Game/__ExternalActors__/MyGame/Maps/FirstPersonMap/B/DO/BLQVR45I88TE74UMJO0I94" 8790
"../../../../../Logiciels/Unreal Projects/Team6_Unreal/Content/__ExternalActors__/MyGame/Maps/FirstPersonMap/B/DO/BLQVR45I88TE74UMJO0I94.uasset" 8791
"/Game/__ExternalActors__/MyGame/Maps/FirstPersonMap/B/EH/ASX4YBK7JOD0XGOFJUJMQR" 8792
"../../../../../Logiciels/Unreal Projects/Team6_Unreal/Content/__ExternalActors__/MyGame/Maps/FirstPersonMap/B/EH/ASX4YBK7JOD0XGOFJUJMQR.uasset" 8793
"/Game/__ExternalActors__/MyGame/Maps/FirstPersonMap/B/EH/ULYQMB754JKC6WHR28EMZE" 8794
"../../../../../Logiciels/Unreal Projects/Team6_Unreal/Content/__ExternalActors__/MyGame/Maps/FirstPersonMap/B/EH/ULYQMB754JKC6WHR28EMZE.uasset" 8795
"/Game/__ExternalActors__/MyGame/Maps/FirstPersonMap/B/EL/0H6LCLSMZEZIQNP35YCLB0" 8796
"../../../../../Logiciels/Unreal Projects/Team6_Unreal/Content/__ExternalActors__/MyGame/Maps/FirstPersonMap/B/EL/0H6LCLSMZEZIQNP35YCLB0.uasset" 8797
"/Game/__ExternalActors__/MyGame/Maps/FirstPersonMap/B/EP/X67BGCZYNY8USLNF3YTTFV" 8798
"../../../../../Logiciels/Unreal Projects/Team6_Unreal/Content/__ExternalActors__/MyGame/Maps/FirstPersonMap/B/EP/X67BGCZYNY8USLNF3YTTFV.uasset" 8799
"/Game/__ExternalActors__/MyGame/Maps/FirstPersonMap/B/F1/DMPZMDDV94RRXZ4CB7Q6DW" 8800
"../../../../../Logiciels/Unreal Projects/Team6_Unreal/Content/__ExternalActors__/MyGame/Maps/FirstPersonMap/B/F1/DMPZMDDV94RRXZ4CB7Q6DW.uasset" 8801
"/Game/__ExternalActors__/MyGame/Maps/FirstPersonMap/B/F8/VY8F0RBM8LSTOEHSC8TYMH" 8802
"../../../../../Logiciels/Unreal Projects/Team6_Unreal/Content/__ExternalActors__/MyGame/Maps/FirstPersonMap/B/F8/VY8F0RBM8LSTOEHSC8TYMH.uasset" 8803
"/Game/__ExternalActors__/MyGame/Maps/FirstPersonMap/B/G8/XVZ7L0BQRGY3H64M9IJ1QW" 8804
"../../../../../Logiciels/Unreal Projects/Team6_Unreal/Content/__ExternalActors__/MyGame/Maps/FirstPersonMap/B/G8/XVZ7L0BQRGY3H64M9IJ1QW.uasset" 8805
"/Game/__ExternalActors__/MyGame/Maps/FirstPersonMap/B/HH/PHB8NU4YJ54TBB72P3A1Y1" 8806
"../../../../../Logiciels/Unreal Projects/Team6_Unreal/Content/__ExternalActors__/MyGame/Maps/FirstPersonMap/B/HH/PHB8NU4YJ54TBB72P3A1Y1.uasset" 8807
"/Game/__ExternalActors__/MyGame/Maps/FirstPersonMap/B/HH/ZMDX8L7R5MN0EIUHTQUHS1" 8808
"../../../../../Logiciels/Unreal Projects/Team6_Unreal/Content/__ExternalActors__/MyGame/Maps/FirstPersonMap/B/HH/ZMDX8L7R5MN0EIUHTQUHS1.uasset" 8809
"/Game/__ExternalActors__/MyGame/Maps/FirstPersonMap/B/HM/G9R0GZC0KW3JB4ZW728V6D" 8810
"../../../../../Logiciels/Unreal Projects/Team6_Unreal/Content/__ExternalActors__/MyGame/Maps/FirstPersonMap/B/HM/G9R0GZC0KW3JB4ZW728V6D.uasset" 8811
"/Game/__ExternalActors__/MyGame/Maps/FirstPersonMap/B/IM/K7CQ76PZ7NS9L583AY1D9B" 8812
"../../../../../Logiciels/Unreal Projects/Team6_Unreal/Content/__ExternalActors__/MyGame/Maps/FirstPersonMap/B/IM/K7CQ76PZ7NS9L583AY1D9B.uasset" 8813
"/Game/__ExternalActors__/MyGame/Maps/FirstPersonMap/B/IO/YVIQU4F1CEWBHE8E8PFFVO" 8814
"../../../../../Logiciels/Unreal Projects/Team6_Unreal/Content/__ExternalActors__/MyGame/Maps/FirstPersonMap/B/IO/YVIQU4F1CEWBHE8E8PFFVO.uasset" 8815
"/Game/__ExternalActors__/MyGame/Maps/FirstPersonMap/B/J3/EXKRHW8129OKII0XMWV2W0" 8816
"../../../../../Logiciels/Unreal Projects/Team6_Unreal/Content/__ExternalActors__/MyGame/Maps/FirstPersonMap/B/J3/EXKRHW8129OKII0XMWV2W0.uasset" 8817
"/Game/__ExternalActors__/MyGame/Maps/FirstPersonMap/B/JX/4337IHQK0JLWULV1F9XM7W" 8818
"../../../../../Logiciels/Unreal Projects/Team6_Unreal/Content/__ExternalActors__/MyGame/Maps/FirstPersonMap/B/JX/4337IHQK0JLWULV1F9XM7W.uasset" 8819
"/Game/__ExternalActors__/MyGame/Maps/FirstPersonMap/B/K3/1MCSC8AQSP3AESWGEPVBHM" 8820
"../../../../../Logiciels/Unreal Projects/Team6_Unreal/Content/__ExternalActors__/MyGame/Maps/FirstPersonMap/B/K3/1MCSC8AQSP3AESWGEPVBHM.uasset" 8821
"/Game/__ExternalActors__/MyGame/Maps/FirstPersonMap/B/K3/K7CHIBEAZI52W5PGC88Y9C" 8822
"../../../../../Logiciels/Unreal Projects/Team6_Unreal/Content/__ExternalActors__/MyGame/Maps/FirstPersonMap/B/K3/K7CHIBEAZI52W5PGC88Y9C.uasset" 8823
"/Game/__ExternalActors__/MyGame/Maps/FirstPersonMap/B/KA/PZGAI1P2OF1L50JW5LG3C0" 8824
"../../../../../Logiciels/Unreal Projects/Team6_Unreal/Content/__ExternalActors__/MyGame/Maps/FirstPersonMap/B/KA/PZGAI1P2OF1L50JW5LG3C0.uasset" 8825
"/Game/__ExternalActors__/MyGame/Maps/FirstPersonMap/B/KG/IWXWQPJ71Y3BGNUGBDCX43" 8826
"../../../../../Logiciels/Unreal Projects/Team6_Unreal/Content/__ExternalActors__/MyGame/Maps/FirstPersonMap/B/KG/IWXWQPJ71Y3BGNUGBDCX43.uasset" 8827
"/Game/__ExternalActors__/MyGame/Maps/FirstPersonMap/B/KL/SM4XEU5W5EVOQN45ZWXZDK" 8828
"../../../../../Logiciels/Unreal Projects/Team6_Unreal/Content/__ExternalActors__/MyGame/Maps/FirstPersonMap/B/KL/SM4XEU5W5EVOQN45ZWXZDK.uasset" 8829
"/Game/__ExternalActors__/MyGame/Maps/FirstPersonMap/B/KZ/ECKS8150FG3V6O7PF2770T" 8830
"../../../../../Logiciels/Unreal Projects/Team6_Unreal/Content/__ExternalActors__/MyGame/Maps/FirstPersonMap/B/KZ/ECKS8150FG3V6O7PF2770T.uasset" 8831
"/Game/__ExternalActors__/MyGame/Maps/FirstPersonMap/B/KZ/KCLGGOSUYVOVQU2Q660H0E" 8832
"../../../../../Logiciels/Unreal Projects/Team6_Unreal/Content/__ExternalActors__/MyGame/Maps/FirstPersonMap/B/KZ/KCLGGOSUYVOVQU2Q660H0E.uasset" 8833
"/Game/__ExternalActors__/MyGame/Maps/FirstPersonMap/B/M2/39B4QA8QYXOPIUS8A7ZBEJ" 8834
"../../../../../Logiciels/Unreal Projects/Team6_Unreal/Content/__ExternalActors__/MyGame/Maps/FirstPersonMap/B/M2/39B4QA8QYXOPIUS8A7ZBEJ.uasset" 8835
"/Game/__ExternalActors__/MyGame/Maps/FirstPersonMap/B/N1/LVYOLRNEKLSPFPOIK4P0DD" 8836
"../../../../../Logiciels/Unreal Projects/Team6_Unreal/Content/__ExternalActors__/MyGame/Maps/FirstPersonMap/B/N1/LVYOLRNEKLSPFPOIK4P0DD.uasset" 8837
"/Game/__ExternalActors__/MyGame/Maps/FirstPersonMap/B/N3/5459BIPRCJJWCBZBJO2CUA" 8838
"../../../../../Logiciels/Unreal Projects/Team6_Unreal/Content/__ExternalActors__/MyGame/Maps/FirstPersonMap/B/N3/5459BIPRCJJWCBZBJO2CUA.uasset" 8839
"/Game/__ExternalActors__/MyGame/Maps/FirstPersonMap/B/O1/F85C1OP8ERDQNMSR3MPSM5" 8840
"../../../../../Logiciels/Unreal Projects/Team6_Unreal/Content/__ExternalActors__/MyGame/Maps/FirstPersonMap/B/O1/F85C1OP8ERDQNMSR3MPSM5.uasset" 8841
"/Game/__ExternalActors__/MyGame/Maps/FirstPersonMap/B/OQ/815H82FGWBEMKVCCH19ROX" 8842
"../../../../../Logiciels/Unreal Projects/Team6_Unreal/Content/__ExternalActors__/MyGame/Maps/FirstPersonMap/B/OQ/815H82FGWBEMKVCCH19ROX.uasset" 8843
"/Game/__ExternalActors__/MyGame/Maps/FirstPersonMap/B/P3/W3NGCD83OLULKG7ZFRL723" 8844
"../../../../../Logiciels/Unreal Projects/Team6_Unreal/Content/__ExternalActors__/MyGame/Maps/FirstPersonMap/B/P3/W3NGCD83OLULKG7ZFRL723.uasset" 8845
"/Game/__ExternalActors__/MyGame/Maps/FirstPersonMap/B/QD/EHL2DZBCY4QPOGECFXDFPO" 8846
"../../../../../Logiciels/Unreal Projects/Team6_Unreal/Content/__ExternalActors__/MyGame/Maps/FirstPersonMap/B/QD/EHL2DZBCY4QPOGECFXDFPO.uasset" 8847
"/Game/__ExternalActors__/MyGame/Maps/FirstPersonMap/B/QF/W8HY3UYPFIUEHLINFKNX84" 8848
"../../../../../Logiciels/Unreal Projects/Team6_Unreal/Content/__ExternalActors__/MyGame/Maps/FirstPersonMap/B/QF/W8HY3UYPFIUEHLINFKNX84.uasset" 8849
"/Game/__ExternalActors__/MyGame/Maps/FirstPersonMap/B/QH/81T05DKN606WMLTG9I7DBY" 8850
"../../../../../Logiciels/Unreal Projects/Team6_Unreal/Content/__ExternalActors__/MyGame/Maps/FirstPersonMap/B/QH/81T05DKN606WMLTG9I7DBY.uasset" 8851
"/Game/__ExternalActors__/MyGame/Maps/FirstPersonMap/B/QJ/O8N5OJSKZYTUT8V7LWDNNK" 8852
"../../../../../Logiciels/Unreal Projects/Team6_Unreal/Content/__ExternalActors__/MyGame/Maps/FirstPersonMap/B/QJ/O8N5OJSKZYTUT8V7LWDNNK.uasset" 8853
"/Game/__ExternalActors__/MyGame/Maps/FirstPersonMap/B/QT/3JWHM2ACW76PJHP5XSQASY" 8854
"../../../../../Logiciels/Unreal Projects/Team6_Unreal/Content/__ExternalActors__/MyGame/Maps/FirstPersonMap/B/QT/3JWHM2ACW76PJHP5XSQASY.uasset" 8855
"/Game/__ExternalActors__/MyGame/Maps/FirstPersonMap/B/R5/IKWNC3NSRRFJLQ926TWR2D" 8856
"../../../../../Logiciels/Unreal Projects/Team6_Unreal/Content/__ExternalActors__/MyGame/Maps/FirstPersonMap/B/R5/IKWNC3NSRRFJLQ926TWR2D.uasset" 8857
"/Game/__ExternalActors__/MyGame/Maps/FirstPersonMap/B/R8/5LWW9SENR58L7Z0VIA72ZV" 8858
"../../../../../Logiciels/Unreal Projects/Team6_Unreal/Content/__ExternalActors__/MyGame/Maps/FirstPersonMap/B/R8/5LWW9SENR58L7Z0VIA72ZV.uasset" 8859
"/Game/__ExternalActors__/MyGame/Maps/FirstPersonMap/B/RE/Z0QU9GLZU8GMTCSNBWNP2R" 8860
"../../../../../Logiciels/Unreal Projects/Team6_Unreal/Content/__ExternalActors__/MyGame/Maps/FirstPersonMap/B/RE/Z0QU9GLZU8GMTCSNBWNP2R.uasset" 8861
"/Game/__ExternalActors__/MyGame/Maps/FirstPersonMap/B/RG/Q4XWDLQZLKHNE2YE7QW0UP" 8862
"../../../../../Logiciels/Unreal Projects/Team6_Unreal/Content/__ExternalActors__/MyGame/Maps/FirstPersonMap/B/RG/Q4XWDLQZLKHNE2YE7QW0UP.uasset" 8863
"/Game/__ExternalActors__/MyGame/Maps/FirstPersonMap/B/SA/8YWTBUBZP4DMTZYBHMIFQM" 8864
"../../../../../Logiciels/Unreal Projects/Team6_Unreal/Content/__ExternalActors__/MyGame/Maps/FirstPersonMap/B/SA/8YWTBUBZP4DMTZYBHMIFQM.uasset" 8865
"/Game/__ExternalActors__/MyGame/Maps/FirstPersonMap/B/TQ/YVE6N92I6AJPGSUGJ5GSKQ" 8866
"../../../../../Logiciels/Unreal Projects/Team6_Unreal/Content/__ExternalActors__/MyGame/Maps/FirstPersonMap/B/TQ/YVE6N92I6AJPGSUGJ5GSKQ.uasset" 8867
"/Game/__ExternalActors__/MyGame/Maps/FirstPersonMap/B/UB/0S1J2T9A5ZOXAXG4PEK0LA" 8868
"../../../../../Logiciels/Unreal Projects/Team6_Unreal/Content/__ExternalActors__/MyGame/Maps/FirstPersonMap/B/UB/0S1J2T9A5ZOXAXG4PEK0LA.uasset" 8869
"/Game/__ExternalActors__/MyGame/Maps/FirstPersonMap/B/UK/2KQLDQEXDE1L79XP53Z2JS" 8870
"../../../../../Logiciels/Unreal Projects/Team6_Unreal/Content/__ExternalActors__/MyGame/Maps/FirstPersonMap/B/UK/2KQLDQEXDE1L79XP53Z2JS.uasset" 8871
"/Game/__ExternalActors__/MyGame/Maps/FirstPersonMap/B/VN/S8OH8WW81E71IYT5G2TG5L" 8872
"../../../../../Logiciels/Unreal Projects/Team6_Unreal/Content/__ExternalActors__/MyGame/Maps/FirstPersonMap/B/VN/S8OH8WW81E71IYT5G2TG5L.uasset" 8873
"/Game/__ExternalActors__/MyGame/Maps/FirstPersonMap/B/W8/8QIQB32C3PWH76ZYKOKOXU" 8874
"../../../../../Logiciels/Unreal Projects/Team6_Unreal/Content/__ExternalActors__/MyGame/Maps/FirstPersonMap/B/W8/8QIQB32C3PWH76ZYKOKOXU.uasset" 8875
"/Game/__ExternalActors__/MyGame/Maps/FirstPersonMap/B/WI/7HB7HVZB2ORVJKK5FAVTM3" 8876
"../../../../../Logiciels/Unreal Projects/Team6_Unreal/Content/__ExternalActors__/MyGame/Maps/FirstPersonMap/B/WI/7HB7HVZB2ORVJKK5FAVTM3.uasset" 8877
"/Game/__ExternalActors__/MyGame/Maps/FirstPersonMap/B/WJ/13WXMFLCS86B110YQGBV6W" 8878
"../../../../../Logiciels/Unreal Projects/Team6_Unreal/Content/__ExternalActors__/MyGame/Maps/FirstPersonMap/B/WJ/13WXMFLCS86B110YQGBV6W.uasset" 8879
"/Game/__ExternalActors__/MyGame/Maps/FirstPersonMap/B/WR/UMD5HBUTQ54X2TM0JFOIA0" 8880
"../../../../../Logiciels/Unreal Projects/Team6_Unreal/Content/__ExternalActors__/MyGame/Maps/FirstPersonMap/B/WR/UMD5HBUTQ54X2TM0JFOIA0.uasset" 8881
"/Game/__ExternalActors__/MyGame/Maps/FirstPersonMap/B/X6/K3U1DZIQSENBSBAMDPHKGW" 8882
"../../../../../Logiciels/Unreal Projects/Team6_Unreal/Content/__ExternalActors__/MyGame/Maps/FirstPersonMap/B/X6/K3U1DZIQSENBSBAMDPHKGW.uasset" 8883
"/Game/__ExternalActors__/MyGame/Maps/FirstPersonMap/B/XP/4600MD83XKP15KJ04YUOIV" 8884
"../../../../../Logiciels/Unreal Projects/Team6_Unreal/Content/__ExternalActors__/MyGame/Maps/FirstPersonMap/B/XP/4600MD83XKP15KJ04YUOIV.uasset" 8885
"/Game/__ExternalActors__/MyGame/Maps/FirstPersonMap/B/Y8/R9M4UVPS7IENOQDMYULJ2P" 8886
"../../../../../Logiciels/Unreal Projects/Team6_Unreal/Content/__ExternalActors__/MyGame/Maps/FirstPersonMap/B/Y8/R9M4UVPS7IENOQDMYULJ2P.uasset" 8887
"/Game/__ExternalActors__/MyGame/Maps/FirstPersonMap/B/YT/F2IRGN8HXJ3UP5G9MTKJ75" 8888
"../../../../../Logiciels/Unreal Projects/Team6_Unreal/Content/__ExternalActors__/MyGame/Maps/FirstPersonMap/B/YT/F2IRGN8HXJ3UP5G9MTKJ75.uasset" 8889
"/Game/__ExternalActors__/MyGame/Maps/FirstPersonMap/B/Z0/Y7P0G96XIUSHGNV8T4NSHN" 8890
"../../../../../Logiciels/Unreal Projects/Team6_Unreal/Content/__ExternalActors__/MyGame/Maps/FirstPersonMap/B/Z0/Y7P0G96XIUSHGNV8T4NSHN.uasset" 8891
"/Game/__ExternalActors__/MyGame/Maps/FirstPersonMap/C/1F/K3JTGTJ6Z6YMKQPCWFNM4D" 8892
"../../../../../Logiciels/Unreal Projects/Team6_Unreal/Content/__ExternalActors__/MyGame/Maps/FirstPersonMap/C/1F/K3JTGTJ6Z6YMKQPCWFNM4D.uasset" 8893
"/Game/__ExternalActors__/MyGame/Maps/FirstPersonMap/C/1I/VJM0BLJ399O4X01CN6VCHK" 8894
"../../../../../Logiciels/Unreal Projects/Team6_Unreal/Content/__ExternalActors__/MyGame/Maps/FirstPersonMap/C/1I/VJM0BLJ399O4X01CN6VCHK.uasset" 8895
"/Game/__ExternalActors__/MyGame/Maps/FirstPersonMap/C/2J/6E0RHULSPKFLI2LH4MPHHO" 8896
"../../../../../Logiciels/Unreal Projects/Team6_Unreal/Content/__ExternalActors__/MyGame/Maps/FirstPersonMap/C/2J/6E0RHULSPKFLI2LH4MPHHO.uasset" 8897
"/Game/__ExternalActors__/MyGame/Maps/FirstPersonMap/C/2Q/0VR0ODV486D1MWBO02QP89" 8898
"../../../../../Logiciels/Unreal Projects/Team6_Unreal/Content/__ExternalActors__/MyGame/Maps/FirstPersonMap/C/2Q/0VR0ODV486D1MWBO02QP89.uasset" 8899
"/Game/__ExternalActors__/MyGame/Maps/FirstPersonMap/C/3H/GBDD84WQ2IARTQR9A4VW4L" 8900
"../../../../../Logiciels/Unreal Projects/Team6_Unreal/Content/__ExternalActors__/MyGame/Maps/FirstPersonMap/C/3H/GBDD84WQ2IARTQR9A4VW4L.uasset" 8901
"/Game/__ExternalActors__/MyGame/Maps/FirstPersonMap/C/3N/5HQ13C7O5L8NJ7PWUWZBVL" 8902
"../../../../../Logiciels/Unreal Projects/Team6_Unreal/Content/__ExternalActors__/MyGame/Maps/FirstPersonMap/C/3N/5HQ13C7O5L8NJ7PWUWZBVL.uasset" 8903
"/Game/__ExternalActors__/MyGame/Maps/FirstPersonMap/C/3X/2SHSQBUQDRCBYRDNL8WXXC" 8904
"../../../../../Logiciels/Unreal Projects/Team6_Unreal/Content/__ExternalActors__/MyGame/Maps/FirstPersonMap/C/3X/2SHSQBUQDRCBYRDNL8WXXC.uasset" 8905
"/Game/__ExternalActors__/MyGame/Maps/FirstPersonMap/C/4G/QT5O3GT3027OKZ9ALD3T3P" 8906
"../../../../../Logiciels/Unreal Projects/Team6_Unreal/Content/__ExternalActors__/MyGame/Maps/FirstPersonMap/C/4G/QT5O3GT3027OKZ9ALD3T3P.uasset" 8907
"/Game/__ExternalActors__/MyGame/Maps/FirstPersonMap/C/5G/86I612HNBB1Z7XGR4E2EML" 8908
"../../../../../Logiciels/Unreal Projects/Team6_Unreal/Content/__ExternalActors__/MyGame/Maps/FirstPersonMap/C/5G/86I612HNBB1Z7XGR4E2EML.uasset" 8909
"/Game/__ExternalActors__/MyGame/Maps/FirstPersonMap/C/5U/RHS05BPCO6AW0B0G30ML8I" 8910
"../../../../../Logiciels/Unreal Projects/Team6_Unreal/Content/__ExternalActors__/MyGame/Maps/FirstPersonMap/C/5U/RHS05BPCO6AW0B0G30ML8I.uasset" 8911
"/Game/__ExternalActors__/MyGame/Maps/FirstPersonMap/C/5X/N3185V50OOH8EVL3LXOUCW" 8912
"../../../../../Logiciels/Unreal Projects/Team6_Unreal/Content/__ExternalActors__/MyGame/Maps/FirstPersonMap/C/5X/N3185V50OOH8EVL3LXOUCW.uasset" 8913
"/Game/__ExternalActors__/MyGame/Maps/FirstPersonMap/C/63/R42DW5R342R6Y6G81H210C" 8914
"../../../../../Logiciels/Unreal Projects/Team6_Unreal/Content/__ExternalActors__/MyGame/Maps/FirstPersonMap/C/63/R42DW5R342R6Y6G81H210C.uasset" 8915
"/Game/__ExternalActors__/MyGame/Maps/FirstPersonMap/C/6G/MG0Y917K1BSX38R3WJ7VPQ" 8916
"../../../../../Logiciels/Unreal Projects/Team6_Unreal/Content/__ExternalActors__/MyGame/Maps/FirstPersonMap/C/6G/MG0Y917K1BSX38R3WJ7VPQ.uasset" 8917
"/Game/__ExternalActors__/MyGame/Maps/FirstPersonMap/C/75/LD5QR41RRQE3KKFVW4MCBS" 8918
"../../../../../Logiciels/Unreal Projects/Team6_Unreal/Content/__ExternalActors__/MyGame/Maps/FirstPersonMap/C/75/LD5QR41RRQE3KKFVW4MCBS.uasset" 8919
"/Game/__ExternalActors__/MyGame/Maps/FirstPersonMap/C/8P/IBPVK9PMZVI42NOUBUKBSZ" 8920
"../../../../../Logiciels/Unreal Projects/Team6_Unreal/Content/__ExternalActors__/MyGame/Maps/FirstPersonMap/C/8P/IBPVK9PMZVI42NOUBUKBSZ.uasset" 8921
"/Game/__ExternalActors__/MyGame/Maps/FirstPersonMap/C/9P/I43XY4P80KFHL6CYLBPQV0" 8922
"../../../../../Logiciels/Unreal Projects/Team6_Unreal/Content/__ExternalActors__/MyGame/Maps/FirstPersonMap/C/9P/I43XY4P80KFHL6CYLBPQV0.uasset" 8923
"/Game/__ExternalActors__/MyGame/Maps/FirstPersonMap/C/AD/OYETA3QW3V7SM1ZCURXDEI" 8924
"../../../../../Logiciels/Unreal Projects/Team6_Unreal/Content/__ExternalActors__/MyGame/Maps/FirstPersonMap/C/AD/OYETA3QW3V7SM1ZCURXDEI.uasset" 8925
"/Game/__ExternalActors__/MyGame/Maps/FirstPersonMap/C/AI/NRQO6KXP1O6EF2QWOKVSA5" 8926
"../../../../../Logiciels/Unreal Projects/Team6_Unreal/Content/__ExternalActors__/MyGame/Maps/FirstPersonMap/C/AI/NRQO6KXP1O6EF2QWOKVSA5.uasset" 8927
"/Game/__ExternalActors__/MyGame/Maps/FirstPersonMap/C/AT/WPLXS33QM3B9KXLII6G59C" 8928
"../../../../../Logiciels/Unreal Projects/Team6_Unreal/Content/__ExternalActors__/MyGame/Maps/FirstPersonMap/C/AT/WPLXS33QM3B9KXLII6G59C.uasset" 8929
"/Game/__ExternalActors__/MyGame/Maps/FirstPersonMap/C/B0/MJWEGIJ6QQ32YAYX94SMVM" 8930
"../../../../../Logiciels/Unreal Projects/Team6_Unreal/Content/__ExternalActors__/MyGame/Maps/FirstPersonMap/C/B0/MJWEGIJ6QQ32YAYX94SMVM.uasset" 8931
"/Game/__ExternalActors__/MyGame/Maps/FirstPersonMap/C/BR/8BXYELSOF48J0FQ3ER4N1W" 8932
"../../../../../Logiciels/Unreal Projects/Team6_Unreal/Content/__ExternalActors__/MyGame/Maps/FirstPersonMap/C/BR/8BXYELSOF48J0FQ3ER4N1W.uasset" 8933
"/Game/__ExternalActors__/MyGame/Maps/FirstPersonMap/C/C1/ZFAFOCZ7R594AMJ7S9SWRD" 8934
"../../../../../Logiciels/Unreal Projects/Team6_Unreal/Content/__ExternalActors__/MyGame/Maps/FirstPersonMap/C/C1/ZFAFOCZ7R594AMJ7S9SWRD.uasset" 8935
"/Game/__ExternalActors__/MyGame/Maps/FirstPersonMap/C/C3/L8VOPX8I627GIKY5E1PMTA" 8936
"../../../../../Logiciels/Unreal Projects/Team6_Unreal/Content/__ExternalActors__/MyGame/Maps/FirstPersonMap/C/C3/L8VOPX8I627GIKY5E1PMTA.uasset" 8937
"/Game/__ExternalActors__/MyGame/Maps/FirstPersonMap/C/CN/V2NS1H5MNTB2X9CMNDHA82" 8938
"../../../../../Logiciels/Unreal Projects/Team6_Unreal/Content/__ExternalActors__/MyGame/Maps/FirstPersonMap/C/CN/V2NS1H5MNTB2X9CMNDHA82.uasset" 8939
"/Game/__ExternalActors__/MyGame/Maps/FirstPersonMap/C/D7/PH98U68GABGH0M1MFDTKPX" 8940
"../../../../../Logiciels/Unreal Projects/Team6_Unreal/Content/__ExternalActors__/MyGame/Maps/FirstPersonMap/C/D7/PH98U68GABGH0M1MFDTKPX.uasset" 8941
"/Game/__ExternalActors__/MyGame/Maps/FirstPersonMap/C/E8/C68JSHTOOEGI4WGOC4FV4A" 8942
"../../../../../Logiciels/Unreal Projects/Team6_Unreal/Content/__ExternalActors__/MyGame/Maps/FirstPersonMap/C/E8/C68JSHTOOEGI4WGOC4FV4A.uasset" 8943
"/Game/__ExternalActors__/MyGame/Maps/FirstPersonMap/C/EK/YEYYPWJTR10XVKLQ4DKJCJ" 8944
"../../../../../Logiciels/Unreal Projects/Team6_Unreal/Content/__ExternalActors__/MyGame/Maps/FirstPersonMap/C/EK/YEYYPWJTR10XVKLQ4DKJCJ.uasset" 8945
"/Game/__ExternalActors__/MyGame/Maps/FirstPersonMap/C/EO/PB7I18JL4UUSF3EYW5ELDN" 8946
"../../../../../Logiciels/Unreal Projects/Team6_Unreal/Content/__ExternalActors__/MyGame/Maps/FirstPersonMap/C/EO/PB7I18JL4UUSF3EYW5ELDN.uasset" 8947
"/Game/__ExternalActors__/MyGame/Maps/FirstPersonMap/C/EP/ZPHGSWW7XLXLNAMSVZXI97" 8948
"../../../../../Logiciels/Unreal Projects/Team6_Unreal/Content/__ExternalActors__/MyGame/Maps/FirstPersonMap/C/EP/ZPHGSWW7XLXLNAMSVZXI97.uasset" 8949
"/Game/__ExternalActors__/MyGame/Maps/FirstPersonMap/C/EU/CUX72F2KQ7YT7ELUUEX60V" 8950
"../../../../../Logiciels/Unreal Projects/Team6_Unreal/Content/__ExternalActors__/MyGame/Maps/FirstPersonMap/C/EU/CUX72F2KQ7YT7ELUUEX60V.uasset" 8951
"/Game/__ExternalActors__/MyGame/Maps/FirstPersonMap/C/EU/TX1WFRPS8AN0WOBKE2K3KI" 8952
"../../../../../Logiciels/Unreal Projects/Team6_Unreal/Content/__ExternalActors__/MyGame/Maps/FirstPersonMap/C/EU/TX1WFRPS8AN0WOBKE2K3KI.uasset" 8953
"/Game/__ExternalActors__/MyGame/Maps/FirstPersonMap/C/F7/70TW1DKZ5PB4HH0TR6GLRM" 8954
"../../../../../Logiciels/Unreal Projects/Team6_Unreal/Content/__ExternalActors__/MyGame/Maps/FirstPersonMap/C/F7/70TW1DKZ5PB4HH0TR6GLRM.uasset" 8955
"/Game/__ExternalActors__/MyGame/Maps/FirstPersonMap/C/FL/9UT1MSCSIDPE250R3STPIY" 8956
"../../../../../Logiciels/Unreal Projects/Team6_Unreal/Content/__ExternalActors__/MyGame/Maps/FirstPersonMap/C/FL/9UT1MSCSIDPE250R3STPIY.uasset" 8957
"/Game/__ExternalActors__/MyGame/Maps/FirstPersonMap/C/FM/MHYSKM9NSG2SVQH6WEVVJZ" 8958
"../../../../../Logiciels/Unreal Projects/Team6_Unreal/Content/__ExternalActors__/MyGame/Maps/FirstPersonMap/C/FM/MHYSKM9NSG2SVQH6WEVVJZ.uasset" 8959
"/Game/__ExternalActors__/MyGame/Maps/FirstPersonMap/C/FS/ZIEAURO8PME41AB5V7CHG6" 8960
"../../../../../Logiciels/Unreal Projects/Team6_Unreal/Content/__ExternalActors__/MyGame/Maps/FirstPersonMap/C/FS/ZIEAURO8PME41AB5V7CHG6.uasset" 8961
"/Game/__ExternalActors__/MyGame/Maps/FirstPersonMap/C/G4/CS3VAA18VWUN1GYHX2M4NZ" 8962
"../../../../../Logiciels/Unreal Projects/Team6_Unreal/Content/__ExternalActors__/MyGame/Maps/FirstPersonMap/C/G4/CS3VAA18VWUN1GYHX2M4NZ.uasset" 8963
"/Game/__ExternalActors__/MyGame/Maps/FirstPersonMap/C/H1/9FJICLLGDK8UPOHVKDRJO9" 8964
"../../../../../Logiciels/Unreal Projects/Team6_Unreal/Content/__ExternalActors__/MyGame/Maps/FirstPersonMap/C/H1/9FJICLLGDK8UPOHVKDRJO9.uasset" 8965
"/Game/__ExternalActors__/MyGame/Maps/FirstPersonMap/C/HC/K7MUDJWX7V10IE5NDP5HQI" 8966
"../../../../../Logiciels/Unreal Projects/Team6_Unreal/Content/__ExternalActors__/MyGame/Maps/FirstPersonMap/C/HC/K7MUDJWX7V10IE5NDP5HQI.uasset" 8967
"/Game/__ExternalActors__/MyGame/Maps/FirstPersonMap/C/HL/ADB264I8FF5GRJOBFJMPIO" 8968
"../../../../../Logiciels/Unreal Projects/Team6_Unreal/Content/__ExternalActors__/MyGame/Maps/FirstPersonMap/C/HL/ADB264I8FF5GRJOBFJMPIO.uasset" 8969
"/Game/__ExternalActors__/MyGame/Maps/FirstPersonMap/C/IT/61VH9N01VJXS38OGEUE33B" 8970
"../../../../../Logiciels/Unreal Projects/Team6_Unreal/Content/__ExternalActors__/MyGame/Maps/FirstPersonMap/C/IT/61VH9N01VJXS38OGEUE33B.uasset" 8971
"/Game/__ExternalActors__/MyGame/Maps/FirstPersonMap/C/K1/5IEUASXSP9KCEAK1EU5M6D" 8972
"../../../../../Logiciels/Unreal Projects/Team6_Unreal/Content/__ExternalActors__/MyGame/Maps/FirstPersonMap/C/K1/5IEUASXSP9KCEAK1EU5M6D.uasset" 8973
"/Game/__ExternalActors__/MyGame/Maps/FirstPersonMap/C/MD/MGU4V26LXR2OZE6L43CHWV" 8974
"../../../../../Logiciels/Unreal Projects/Team6_Unreal/Content/__ExternalActors__/MyGame/Maps/FirstPersonMap/C/MD/MGU4V26LXR2OZE6L43CHWV.uasset" 8975
"/Game/__ExternalActors__/MyGame/Maps/FirstPersonMap/C/ME/X20US5ZVEVQVHZ8C3GE70D" 8976
"../../../../../Logiciels/Unreal Projects/Team6_Unreal/Content/__ExternalActors__/MyGame/Maps/FirstPersonMap/C/ME/X20US5ZVEVQVHZ8C3GE70D.uasset" 8977
"/Game/__ExternalActors__/MyGame/Maps/FirstPersonMap/C/MJ/Y6XLI6YIKMMUE8S35C7HZ0" 8978
"../../../../../Logiciels/Unreal Projects/Team6_Unreal/Content/__ExternalActors__/MyGame/Maps/FirstPersonMap/C/MJ/Y6XLI6YIKMMUE8S35C7HZ0.uasset" 8979
"/Game/__ExternalActors__/MyGame/Maps/FirstPersonMap/C/MP/3OUODOAAVNC0HJXGCU0S59" 8980
"../../../../../Logiciels/Unreal Projects/Team6_Unreal/Content/__ExternalActors__/MyGame/Maps/FirstPersonMap/C/MP/3OUODOAAVNC0HJXGCU0S59.uasset" 8981
"/Game/__ExternalActors__/MyGame/Maps/FirstPersonMap/C/NC/N0QE6TJ7RINP7T673026ZM" 8982
"../../../../../Logiciels/Unreal Projects/Team6_Unreal/Content/__ExternalActors__/MyGame/Maps/FirstPersonMap/C/NC/N0QE6TJ7RINP7T673026ZM.uasset" 8983
"/Game/__ExternalActors__/MyGame/Maps/FirstPersonMap/C/ND/B1MM1JMV5961BSD8IZ6CYN" 8984
"../../../../../Logiciels/Unreal Projects/Team6_Unreal/Content/__ExternalActors__/MyGame/Maps/FirstPersonMap/C/ND/B1MM1JMV5961BSD8IZ6CYN.uasset" 8985
"/Game/__ExternalActors__/MyGame/Maps/FirstPersonMap/C/O2/XDDPBOQOGFGGS2IES16A6O" 8986
"../../../../../Logiciels/Unreal Projects/Team6_Unreal/Content/__ExternalActors__/MyGame/Maps/FirstPersonMap/C/O2/XDDPBOQOGFGGS2IES16A6O.uasset" 8987
"/Game/__ExternalActors__/MyGame/Maps/FirstPersonMap/C/P3/RG6L7AYXVA6BEE4HW0KOU5" 8988
"../../../../../Logiciels/Unreal Projects/Team6_Unreal/Content/__ExternalActors__/MyGame/Maps/FirstPersonMap/C/P3/RG6L7AYXVA6BEE4HW0KOU5.uasset" 8989
"/Game/__ExternalActors__/MyGame/Maps/FirstPersonMap/C/QK/9YJ7IHE0JX26P2QNRZV6EX" 8990
"../../../../../Logiciels/Unreal Projects/Team6_Unreal/Content/__ExternalActors__/MyGame/Maps/FirstPersonMap/C/QK/9YJ7IHE0JX26P2QNRZV6EX.uasset" 8991
"/Game/__ExternalActors__/MyGame/Maps/FirstPersonMap/C/R2/O2SNKSP7S4LBCPYB7566R4" 8992
"../../../../../Logiciels/Unreal Projects/Team6_Unreal/Content/__ExternalActors__/MyGame/Maps/FirstPersonMap/C/R2/O2SNKSP7S4LBCPYB7566R4.uasset" 8993
"/Game/__ExternalActors__/MyGame/Maps/FirstPersonMap/C/R3/WKPP149GSVDBKFTBF8HZY9" 8994
"../../../../../Logiciels/Unreal Projects/Team6_Unreal/Content/__ExternalActors__/MyGame/Maps/FirstPersonMap/C/R3/WKPP149GSVDBKFTBF8HZY9.uasset" 8995
"/Game/__ExternalActors__/MyGame/Maps/FirstPersonMap/C/RC/7SDDZHI7B85S2OGY6RRN7E" 8996
"../../../../../Logiciels/Unreal Projects/Team6_Unreal/Content/__ExternalActors__/MyGame/Maps/FirstPersonMap/C/RC/7SDDZHI7B85S2OGY6RRN7E.uasset" 8997
"/Game/__ExternalActors__/MyGame/Maps/FirstPersonMap/C/RC/WV9561XN3LOK64P8IJR7NP" 8998
"../../../../../Logiciels/Unreal Projects/Team6_Unreal/Content/__ExternalActors__/MyGame/Maps/FirstPersonMap/C/RC/WV9561XN3LOK64P8IJR7NP.uasset" 8999
"/Game/__ExternalActors__/MyGame/Maps/FirstPersonMap/C/RW/0CZ0MQBS966ZD5SN151NT4" 9000
"../../../../../Logiciels/Unreal Projects/Team6_Unreal/Content/__ExternalActors__/MyGame/Maps/FirstPersonMap/C/RW/0CZ0MQBS966ZD5SN151NT4.uasset" 9001
"/Game/__ExternalActors__/MyGame/Maps/FirstPersonMap/C/S6/NJS4BP3373R8AGHSSDYQCK" 9002
"../../../../../Logiciels/Unreal Projects/Team6_Unreal/Content/__ExternalActors__/MyGame/Maps/FirstPersonMap/C/S6/NJS4BP3373R8AGHSSDYQCK.uasset" 9003
"/Game/__ExternalActors__/MyGame/Maps/FirstPersonMap/C/SD/7JE5FI4N6BBPGPBEDYW9D5" 9004
"../../../../../Logiciels/Unreal Projects/Team6_Unreal/Content/__ExternalActors__/MyGame/Maps/FirstPersonMap/C/SD/7JE5FI4N6BBPGPBEDYW9D5.uasset" 9005
"/Game/__ExternalActors__/MyGame/Maps/FirstPersonMap/C/U8/KH4I5AJICZOJFHSGNNUSQ4" 9006
"../../../../../Logiciels/Unreal Projects/Team6_Unreal/Content/__ExternalActors__/MyGame/Maps/FirstPersonMap/C/U8/KH4I5AJICZOJFHSGNNUSQ4.uasset" 9007
"/Game/__ExternalActors__/MyGame/Maps/FirstPersonMap/C/UB/QNA89163M6AESSGK3KGQDP" 9008
"../../../../../Logiciels/Unreal Projects/Team6_Unreal/Content/__ExternalActors__/MyGame/Maps/FirstPersonMap/C/UB/QNA89163M6AESSGK3KGQDP.uasset" 9009
"/Game/__ExternalActors__/MyGame/Maps/FirstPersonMap/C/UN/FN0GKH8WTANA6G6EJ6TVD3" 9010
"../../../../../Logiciels/Unreal Projects/Team6_Unreal/Content/__ExternalActors__/MyGame/Maps/FirstPersonMap/C/UN/FN0GKH8WTANA6G6EJ6TVD3.uasset" 9011
"/Game/__ExternalActors__/MyGame/Maps/FirstPersonMap/C/V5/7WEK4RSBOR1DA7ROW9OXZ1" 9012
"../../../../../Logiciels/Unreal Projects/Team6_Unreal/Content/__ExternalActors__/MyGame/Maps/FirstPersonMap/C/V5/7WEK4RSBOR1DA7ROW9OXZ1.uasset" 9013
"/Game/__ExternalActors__/MyGame/Maps/FirstPersonMap/C/VQ/31IGMPP52G3CNULAGIYRHQ" 9014
"../../../../../Logiciels/Unreal Projects/Team6_Unreal/Content/__ExternalActors__/MyGame/Maps/FirstPersonMap/C/VQ/31IGMPP52G3CNULAGIYRHQ.uasset" 9015
"/Game/__ExternalActors__/MyGame/Maps/FirstPersonMap/C/VV/MJ8IJLOUUP8F2PM8961YZX" 9016
"../../../../../Logiciels/Unreal Projects/Team6_Unreal/Content/__ExternalActors__/MyGame/Maps/FirstPersonMap/C/VV/MJ8IJLOUUP8F2PM8961YZX.uasset" 9017
"/Game/__ExternalActors__/MyGame/Maps/FirstPersonMap/C/WN/W6SIBX2X0ETDUR7G50XOYB" 9018
"../../../../../Logiciels/Unreal Projects/Team6_Unreal/Content/__ExternalActors__/MyGame/Maps/FirstPersonMap/C/WN/W6SIBX2X0ETDUR7G50XOYB.uasset" 9019
"/Game/__ExternalActors__/MyGame/Maps/FirstPersonMap/C/WP/SB7SGWAXCNO0K1S2UFHPA1" 9020
"../../../../../Logiciels/Unreal Projects/Team6_Unreal/Content/__ExternalActors__/MyGame/Maps/FirstPersonMap/C/WP/SB7SGWAXCNO0K1S2UFHPA1.uasset" 9021
"/Game/__ExternalActors__/MyGame/Maps/FirstPersonMap/C/XE/VD99UKIWE9YG0J2EQ5238P" 9022
"../../../../../Logiciels/Unreal Projects/Team6_Unreal/Content/__ExternalActors__/MyGame/Maps/FirstPersonMap/C/XE/VD99UKIWE9YG0J2EQ5238P.uasset" 9023
"/Game/__ExternalActors__/MyGame/Maps/FirstPersonMap/C/YK/74CX12MD4VXNE6K6TE7W4W" 9024
"../../../../../Logiciels/Unreal Projects/Team6_Unreal/Content/__ExternalActors__/MyGame/Maps/FirstPersonMap/C/YK/74CX12MD4VXNE6K6TE7W4W.uasset" 9025
"/Game/__ExternalActors__/MyGame/Maps/FirstPersonMap/C/YO/7BYW2CGIMJ7ZH3Q4RW7VY0" 9026
"../../../../../Logiciels/Unreal Projects/Team6_Unreal/Content/__ExternalActors__/MyGame/Maps/FirstPersonMap/C/YO/7BYW2CGIMJ7ZH3Q4RW7VY0.uasset" 9027
"/Game/__ExternalActors__/MyGame/Maps/FirstPersonMap/D/0G/F93L4V3RX1Y6QBL6ABLJSW" 9028
"../../../../../Logiciels/Unreal Projects/Team6_Unreal/Content/__ExternalActors__/MyGame/Maps/FirstPersonMap/D/0G/F93L4V3RX1Y6QBL6ABLJSW.uasset" 9029
"/Game/__ExternalActors__/MyGame/Maps/FirstPersonMap/D/19/I1KW42BTEKTSYDO6EFPGXH" 9030
"../../../../../Logiciels/Unreal Projects/Team6_Unreal/Content/__ExternalActors__/MyGame/Maps/FirstPersonMap/D/19/I1KW42BTEKTSYDO6EFPGXH.uasset" 9031
"/Game/__ExternalActors__/MyGame/Maps/FirstPersonMap/D/2A/WPE89TY08JJMICHZYX1M0T" 9032
"../../../../../Logiciels/Unreal Projects/Team6_Unreal/Content/__ExternalActors__/MyGame/Maps/FirstPersonMap/D/2A/WPE89TY08JJMICHZYX1M0T.uasset" 9033
"/Game/__ExternalActors__/MyGame/Maps/FirstPersonMap/D/35/54KBZX5YZJLZQYBFR0R7SF" 9034
"../../../../../Logiciels/Unreal Projects/Team6_Unreal/Content/__ExternalActors__/MyGame/Maps/FirstPersonMap/D/35/54KBZX5YZJLZQYBFR0R7SF.uasset" 9035
"/Game/__ExternalActors__/MyGame/Maps/FirstPersonMap/D/3I/OHXT3R23E5CZDB6PUV6VLF" 9036
"../../../../../Logiciels/Unreal Projects/Team6_Unreal/Content/__ExternalActors__/MyGame/Maps/FirstPersonMap/D/3I/OHXT3R23E5CZDB6PUV6VLF.uasset" 9037
"/Game/__ExternalActors__/MyGame/Maps/FirstPersonMap/D/4E/OX7MFWQM77QDUM4VZ95U8K" 9038
"../../../../../Logiciels/Unreal Projects/Team6_Unreal/Content/__ExternalActors__/MyGame/Maps/FirstPersonMap/D/4E/OX7MFWQM77QDUM4VZ95U8K.uasset" 9039
"/Game/__ExternalActors__/MyGame/Maps/FirstPersonMap/D/57/H0YDTU4ZNPMTEQG4UNCF6E" 9040
"../../../../../Logiciels/Unreal Projects/Team6_Unreal/Content/__ExternalActors__/MyGame/Maps/FirstPersonMap/D/57/H0YDTU4ZNPMTEQG4UNCF6E.uasset" 9041
"/Game/__ExternalActors__/MyGame/Maps/FirstPersonMap/D/5A/WLT37JDBU5EMUEQW3TRD3G" 9042
"../../../../../Logiciels/Unreal Projects/Team6_Unreal/Content/__ExternalActors__/MyGame/Maps/FirstPersonMap/D/5A/WLT37JDBU5EMUEQW3TRD3G.uasset" 9043
"/Game/__ExternalActors__/MyGame/Maps/FirstPersonMap/D/8J/ESCEQWDRWVFR224DVUOJ9N" 9044
"../../../../../Logiciels/Unreal Projects/Team6_Unreal/Content/__ExternalActors__/MyGame/Maps/FirstPersonMap/D/8J/ESCEQWDRWVFR224DVUOJ9N.uasset" 9045
"/Game/__ExternalActors__/MyGame/Maps/FirstPersonMap/D/8W/9WM5QT2P85GHXHV9697OF2" 9046
"../../../../../Logiciels/Unreal Projects/Team6_Unreal/Content/__ExternalActors__/MyGame/Maps/FirstPersonMap/D/8W/9WM5QT2P85GHXHV9697OF2.uasset" 9047
"/Game/__ExternalActors__/MyGame/Maps/FirstPersonMap/D/97/24S4JJHA4LVHL2D6L6AXN0" 9048
"../../../../../Logiciels/Unreal Projects/Team6_Unreal/Content/__ExternalActors__/MyGame/Maps/FirstPersonMap/D/97/24S4JJHA4LVHL2D6L6AXN0.uasset" 9049
"/Game/__ExternalActors__/MyGame/Maps/FirstPersonMap/D/9W/M5HP1H7E73T488J8V842A7" 9050
"../../../../../Logiciels/Unreal Projects/Team6_Unreal/Content/__ExternalActors__/MyGame/Maps/FirstPersonMap/D/9W/M5HP1H7E73T488J8V842A7.uasset" 9051
"/Game/__ExternalActors__/MyGame/Maps/FirstPersonMap/D/AK/9WWAKB8DSZN6UQOMJ9CKP0" 9052
"../../../../../Logiciels/Unreal Projects/Team6_Unreal/Content/__ExternalActors__/MyGame/Maps/FirstPersonMap/D/AK/9WWAKB8DSZN6UQOMJ9CKP0.uasset" 9053
"/Game/__ExternalActors__/MyGame/Maps/FirstPersonMap/D/AK/WYPSVL9LFSYD2RUS3S94GG" 9054
"../../../../../Logiciels/Unreal Projects/Team6_Unreal/Content/__ExternalActors__/MyGame/Maps/FirstPersonMap/D/AK/WYPSVL9LFSYD2RUS3S94GG.uasset" 9055
"/Game/__ExternalActors__/MyGame/Maps/FirstPersonMap/D/AM/LS04TZNH2F3IJXMYMVLEKV" 9056
"../../../../../Logiciels/Unreal Projects/Team6_Unreal/Content/__ExternalActors__/MyGame/Maps/FirstPersonMap/D/AM/LS04TZNH2F3IJXMYMVLEKV.uasset" 9057
"/Game/__ExternalActors__/MyGame/Maps/FirstPersonMap/D/AZ/M8D710AO3FIX4SE4719PED" 9058
"../../../../../Logiciels/Unreal Projects/Team6_Unreal/Content/__ExternalActors__/MyGame/Maps/FirstPersonMap/D/AZ/M8D710AO3FIX4SE4719PED.uasset" 9059
"/Game/__ExternalActors__/MyGame/Maps/FirstPersonMap/D/B1/R1CYHZOLKL0ML8EMO9D5PZ" 9060
"../../../../../Logiciels/Unreal Projects/Team6_Unreal/Content/__ExternalActors__/MyGame/Maps/FirstPersonMap/D/B1/R1CYHZOLKL0ML8EMO9D5PZ.uasset" 9061
"/Game/__ExternalActors__/MyGame/Maps/FirstPersonMap/D/B6/0FD1L0ZE7AJ7Q8ZUPCRMZD" 9062
"../../../../../Logiciels/Unreal Projects/Team6_Unreal/Content/__ExternalActors__/MyGame/Maps/FirstPersonMap/D/B6/0FD1L0ZE7AJ7Q8ZUPCRMZD.uasset" 9063
"/Game/__ExternalActors__/MyGame/Maps/FirstPersonMap/D/DW/DSJC17DFQ9FJI5M8EUFNDV" 9064
"../../../../../Logiciels/Unreal Projects/Team6_Unreal/Content/__ExternalActors__/MyGame/Maps/FirstPersonMap/D/DW/DSJC17DFQ9FJI5M8EUFNDV.uasset" 9065
"/Game/__ExternalActors__/MyGame/Maps/FirstPersonMap/D/EL/RFSGTBGPWWYVUX7F29YKAZ" 9066
"../../../../../Logiciels/Unreal Projects/Team6_Unreal/Content/__ExternalActors__/MyGame/Maps/FirstPersonMap/D/EL/RFSGTBGPWWYVUX7F29YKAZ.uasset" 9067
"/Game/__ExternalActors__/MyGame/Maps/FirstPersonMap/D/F5/2IRFPB7FCDCH2Q9HZGU4QP" 9068
"../../../../../Logiciels/Unreal Projects/Team6_Unreal/Content/__ExternalActors__/MyGame/Maps/FirstPersonMap/D/F5/2IRFPB7FCDCH2Q9HZGU4QP.uasset" 9069
"/Game/__ExternalActors__/MyGame/Maps/FirstPersonMap/D/F6/SC6DG5CZFRH2OZMIWRD1WJ" 9070
"../../../../../Logiciels/Unreal Projects/Team6_Unreal/Content/__ExternalActors__/MyGame/Maps/FirstPersonMap/D/F6/SC6DG5CZFRH2OZMIWRD1WJ.uasset" 9071
"/Game/__ExternalActors__/MyGame/Maps/FirstPersonMap/D/HR/ZCL2CSOWAMNSJ9SARWCZBS" 9072
"../../../../../Logiciels/Unreal Projects/Team6_Unreal/Content/__ExternalActors__/MyGame/Maps/FirstPersonMap/D/HR/ZCL2CSOWAMNSJ9SARWCZBS.uasset" 9073
"/Game/__ExternalActors__/MyGame/Maps/FirstPersonMap/D/IA/ZRN2Z04J7PDNZAP1FHMWFE" 9074
"../../../../../Logiciels/Unreal Projects/Team6_Unreal/Content/__ExternalActors__/MyGame/Maps/FirstPersonMap/D/IA/ZRN2Z04J7PDNZAP1FHMWFE.uasset" 9075
"/Game/__ExternalActors__/MyGame/Maps/FirstPersonMap/D/IG/S4RAUNUF2P22WAVDPGAJV9" 9076
"../../../../../Logiciels/Unreal Projects/Team6_Unreal/Content/__ExternalActors__/MyGame/Maps/FirstPersonMap/D/IG/S4RAUNUF2P22WAVDPGAJV9.uasset" 9077
"/Game/__ExternalActors__/MyGame/Maps/FirstPersonMap/D/J9/N3Y5GKZI66O34QOLSCYP3F" 9078
"../../../../../Logiciels/Unreal Projects/Team6_Unreal/Content/__ExternalActors__/MyGame/Maps/FirstPersonMap/D/J9/N3Y5GKZI66O34QOLSCYP3F.uasset" 9079
"/Game/__ExternalActors__/MyGame/Maps/FirstPersonMap/D/JQ/2AW5VSYNT238Y9EFXCX0I3" 9080
"../../../../../Logiciels/Unreal Projects/Team6_Unreal/Content/__ExternalActors__/MyGame/Maps/FirstPersonMap/D/JQ/2AW5VSYNT238Y9EFXCX0I3.uasset" 9081
"/Game/__ExternalActors__/MyGame/Maps/FirstPersonMap/D/KI/YSHRSKOFO1EIDIPG1T4F9N" 9082
"../../../../../Logiciels/Unreal Projects/Team6_Unreal/Content/__ExternalActors__/MyGame/Maps/FirstPersonMap/D/KI/YSHRSKOFO1EIDIPG1T4F9N.uasset" 9083
"/Game/__ExternalActors__/MyGame/Maps/FirstPersonMap/D/KL/VS6988A1CL4ZEZXG0NE77L" 9084
"../../../../../Logiciels/Unreal Projects/Team6_Unreal/Content/__ExternalActors__/MyGame/Maps/FirstPersonMap/D/KL/VS6988A1CL4ZEZXG0NE77L.uasset" 9085
"/Game/__ExternalActors__/MyGame/Maps/FirstPersonMap/D/KW/MCQ38Q94VXU9GZRR4TULZ9" 9086
"../../../../../Logiciels/Unreal Projects/Team6_Unreal/Content/__ExternalActors__/MyGame/Maps/FirstPersonMap/D/KW/MCQ38Q94VXU9GZRR4TULZ9.uasset" 9087
"/Game/__ExternalActors__/MyGame/Maps/FirstPersonMap/D/LN/4RQJ8M55WLNC6S2OD5C31D" 9088
"../../../../../Logiciels/Unreal Projects/Team6_Unreal/Content/__ExternalActors__/MyGame/Maps/FirstPersonMap/D/LN/4RQJ8M55WLNC6S2OD5C31D.uasset" 9089
"/Game/__ExternalActors__/MyGame/Maps/FirstPersonMap/D/LV/45NYR4WGNELB1N0S1VGRIS" 9090
"../../../../../Logiciels/Unreal Projects/Team6_Unreal/Content/__ExternalActors__/MyGame/Maps/FirstPersonMap/D/LV/45NYR4WGNELB1N0S1VGRIS.uasset" 9091
"/Game/__ExternalActors__/MyGame/Maps/FirstPersonMap/D/M3/P5SEHQ4ERESG0RJAPFMA1L" 9092
"../../../../../Logiciels/Unreal Projects/Team6_Unreal/Content/__ExternalActors__/MyGame/Maps/FirstPersonMap/D/M3/P5SEHQ4ERESG0RJAPFMA1L.uasset" 9093
"/Game/__ExternalActors__/MyGame/Maps/FirstPersonMap/D/MT/6WAZBQ5TT0AAVDXP4T3JT2" 9094
"../../../../../Logiciels/Unreal Projects/Team6_Unreal/Content/__ExternalActors__/MyGame/Maps/FirstPersonMap/D/MT/6WAZBQ5TT0AAVDXP4T3JT2.uasset" 9095
"/Game/__ExternalActors__/MyGame/Maps/FirstPersonMap/D/NB/2Y5K3MJFZF2YH9WUY3Q1IO" 9096
"../../../../../Logiciels/Unreal Projects/Team6_Unreal/Content/__ExternalActors__/MyGame/Maps/FirstPersonMap/D/NB/2Y5K3MJFZF2YH9WUY3Q1IO.uasset" 9097
"/Game/__ExternalActors__/MyGame/Maps/FirstPersonMap/D/NJ/8DB4ET78BAE8TNUZ0AROVL" 9098
"../../../../../Logiciels/Unreal Projects/Team6_Unreal/Content/__ExternalActors__/MyGame/Maps/FirstPersonMap/D/NJ/8DB4ET78BAE8TNUZ0AROVL.uasset" 9099
"/Game/__ExternalActors__/MyGame/Maps/FirstPersonMap/D/O0/DWPR32065T67GTNQ5D3E4J" 9100
"../../../../../Logiciels/Unreal Projects/Team6_Unreal/Content/__ExternalActors__/MyGame/Maps/FirstPersonMap/D/O0/DWPR32065T67GTNQ5D3E4J.uasset" 9101
"/Game/__ExternalActors__/MyGame/Maps/FirstPersonMap/D/OA/MOLI6LWLILWHK6FXTLOJ66" 9102
"../../../../../Logiciels/Unreal Projects/Team6_Unreal/Content/__ExternalActors__/MyGame/Maps/FirstPersonMap/D/OA/MOLI6LWLILWHK6FXTLOJ66.uasset" 9103
"/Game/__ExternalActors__/MyGame/Maps/FirstPersonMap/D/OQ/VV7YJ29BDV43LH3WQVNZPV" 9104
"../../../../../Logiciels/Unreal Projects/Team6_Unreal/Content/__ExternalActors__/MyGame/Maps/FirstPersonMap/D/OQ/VV7YJ29BDV43LH3WQVNZPV.uasset" 9105
"/Game/__ExternalActors__/MyGame/Maps/FirstPersonMap/D/QF/F1HWMMUB5F13HAX4OEPP68" 9106
"../../../../../Logiciels/Unreal Projects/Team6_Unreal/Content/__ExternalActors__/MyGame/Maps/FirstPersonMap/D/QF/F1HWMMUB5F13HAX4OEPP68.uasset" 9107
"/Game/__ExternalActors__/MyGame/Maps/FirstPersonMap/D/R1/IRJWZ7N3PS43TOCMC0CRYU" 9108
"../../../../../Logiciels/Unreal Projects/Team6_Unreal/Content/__ExternalActors__/MyGame/Maps/FirstPersonMap/D/R1/IRJWZ7N3PS43TOCMC0CRYU.uasset" 9109
"/Game/__ExternalActors__/MyGame/Maps/FirstPersonMap/D/RD/44GCLW01H7F8GP0X6S8K1G" 9110
"../../../../../Logiciels/Unreal Projects/Team6_Unreal/Content/__ExternalActors__/MyGame/Maps/FirstPersonMap/D/RD/44GCLW01H7F8GP0X6S8K1G.uasset" 9111
"/Game/__ExternalActors__/MyGame/Maps/FirstPersonMap/D/RJ/J4DBKZA3GZTOUFB1PMVOKA" 9112
"../../../../../Logiciels/Unreal Projects/Team6_Unreal/Content/__ExternalActors__/MyGame/Maps/FirstPersonMap/D/RJ/J4DBKZA3GZTOUFB1PMVOKA.uasset" 9113
"/Game/__ExternalActors__/MyGame/Maps/FirstPersonMap/D/S9/JIGP6JMPG64KJNH4USD86K" 9114
"../../../../../Logiciels/Unreal Projects/Team6_Unreal/Content/__ExternalActors__/MyGame/Maps/FirstPersonMap/D/S9/JIGP6JMPG64KJNH4USD86K.uasset" 9115
"/Game/__ExternalActors__/MyGame/Maps/FirstPersonMap/D/SM/ARYIV0XQ3H2GBPIUD65JCA" 9116
"../../../../../Logiciels/Unreal Projects/Team6_Unreal/Content/__ExternalActors__/MyGame/Maps/FirstPersonMap/D/SM/ARYIV0XQ3H2GBPIUD65JCA.uasset" 9117
"/Game/__ExternalActors__/MyGame/Maps/FirstPersonMap/D/SV/I3U8PL7RP9TKCXJ3J1FBNI" 9118
"../../../../../Logiciels/Unreal Projects/Team6_Unreal/Content/__ExternalActors__/MyGame/Maps/FirstPersonMap/D/SV/I3U8PL7RP9TKCXJ3J1FBNI.uasset" 9119
"/Game/__ExternalActors__/MyGame/Maps/FirstPersonMap/D/U3/LZ0611CJ5K74FAEN0QT9PA" 9120
"../../../../../Logiciels/Unreal Projects/Team6_Unreal/Content/__ExternalActors__/MyGame/Maps/FirstPersonMap/D/U3/LZ0611CJ5K74FAEN0QT9PA.uasset" 9121
"/Game/__ExternalActors__/MyGame/Maps/FirstPersonMap/D/VR/DWLQJOOVI2KHZQMB4XOIC5" 9122
"../../../../../Logiciels/Unreal Projects/Team6_Unreal/Content/__ExternalActors__/MyGame/Maps/FirstPersonMap/D/VR/DWLQJOOVI2KHZQMB4XOIC5.uasset" 9123
"/Game/__ExternalActors__/MyGame/Maps/FirstPersonMap/D/XB/JVNJ0ZU8XLXF5WVW7V5FTO" 9124
"../../../../../Logiciels/Unreal Projects/Team6_Unreal/Content/__ExternalActors__/MyGame/Maps/FirstPersonMap/D/XB/JVNJ0ZU8XLXF5WVW7V5FTO.uasset" 9125
"/Game/__ExternalActors__/MyGame/Maps/FirstPersonMap/D/XD/U6Z6ITZ5DRAIE3Z0VT8LBT" 9126
"../../../../../Logiciels/Unreal Projects/Team6_Unreal/Content/__ExternalActors__/MyGame/Maps/FirstPersonMap/D/XD/U6Z6ITZ5DRAIE3Z0VT8LBT.uasset" 9127
"/Game/__ExternalActors__/MyGame/Maps/FirstPersonMap/D/Y9/R4JO4AZ8ER37KZ3CGYK0LE" 9128
"../../../../../Logiciels/Unreal Projects/Team6_Unreal/Content/__ExternalActors__/MyGame/Maps/FirstPersonMap/D/Y9/R4JO4AZ8ER37KZ3CGYK0LE.uasset" 9129
"/Game/__ExternalActors__/MyGame/Maps/FirstPersonMap/D/YZ/T129ZMJVCLPYESZ8R6YYQ5" 9130
"../../../../../Logiciels/Unreal Projects/Team6_Unreal/Content/__ExternalActors__/MyGame/Maps/FirstPersonMap/D/YZ/T129ZMJVCLPYESZ8R6YYQ5.uasset" 9131
"/Game/__ExternalActors__/MyGame/Maps/FirstPersonMap/E/00/MYRQVVQU4GY8MH386PML9C" 9132
"../../../../../Logiciels/Unreal Projects/Team6_Unreal/Content/__ExternalActors__/MyGame/Maps/FirstPersonMap/E/00/MYRQVVQU4GY8MH386PML9C.uasset" 9133
"/Game/__ExternalActors__/MyGame/Maps/FirstPersonMap/E/0K/003503L8FWAO7KA52ZHEQV" 9134
"../../../../../Logiciels/Unreal Projects/Team6_Unreal/Content/__ExternalActors__/MyGame/Maps/FirstPersonMap/E/0K/003503L8FWAO7KA52ZHEQV.uasset" 9135
"/Game/__ExternalActors__/MyGame/Maps/FirstPersonMap/E/20/F1WPDSVJ6BT0PYIL5T82BQ" 9136
"../../../../../Logiciels/Unreal Projects/Team6_Unreal/Content/__ExternalActors__/MyGame/Maps/FirstPersonMap/E/20/F1WPDSVJ6BT0PYIL5T82BQ.uasset" 9137
"/Game/__ExternalActors__/MyGame/Maps/FirstPersonMap/E/29/W1K4QANGFRO74L7C9N9D9M" 9138
"../../../../../Logiciels/Unreal Projects/Team6_Unreal/Content/__ExternalActors__/MyGame/Maps/FirstPersonMap/E/29/W1K4QANGFRO74L7C9N9D9M.uasset" 9139
"/Game/__ExternalActors__/MyGame/Maps/FirstPersonMap/E/2R/CUYBRIORHF5S73L78703OA" 9140
"../../../../../Logiciels/Unreal Projects/Team6_Unreal/Content/__ExternalActors__/MyGame/Maps/FirstPersonMap/E/2R/CUYBRIORHF5S73L78703OA.uasset" 9141
"/Game/__ExternalActors__/MyGame/Maps/FirstPersonMap/E/3C/X5L9CLO2HXMZUTBOC93W99" 9142
"../../../../../Logiciels/Unreal Projects/Team6_Unreal/Content/__ExternalActors__/MyGame/Maps/FirstPersonMap/E/3C/X5L9CLO2HXMZUTBOC93W99.uasset" 9143
"/Game/__ExternalActors__/MyGame/Maps/FirstPersonMap/E/3D/Q0ZAWF33YDMK8US5LGLBXF" 9144
"../../../../../Logiciels/Unreal Projects/Team6_Unreal/Content/__ExternalActors__/MyGame/Maps/FirstPersonMap/E/3D/Q0ZAWF33YDMK8US5LGLBXF.uasset" 9145
"/Game/__ExternalActors__/MyGame/Maps/FirstPersonMap/E/3L/VCD6QX6DC82KFPDWXZ3M6O" 9146
"../../../../../Logiciels/Unreal Projects/Team6_Unreal/Content/__ExternalActors__/MyGame/Maps/FirstPersonMap/E/3L/VCD6QX6DC82KFPDWXZ3M6O.uasset" 9147
"/Game/__ExternalActors__/MyGame/Maps/FirstPersonMap/E/3Q/X39IOGPFWZ2MXQXT1B644K" 9148
"../../../../../Logiciels/Unreal Projects/Team6_Unreal/Content/__ExternalActors__/MyGame/Maps/FirstPersonMap/E/3Q/X39IOGPFWZ2MXQXT1B644K.uasset" 9149
"/Game/__ExternalActors__/MyGame/Maps/FirstPersonMap/E/3Y/3I0M2VNNAJG9GRZ55R1GXH" 9150
"../../../../../Logiciels/Unreal Projects/Team6_Unreal/Content/__ExternalActors__/MyGame/Maps/FirstPersonMap/E/3Y/3I0M2VNNAJG9GRZ55R1GXH.uasset" 9151
"/Game/__ExternalActors__/MyGame/Maps/FirstPersonMap/E/4N/56TTM8YF2BDJZZZHGFQZRJ" 9152
"../../../../../Logiciels/Unreal Projects/Team6_Unreal/Content/__ExternalActors__/MyGame/Maps/FirstPersonMap/E/4N/56TTM8YF2BDJZZZHGFQZRJ.uasset" 9153
"/Game/__ExternalActors__/MyGame/Maps/FirstPersonMap/E/4O/M16YFEUEX97DB10OCBFIRK" 9154
"../../../../../Logiciels/Unreal Projects/Team6_Unreal/Content/__ExternalActors__/MyGame/Maps/FirstPersonMap/E/4O/M16YFEUEX97DB10OCBFIRK.uasset" 9155
"/Game/__ExternalActors__/MyGame/Maps/FirstPersonMap/E/5B/11VU4TY2LYSY5XU0UI36YY" 9156
"../../../../../Logiciels/Unreal Projects/Team6_Unreal/Content/__ExternalActors__/MyGame/Maps/FirstPersonMap/E/5B/11VU4TY2LYSY5XU0UI36YY.uasset" 9157
"/Game/__ExternalActors__/MyGame/Maps/FirstPersonMap/E/5X/OKPPDSTI921W17HB4K5OAW" 9158
"../../../../../Logiciels/Unreal Projects/Team6_Unreal/Content/__ExternalActors__/MyGame/Maps/FirstPersonMap/E/5X/OKPPDSTI921W17HB4K5OAW.uasset" 9159
"/Game/__ExternalActors__/MyGame/Maps/FirstPersonMap/E/6N/P84EYLLMVRFLAFM01BO4BD" 9160
"../../../../../Logiciels/Unreal Projects/Team6_Unreal/Content/__ExternalActors__/MyGame/Maps/FirstPersonMap/E/6N/P84EYLLMVRFLAFM01BO4BD.uasset" 9161
"/Game/__ExternalActors__/MyGame/Maps/FirstPersonMap/E/72/4X78B84LVFAYEE7SK4OU3A" 9162
"../../../../../Logiciels/Unreal Projects/Team6_Unreal/Content/__ExternalActors__/MyGame/Maps/FirstPersonMap/E/72/4X78B84LVFAYEE7SK4OU3A.uasset" 9163
"/Game/__ExternalActors__/MyGame/Maps/FirstPersonMap/E/72/BJ12AVZV4YCJRWPQLVCKIU" 9164
"../../../../../Logiciels/Unreal Projects/Team6_Unreal/Content/__ExternalActors__/MyGame/Maps/FirstPersonMap/E/72/BJ12AVZV4YCJRWPQLVCKIU.uasset" 9165
"/Game/__ExternalActors__/MyGame/Maps/FirstPersonMap/E/7Y/SKDWYJ68E94MW170AJCO9Y" 9166
"../../../../../Logiciels/Unreal Projects/Team6_Unreal/Content/__ExternalActors__/MyGame/Maps/FirstPersonMap/E/7Y/SKDWYJ68E94MW170AJCO9Y.uasset" 9167
"/Game/__ExternalActors__/MyGame/Maps/FirstPersonMap/E/7Z/U8OD4D4YPY1CPI1IUXXHXH" 9168
"../../../../../Logiciels/Unreal Projects/Team6_Unreal/Content/__ExternalActors__/MyGame/Maps/FirstPersonMap/E/7Z/U8OD4D4YPY1CPI1IUXXHXH.uasset" 9169
"/Game/__ExternalActors__/MyGame/Maps/FirstPersonMap/E/8A/OHEE8WUG5MQIYLOE2DUKJJ" 9170
"../../../../../Logiciels/Unreal Projects/Team6_Unreal/Content/__ExternalActors__/MyGame/Maps/FirstPersonMap/E/8A/OHEE8WUG5MQIYLOE2DUKJJ.uasset" 9171
"/Game/__ExternalActors__/MyGame/Maps/FirstPersonMap/E/8N/I4YRJ0LL99VCRBAG16QXV0" 9172
"../../../../../Logiciels/Unreal Projects/Team6_Unreal/Content/__ExternalActors__/MyGame/Maps/FirstPersonMap/E/8N/I4YRJ0LL99VCRBAG16QXV0.uasset" 9173
"/Game/__ExternalActors__/MyGame/Maps/FirstPersonMap/E/8T/LH3SAJL3ES3DVQOX2X3P3C" 9174
"../../../../../Logiciels/Unreal Projects/Team6_Unreal/Content/__ExternalActors__/MyGame/Maps/FirstPersonMap/E/8T/LH3SAJL3ES3DVQOX2X3P3C.uasset" 9175
"../../../../../Logiciels/Unreal Projects/Team6_Unreal/Content/MyGame/Blueprints/BP_PlaceObject.uasset" 9176
"/Game/__ExternalActors__/MyGame/Maps/FirstPersonMap/E/9A/N4R32PD4PFXMNWZXA57SG1" 9177
"../../../../../Logiciels/Unreal Projects/Team6_Unreal/Content/__ExternalActors__/MyGame/Maps/FirstPersonMap/E/9A/N4R32PD4PFXMNWZXA57SG1.uasset" 9178
"/Game/__ExternalActors__/MyGame/Maps/FirstPersonMap/E/9E/NARXXAL0G0X9454NL45N2I" 9179
"../../../../../Logiciels/Unreal Projects/Team6_Unreal/Content/__ExternalActors__/MyGame/Maps/FirstPersonMap/E/9E/NARXXAL0G0X9454NL45N2I.uasset" 9180
"/Game/__ExternalActors__/MyGame/Maps/FirstPersonMap/E/9M/B5W9RY6YNMMO5PX0KJ7H6Y" 9181
"../../../../../Logiciels/Unreal Projects/Team6_Unreal/Content/__ExternalActors__/MyGame/Maps/FirstPersonMap/E/9M/B5W9RY6YNMMO5PX0KJ7H6Y.uasset" 9182
"/Game/__ExternalActors__/MyGame/Maps/FirstPersonMap/E/B6/IU8R8GD1107X0GOOELXMPJ" 9183
"../../../../../Logiciels/Unreal Projects/Team6_Unreal/Content/__ExternalActors__/MyGame/Maps/FirstPersonMap/E/B6/IU8R8GD1107X0GOOELXMPJ.uasset" 9184
"/Game/__ExternalActors__/MyGame/Maps/FirstPersonMap/E/BG/L5QRGGV37HE1J436RBH67Y" 9185
"../../../../../Logiciels/Unreal Projects/Team6_Unreal/Content/__ExternalActors__/MyGame/Maps/FirstPersonMap/E/BG/L5QRGGV37HE1J436RBH67Y.uasset" 9186
"/Game/__ExternalActors__/MyGame/Maps/FirstPersonMap/E/BI/0FXNW2OV3RDV4PQS84Y5JL" 9187
"../../../../../Logiciels/Unreal Projects/Team6_Unreal/Content/__ExternalActors__/MyGame/Maps/FirstPersonMap/E/BI/0FXNW2OV3RDV4PQS84Y5JL.uasset" 9188
"/Game/__ExternalActors__/MyGame/Maps/FirstPersonMap/E/C7/FWT0PP90QU8HWUCSKY8UUI" 9189
"../../../../../Logiciels/Unreal Projects/Team6_Unreal/Content/__ExternalActors__/MyGame/Maps/FirstPersonMap/E/C7/FWT0PP90QU8HWUCSKY8UUI.uasset" 9190
"/Game/__ExternalActors__/MyGame/Maps/FirstPersonMap/E/CS/63ABUWHQTQ1DJJBBBE3DMK" 9191
"../../../../../Logiciels/Unreal Projects/Team6_Unreal/Content/__ExternalActors__/MyGame/Maps/FirstPersonMap/E/CS/63ABUWHQTQ1DJJBBBE3DMK.uasset" 9192
"/Game/__ExternalActors__/MyGame/Maps/FirstPersonMap/E/CV/0VTLYO00MIC6M1UXZ03XER" 9193
"../../../../../Logiciels/Unreal Projects/Team6_Unreal/Content/__ExternalActors__/MyGame/Maps/FirstPersonMap/E/CV/0VTLYO00MIC6M1UXZ03XER.uasset" 9194
"/Game/__ExternalActors__/MyGame/Maps/FirstPersonMap/E/CV/PYIZNXK14Q9DYWLOFSQX86" 9195
"../../../../../Logiciels/Unreal Projects/Team6_Unreal/Content/__ExternalActors__/MyGame/Maps/FirstPersonMap/E/CV/PYIZNXK14Q9DYWLOFSQX86.uasset" 9196
"/Game/__ExternalActors__/MyGame/Maps/FirstPersonMap/E/D7/L5JYVZTNXU627NVN5OYVXL" 9197
"../../../../../Logiciels/Unreal Projects/Team6_Unreal/Content/__ExternalActors__/MyGame/Maps/FirstPersonMap/E/D7/L5JYVZTNXU627NVN5OYVXL.uasset" 9198
"/Game/__ExternalActors__/MyGame/Maps/FirstPersonMap/E/DO/ZSJ5KQ8IWWAEMYPJHFYFA0" 9199
"../../../../../Logiciels/Unreal Projects/Team6_Unreal/Content/__ExternalActors__/MyGame/Maps/FirstPersonMap/E/DO/ZSJ5KQ8IWWAEMYPJHFYFA0.uasset" 9200
"/Game/__ExternalActors__/MyGame/Maps/FirstPersonMap/E/FQ/CA5G2K9MSR9DKTH4IC379V" 9201
"../../../../../Logiciels/Unreal Projects/Team6_Unreal/Content/__ExternalActors__/MyGame/Maps/FirstPersonMap/E/FQ/CA5G2K9MSR9DKTH4IC379V.uasset" 9202
"/Game/__ExternalActors__/MyGame/Maps/FirstPersonMap/E/FT/VHFXWHPY6GPARONFW6UPG3" 9203
"../../../../../Logiciels/Unreal Projects/Team6_Unreal/Content/__ExternalActors__/MyGame/Maps/FirstPersonMap/E/FT/VHFXWHPY6GPARONFW6UPG3.uasset" 9204
"/Game/__ExternalActors__/MyGame/Maps/FirstPersonMap/E/GU/Q6AMM4D411Q1168SLBMD7P" 9205
"../../../../../Logiciels/Unreal Projects/Team6_Unreal/Content/__ExternalActors__/MyGame/Maps/FirstPersonMap/E/GU/Q6AMM4D411Q1168SLBMD7P.uasset" 9206
"../../../../../Logiciels/Unreal Projects/Team6_Unreal/Content/StarterContent/HDRI/HDRI_Epic_Courtyard_Daylight.uasset" 9207
"/Game/__ExternalActors__/MyGame/Maps/FirstPersonMap/E/GV/6ZNWE24LVSO9HOSQO61IRG" 9208
"../../../../../Logiciels/Unreal Projects/Team6_Unreal/Content/__ExternalActors__/MyGame/Maps/FirstPersonMap/E/GV/6ZNWE24LVSO9HOSQO61IRG.uasset" 9209
"/Game/__ExternalActors__/MyGame/Maps/FirstPersonMap/E/IQ/426EU67EPZ26EQJ77XSDVB" 9210
"../../../../../Logiciels/Unreal Projects/Team6_Unreal/Content/__ExternalActors__/MyGame/Maps/FirstPersonMap/E/IQ/426EU67EPZ26EQJ77XSDVB.uasset" 9211
"/Game/__ExternalActors__/MyGame/Maps/FirstPersonMap/E/IZ/0J7I2VS85NVJUS9PKHVMUF" 9212
"../../../../../Logiciels/Unreal Projects/Team6_Unreal/Content/__ExternalActors__/MyGame/Maps/FirstPersonMap/E/IZ/0J7I2VS85NVJUS9PKHVMUF.uasset" 9213
"/Game/__ExternalActors__/MyGame/Maps/FirstPersonMap/E/J9/5RB1CFWOQVG7JUATZVHV76" 9214
"../../../../../Logiciels/Unreal Projects/Team6_Unreal/Content/__ExternalActors__/MyGame/Maps/FirstPersonMap/E/J9/5RB1CFWOQVG7JUATZVHV76.uasset" 9215
"/Game/__ExternalActors__/MyGame/Maps/FirstPersonMap/E/JX/P4CFXHHHVI0GBDDT1S0K5T" 9216
"../../../../../Logiciels/Unreal Projects/Team6_Unreal/Content/__ExternalActors__/MyGame/Maps/FirstPersonMap/E/JX/P4CFXHHHVI0GBDDT1S0K5T.uasset" 9217
"/Game/__ExternalActors__/MyGame/Maps/FirstPersonMap/E/K8/FLUDMSRFY6W0N3CWT8A8JF" 9218
"../../../../../Logiciels/Unreal Projects/Team6_Unreal/Content/__ExternalActors__/MyGame/Maps/FirstPersonMap/E/K8/FLUDMSRFY6W0N3CWT8A8JF.uasset" 9219
"/Game/__ExternalActors__/MyGame/Maps/FirstPersonMap/E/K9/B4O1PBYLTY135O6WSZNLRH" 9220
"../../../../../Logiciels/Unreal Projects/Team6_Unreal/Content/__ExternalActors__/MyGame/Maps/FirstPersonMap/E/K9/B4O1PBYLTY135O6WSZNLRH.uasset" 9221
"/Game/__ExternalActors__/MyGame/Maps/FirstPersonMap/E/KA/OU8XPR9BIENL1H6TCDZWHX" 9222
"../../../../../Logiciels/Unreal Projects/Team6_Unreal/Content/__ExternalActors__/MyGame/Maps/FirstPersonMap/E/KA/OU8XPR9BIENL1H6TCDZWHX.uasset" 9223
"/Game/__ExternalActors__/MyGame/Maps/FirstPersonMap/E/LI/Z23QXHCIXZ8AJW4ROE7SJU" 9224
"../../../../../Logiciels/Unreal Projects/Team6_Unreal/Content/__ExternalActors__/MyGame/Maps/FirstPersonMap/E/LI/Z23QXHCIXZ8AJW4ROE7SJU.uasset" 9225
"/Game/__ExternalActors__/MyGame/Maps/FirstPersonMap/E/M4/5Q89J8QD5X7HWNS2FV81H9" 9226
"../../../../../Logiciels/Unreal Projects/Team6_Unreal/Content/__ExternalActors__/MyGame/Maps/FirstPersonMap/E/M4/5Q89J8QD5X7HWNS2FV81H9.uasset" 9227
"/Game/__ExternalActors__/MyGame/Maps/FirstPersonMap/E/MC/S5YJUXWJ3OQ3XBTBL1YR3Z" 9228
"../../../../../Logiciels/Unreal Projects/Team6_Unreal/Content/__ExternalActors__/MyGame/Maps/FirstPersonMap/E/MC/S5YJUXWJ3OQ3XBTBL1YR3Z.uasset" 9229
"/Game/__ExternalActors__/MyGame/Maps/FirstPersonMap/E/MV/AZ2RVY8ACPQ2FJ8Q4M0C38" 9230
"../../../../../Logiciels/Unreal Projects/Team6_Unreal/Content/__ExternalActors__/MyGame/Maps/FirstPersonMap/E/MV/AZ2RVY8ACPQ2FJ8Q4M0C38.uasset" 9231
"/Game/__ExternalActors__/MyGame/Maps/FirstPersonMap/E/NA/Z4CMBZ24L0U5TJ492HB4OZ" 9232
"../../../../../Logiciels/Unreal Projects/Team6_Unreal/Content/__ExternalActors__/MyGame/Maps/FirstPersonMap/E/NA/Z4CMBZ24L0U5TJ492HB4OZ.uasset" 9233
"/Game/__ExternalActors__/MyGame/Maps/FirstPersonMap/E/NP/2P1SY1M7ENFXY7DPJM70IS" 9234
"../../../../../Logiciels/Unreal Projects/Team6_Unreal/Content/__ExternalActors__/MyGame/Maps/FirstPersonMap/E/NP/2P1SY1M7ENFXY7DPJM70IS.uasset" 9235
"/Game/__ExternalActors__/MyGame/Maps/FirstPersonMap/E/O8/QB56EHYWTWTGF08XGJE2NC" 9236
"../../../../../Logiciels/Unreal Projects/Team6_Unreal/Content/__ExternalActors__/MyGame/Maps/FirstPersonMap/E/O8/QB56EHYWTWTGF08XGJE2NC.uasset" 9237
"/Game/__ExternalActors__/MyGame/Maps/FirstPersonMap/E/P1/2XMXJ890321WJ413GXGF50" 9238
"../../../../../Logiciels/Unreal Projects/Team6_Unreal/Content/__ExternalActors__/MyGame/Maps/FirstPersonMap/E/P1/2XMXJ890321WJ413GXGF50.uasset" 9239
"/Game/__ExternalActors__/MyGame/Maps/FirstPersonMap/E/PI/83XB0FECKLLJL4H156UF51" 9240
"../../../../../Logiciels/Unreal Projects/Team6_Unreal/Content/__ExternalActors__/MyGame/Maps/FirstPersonMap/E/PI/83XB0FECKLLJL4H156UF51.uasset" 9241
"/Game/__ExternalActors__/MyGame/Maps/FirstPersonMap/E/PM/LK6UGPAZGZCGRVLAGFB2Q3" 9242
"../../../../../Logiciels/Unreal Projects/Team6_Unreal/Content/__ExternalActors__/MyGame/Maps/FirstPersonMap/E/PM/LK6UGPAZGZCGRVLAGFB2Q3.uasset" 9243
"../../../../../Logiciels/Unreal Projects/Team6_Unreal/Content/MyGame/Blueprints/Object/BP_Press.uasset" 9244
"../../../../../Logiciels/Unreal Projects/Team6_Unreal/Content/MyGame/Asset/Props_Test/Props_Mod?/Machine_Press.uasset" 9245
"../../../../../Logiciels/Unreal Projects/Team6_Unreal/Content/MyGame/Asset/Props_Test/Props_Mod?/Press_Basse.uasset" 9246
"../../../../../Logiciels/Unreal Projects/Team6_Unreal/Content/MyGame/Asset/Props_Test/Props_Mod?/Press_haute.uasset" 9247
"../../../../../Logiciels/Unreal Projects/Team6_Unreal/Content/MyGame/Asset/Props_Test/MA_Props/MA_White/MA_Press.uasset" 9248
"../../../../../Logiciels/Unreal Projects/Team6_Unreal/Content/MyGame/Asset/Props_Test/MA_Props/MA_White/MA_Press_Basse.uasset" 9249
"../../../../../Logiciels/Unreal Projects/Team6_Unreal/Content/MyGame/Asset/Props_Test/MA_Props/MA_White/MA_Press_Haute.uasset" 9250
"../../../../../Logiciels/Unreal Projects/Team6_Unreal/Content/MyGame/Asset/Props_Test/Texture/Texture_W/Press-W_bcolor.uasset" 9251
"../../../../../Logiciels/Unreal Projects/Team6_Unreal/Content/MyGame/Asset/Props_Test/Texture/Texture_W/Presse-Basse_bcolor.uasset" 9252
"../../../../../Logiciels/Unreal Projects/Team6_Unreal/Content/MyGame/Asset/Props_Test/Texture/Texture_W/Press-Haute_bcolor.uasset" 9253
"/Game/__ExternalActors__/MyGame/Maps/FirstPersonMap/E/R1/ZSQUC4VLI9XCWRV30FQSG5" 9254
"../../../../../Logiciels/Unreal Projects/Team6_Unreal/Content/__ExternalActors__/MyGame/Maps/FirstPersonMap/E/R1/ZSQUC4VLI9XCWRV30FQSG5.uasset" 9255
"/Game/__ExternalActors__/MyGame/Maps/FirstPersonMap/E/R8/DO971SLVY9KJXZSHD75H9G" 9256
"../../../../../Logiciels/Unreal Projects/Team6_Unreal/Content/__ExternalActors__/MyGame/Maps/FirstPersonMap/E/R8/DO971SLVY9KJXZSHD75H9G.uasset" 9257
"/Game/__ExternalActors__/MyGame/Maps/FirstPersonMap/E/RE/SAV4AWGEHUW9114X039N98" 9258
"../../../../../Logiciels/Unreal Projects/Team6_Unreal/Content/__ExternalActors__/MyGame/Maps/FirstPersonMap/E/RE/SAV4AWGEHUW9114X039N98.uasset" 9259
"/Game/__ExternalActors__/MyGame/Maps/FirstPersonMap/E/RT/COF4XJU3MGRTE7OLU1YOD8" 9260
"../../../../../Logiciels/Unreal Projects/Team6_Unreal/Content/__ExternalActors__/MyGame/Maps/FirstPersonMap/E/RT/COF4XJU3MGRTE7OLU1YOD8.uasset" 9261
"/Game/__ExternalActors__/MyGame/Maps/FirstPersonMap/E/S8/14DWG9W8YWPI7L5XMIXMWS" 9262
"../../../../../Logiciels/Unreal Projects/Team6_Unreal/Content/__ExternalActors__/MyGame/Maps/FirstPersonMap/E/S8/14DWG9W8YWPI7L5XMIXMWS.uasset" 9263
"/Game/__ExternalActors__/MyGame/Maps/FirstPersonMap/E/SB/W1L5CAL2Z7ISBVEBB1P0CF" 9264
"../../../../../Logiciels/Unreal Projects/Team6_Unreal/Content/__ExternalActors__/MyGame/Maps/FirstPersonMap/E/SB/W1L5CAL2Z7ISBVEBB1P0CF.uasset" 9265
"/Game/__ExternalActors__/MyGame/Maps/FirstPersonMap/E/SD/UXWINXLA1SJTB8QCYBNDX0" 9266
"../../../../../Logiciels/Unreal Projects/Team6_Unreal/Content/__ExternalActors__/MyGame/Maps/FirstPersonMap/E/SD/UXWINXLA1SJTB8QCYBNDX0.uasset" 9267
"/Game/__ExternalActors__/MyGame/Maps/FirstPersonMap/E/SG/4T38IJUUWUVSW9YF211FEA" 9268
"../../../../../Logiciels/Unreal Projects/Team6_Unreal/Content/__ExternalActors__/MyGame/Maps/FirstPersonMap/E/SG/4T38IJUUWUVSW9YF211FEA.uasset" 9269
"/Game/__ExternalActors__/MyGame/Maps/FirstPersonMap/E/T9/347JTLF9IG4USCDGY8WREO" 9270
"../../../../../Logiciels/Unreal Projects/Team6_Unreal/Content/__ExternalActors__/MyGame/Maps/FirstPersonMap/E/T9/347JTLF9IG4USCDGY8WREO.uasset" 9271
"/Game/__ExternalActors__/MyGame/Maps/FirstPersonMap/E/UI/5AM5ZIYAOY4XT0JW43P52W" 9272
"../../../../../Logiciels/Unreal Projects/Team6_Unreal/Content/__ExternalActors__/MyGame/Maps/FirstPersonMap/E/UI/5AM5ZIYAOY4XT0JW43P52W.uasset" 9273
"/Game/__ExternalActors__/MyGame/Maps/FirstPersonMap/E/VF/1E69VN9Y2Y9OWS29JML3WW" 9274
"../../../../../Logiciels/Unreal Projects/Team6_Unreal/Content/__ExternalActors__/MyGame/Maps/FirstPersonMap/E/VF/1E69VN9Y2Y9OWS29JML3WW.uasset" 9275
"/Game/__ExternalActors__/MyGame/Maps/FirstPersonMap/E/VY/AN0HZSJPDNYJ2JJ701MWID" 9276
"../../../../../Logiciels/Unreal Projects/Team6_Unreal/Content/__ExternalActors__/MyGame/Maps/FirstPersonMap/E/VY/AN0HZSJPDNYJ2JJ701MWID.uasset" 9277
"/Game/__ExternalActors__/MyGame/Maps/FirstPersonMap/E/W6/YKOA4S3C921VWGX39UE7DZ" 9278
"../../../../../Logiciels/Unreal Projects/Team6_Unreal/Content/__ExternalActors__/MyGame/Maps/FirstPersonMap/E/W6/YKOA4S3C921VWGX39UE7DZ.uasset" 9279
"/Game/__ExternalActors__/MyGame/Maps/FirstPersonMap/E/XV/61B6T2JHQH20A5HU24Y32N" 9280
"../../../../../Logiciels/Unreal Projects/Team6_Unreal/Content/__ExternalActors__/MyGame/Maps/FirstPersonMap/E/XV/61B6T2JHQH20A5HU24Y32N.uasset" 9281
"/Game/__ExternalActors__/MyGame/Maps/FirstPersonMap/E/ZG/IUUVONSAQVFF1SPOEAKGHE" 9282
"../../../../../Logiciels/Unreal Projects/Team6_Unreal/Content/__ExternalActors__/MyGame/Maps/FirstPersonMap/E/ZG/IUUVONSAQVFF1SPOEAKGHE.uasset" 9283
"/Game/__ExternalActors__/MyGame/Maps/FirstPersonMap/F/09/AIBQMO1QFLX9CYNDBI7WNO" 9284
"../../../../../Logiciels/Unreal Projects/Team6_Unreal/Content/__ExternalActors__/MyGame/Maps/FirstPersonMap/F/09/AIBQMO1QFLX9CYNDBI7WNO.uasset" 9285
"/Game/__ExternalActors__/MyGame/Maps/FirstPersonMap/F/0N/KIZNL7WVV6A7BUKBBQEGX9" 9286
"../../../../../Logiciels/Unreal Projects/Team6_Unreal/Content/__ExternalActors__/MyGame/Maps/FirstPersonMap/F/0N/KIZNL7WVV6A7BUKBBQEGX9.uasset" 9287
"/Game/__ExternalActors__/MyGame/Maps/FirstPersonMap/F/0W/4R9GZAI14TM8D9KIW2RPK7" 9288
"../../../../../Logiciels/Unreal Projects/Team6_Unreal/Content/__ExternalActors__/MyGame/Maps/FirstPersonMap/F/0W/4R9GZAI14TM8D9KIW2RPK7.uasset" 9289
"/Game/__ExternalActors__/MyGame/Maps/FirstPersonMap/F/0Y/E4092FVAHG3WTMZC65EL1J" 9290
"../../../../../Logiciels/Unreal Projects/Team6_Unreal/Content/__ExternalActors__/MyGame/Maps/FirstPersonMap/F/0Y/E4092FVAHG3WTMZC65EL1J.uasset" 9291
"/Game/__ExternalActors__/MyGame/Maps/FirstPersonMap/F/14/4WPGSJU8S2M0XBTGJRQRMG" 9292
"../../../../../Logiciels/Unreal Projects/Team6_Unreal/Content/__ExternalActors__/MyGame/Maps/FirstPersonMap/F/14/4WPGSJU8S2M0XBTGJRQRMG.uasset" 9293
"/Game/__ExternalActors__/MyGame/Maps/FirstPersonMap/F/15/GMRE7CV19NSM9MDU53XBGS" 9294
"../../../../../Logiciels/Unreal Projects/Team6_Unreal/Content/__ExternalActors__/MyGame/Maps/FirstPersonMap/F/15/GMRE7CV19NSM9MDU53XBGS.uasset" 9295
"/Game/__ExternalActors__/MyGame/Maps/FirstPersonMap/F/16/GBQBFZI18HYXEE9RXGGX4P" 9296
"../../../../../Logiciels/Unreal Projects/Team6_Unreal/Content/__ExternalActors__/MyGame/Maps/FirstPersonMap/F/16/GBQBFZI18HYXEE9RXGGX4P.uasset" 9297
"/Game/__ExternalActors__/MyGame/Maps/FirstPersonMap/F/16/MO6YHJZ5KQEY285ZP0CN34" 9298
"../../../../../Logiciels/Unreal Projects/Team6_Unreal/Content/__ExternalActors__/MyGame/Maps/FirstPersonMap/F/16/MO6YHJZ5KQEY285ZP0CN34.uasset" 9299
"/Game/__ExternalActors__/MyGame/Maps/FirstPersonMap/F/17/SI8HY0BKAOQLX0DYZ8Q9IB" 9300
"../../../../../Logiciels/Unreal Projects/Team6_Unreal/Content/__ExternalActors__/MyGame/Maps/FirstPersonMap/F/17/SI8HY0BKAOQLX0DYZ8Q9IB.uasset" 9301
"/Game/__ExternalActors__/MyGame/Maps/FirstPersonMap/F/1B/NOAOBUSFB35OIB1P6QQ960" 9302
"../../../../../Logiciels/Unreal Projects/Team6_Unreal/Content/__ExternalActors__/MyGame/Maps/FirstPersonMap/F/1B/NOAOBUSFB35OIB1P6QQ960.uasset" 9303
"/Game/__ExternalActors__/MyGame/Maps/FirstPersonMap/F/1Z/OA2Q0PS3APZQP6GWHFVCAS" 9304
"../../../../../Logiciels/Unreal Projects/Team6_Unreal/Content/__ExternalActors__/MyGame/Maps/FirstPersonMap/F/1Z/OA2Q0PS3APZQP6GWHFVCAS.uasset" 9305
"/Game/__ExternalActors__/MyGame/Maps/FirstPersonMap/F/26/H40EJYQG0CL9HT5YDL4JXH" 9306
"../../../../../Logiciels/Unreal Projects/Team6_Unreal/Content/__ExternalActors__/MyGame/Maps/FirstPersonMap/F/26/H40EJYQG0CL9HT5YDL4JXH.uasset" 9307
"/Game/__ExternalActors__/MyGame/Maps/FirstPersonMap/F/2U/8HBFW2ZNJ7RYHWW6B6AXWT" 9308
"../../../../../Logiciels/Unreal Projects/Team6_Unreal/Content/__ExternalActors__/MyGame/Maps/FirstPersonMap/F/2U/8HBFW2ZNJ7RYHWW6B6AXWT.uasset" 9309
"/Game/__ExternalActors__/MyGame/Maps/FirstPersonMap/F/2X/WW3FTVKO5OS2GX9H2A0HEL" 9310
"../../../../../Logiciels/Unreal Projects/Team6_Unreal/Content/__ExternalActors__/MyGame/Maps/FirstPersonMap/F/2X/WW3FTVKO5OS2GX9H2A0HEL.uasset" 9311
"/Game/__ExternalActors__/MyGame/Maps/FirstPersonMap/F/37/6AVJF9QMDE80XUJGVMH1SG" 9312
"../../../../../Logiciels/Unreal Projects/Team6_Unreal/Content/__ExternalActors__/MyGame/Maps/FirstPersonMap/F/37/6AVJF9QMDE80XUJGVMH1SG.uasset" 9313
"/Game/__ExternalActors__/MyGame/Maps/FirstPersonMap/F/40/P4JGHW7H8H9AHJSS23LXN3" 9314
"../../../../../Logiciels/Unreal Projects/Team6_Unreal/Content/__ExternalActors__/MyGame/Maps/FirstPersonMap/F/40/P4JGHW7H8H9AHJSS23LXN3.uasset" 9315
"/Game/__ExternalActors__/MyGame/Maps/FirstPersonMap/F/5I/5CNNT7X60FTBOZ98VYA3ZW" 9316
"../../../../../Logiciels/Unreal Projects/Team6_Unreal/Content/__ExternalActors__/MyGame/Maps/FirstPersonMap/F/5I/5CNNT7X60FTBOZ98VYA3ZW.uasset" 9317
"/Engine/EditorResources/EmptyActor" 9318
"../../../Engine/Content/EditorResources/EmptyActor.uasset" 9319
"/Engine/EditorResources/LightIcons/S_LightError" 9320
"../../../Engine/Content/EditorResources/LightIcons/S_LightError.uasset" 9321
"/Game/__ExternalObjects__/MyGame/Maps/FirstPersonMap/3/YW/8I2QHKMIQO8DL74WO4KEJD" 9322
"/Game/__ExternalObjects__/MyGame/Maps/FirstPersonMap/C/Z1/6ZGP261QO6967MM33976V9" 9323
"/Game/__ExternalObjects__/MyGame/Maps/FirstPersonMap/E/IO/XWA1XJWZ8YEUNEANRIHL1I" 9324
"/Game/__ExternalObjects__/MyGame/Maps/FirstPersonMap/6/ZT/GAW1NZO6OVZG5VG1KC4YKA" 9325
"/Game/__ExternalObjects__/MyGame/Maps/FirstPersonMap/1/48/227XK9I0RTPAVO8N3PZSX3" 9326
"/Game/__ExternalObjects__/MyGame/Maps/FirstPersonMap/D/SU/S5BSP8M3KT1D531OQ0XTC4" 9327
"/Game/__ExternalObjects__/MyGame/Maps/FirstPersonMap/7/HM/LDZFB3A9D48E019FM5BJLJ" 9328
"/Game/__ExternalObjects__/MyGame/Maps/FirstPersonMap/C/3X/UQVK8F9D67GEDK4YFAVWNS" 9329
"/Game/__ExternalObjects__/MyGame/Maps/FirstPersonMap/8/9O/5PP63DN264UB0AZTEE8CKI" 9330
"/Game/__ExternalObjects__/MyGame/Maps/FirstPersonMap/A/K6/V019UZTNF5OPLOYYXI1MH4" 9331
"/Game/__ExternalObjects__/MyGame/Maps/FirstPersonMap/3/2J/6O8YOX1UK0A3UUSZ8XOLW5" 9332
"/Game/__ExternalObjects__/MyGame/Maps/FirstPersonMap/2/6Y/M91JQLFRJY43N7ULJ8MQPG" 9333
"/Game/__ExternalObjects__/MyGame/Maps/FirstPersonMap/E/M7/QTM95Z4R3T3ZGJMEKUT09J" 9334
"/Game/__ExternalObjects__/MyGame/Maps/FirstPersonMap/3/Z1/PH1J6C3ZKBEJ3WANN8KGC2" 9335
"/Game/__ExternalObjects__/MyGame/Maps/FirstPersonMap/9/EO/56IO5A65ZL0300W8Y3N3X8" 9336
"/Game/__ExternalObjects__/MyGame/Maps/FirstPersonMap/6/N8/2Y8W6SUVO2T40OSIVWCK2W" 9337
"/Game/__ExternalObjects__/MyGame/Maps/FirstPersonMap/C/GY/29WXPX75R1J1IKBTSM6WD4" 9338
"/Game/__ExternalObjects__/MyGame/Maps/FirstPersonMap/5/OD/CZCT9MNMFK0Y75HCF0TYEG" 9339
"/Game/__ExternalObjects__/MyGame/Maps/FirstPersonMap/B/VH/IWQIMPWI69SF2PEPXWQTRA" 9340
"/Game/__ExternalObjects__/MyGame/Maps/FirstPersonMap/4/3F/K7DMJF473JCSEU6KVAGOMK" 9341
"C:/Users/tevaf/Desktop/Logiciels/Unreal Projects/Team6_Unreal/Content/Textures/Enemy/Colored_Chute/Colored_Chute.uasset" 9342
"C:/Users/tevaf/Desktop/Logiciels/Unreal Projects/Team6_Unreal/Content/Textures/Enemy/Line_Chute/Line_Chute.uasset" 9343
"C:/Users/tevaf/Desktop/Logiciels/Unreal Projects/Team6_Unreal/Content/Textures/Enemy/Colored_Marche/Colored_Marche.uasset" 9344
"/Game/Textures/Enemy/Line_Marche/Line_Walk" 9345
"C:/Users/tevaf/Desktop/Logiciels/Unreal Projects/Team6_Unreal/Content/Textures/Enemy/Croquis_Marche/Croquis_Marche.uasset" 9346
"C:/Users/tevaf/Desktop/Logiciels/Unreal Projects/Team6_Unreal/Content/Textures/Enemy/Croquis_Chute/Croquis_Chute.uasset" 9347
"../../../../../Logiciels/Unreal Projects/Team6_Unreal/Content/Textures/Enemy/Line_Marche/Line_Marche_1_Sprite.uasset" 9348
"../../../../../Logiciels/Unreal Projects/Team6_Unreal/Content/Textures/Enemy/Line_Marche/Line_Marche_2_Sprite.uasset" 9349
"../../../../../Logiciels/Unreal Projects/Team6_Unreal/Content/Textures/Enemy/Line_Marche/Line_Marche_3_Sprite.uasset" 9350
"../../../../../Logiciels/Unreal Projects/Team6_Unreal/Content/Textures/Enemy/Line_Marche/Line_Marche_4_Sprite.uasset" 9351
"../../../../../Logiciels/Unreal Projects/Team6_Unreal/Content/Textures/Enemy/Line_Marche/Line_Marche_5_Sprite.uasset" 9352
"../../../../../Logiciels/Unreal Projects/Team6_Unreal/Content/Textures/Enemy/Line_Marche/Line_Marche_1.uasset" 9353
"../../../../../Logiciels/Unreal Projects/Team6_Unreal/Content/Textures/Enemy/Line_Marche/Line_Marche_2.uasset" 9354
"../../../../../Logiciels/Unreal Projects/Team6_Unreal/Content/Textures/Enemy/Line_Marche/Line_Marche_3.uasset" 9355
"../../../../../Logiciels/Unreal Projects/Team6_Unreal/Content/Textures/Enemy/Line_Marche/Line_Marche_4.uasset" 9356
"../../../../../Logiciels/Unreal Projects/Team6_Unreal/Content/Textures/Enemy/Line_Marche/Line_Marche_5.uasset" 9357
"/Game/Textures/Enemy/Colored_Marche/Colored_Marche_3_Sprite" 9358
"../../../../../Logiciels/Unreal Projects/Team6_Unreal/Content/Textures/Enemy/Colored_Marche/Colored_Marche_3.uasset" 9359
"/Game/Textures/Enemy/Croquis_Chute/Croquis_Chute_3_Sprite" 9360
"../../../../../Logiciels/Unreal Projects/Team6_Unreal/Content/Textures/Enemy/Croquis_Chute/Croquis_Chute_3.uasset" 9361
"/Game/Textures/Enemy/Croquis_Marche/Croquis_Marche_3_Sprite" 9362
"../../../../../Logiciels/Unreal Projects/Team6_Unreal/Content/Textures/Enemy/Croquis_Marche/Croquis_Marche_3.uasset" 9363
"/Game/Textures/Enemy/Croquis_Marche/Croquis_Marche_2_Sprite" 9364
"../../../../../Logiciels/Unreal Projects/Team6_Unreal/Content/Textures/Enemy/Croquis_Marche/Croquis_Marche_2.uasset" 9365
"/Game/Textures/Enemy/Croquis_Marche/Croquis_Marche_4_Sprite" 9366
"../../../../../Logiciels/Unreal Projects/Team6_Unreal/Content/Textures/Enemy/Croquis_Marche/Croquis_Marche_4.uasset" 9367
"/Game/Textures/Enemy/Croquis_Marche/Croquis_Marche_1_Sprite" 9368
"../../../../../Logiciels/Unreal Projects/Team6_Unreal/Content/Textures/Enemy/Croquis_Marche/Croquis_Marche_1.uasset" 9369
"/Game/Textures/Enemy/Croquis_Marche/Croquis_Marche_5_Sprite" 9370
"../../../../../Logiciels/Unreal Projects/Team6_Unreal/Content/Textures/Enemy/Croquis_Marche/Croquis_Marche_5.uasset" 9371
"/Game/Textures/Enemy/Colored_Marche/Colored_Marche_5_Sprite" 9372
"../../../../../Logiciels/Unreal Projects/Team6_Unreal/Content/Textures/Enemy/Colored_Marche/Colored_Marche_5.uasset" 9373
"/Game/Textures/Enemy/Colored_Marche/Colored_Marche_2_Sprite" 9374
"../../../../../Logiciels/Unreal Projects/Team6_Unreal/Content/Textures/Enemy/Colored_Marche/Colored_Marche_2.uasset" 9375
"/Game/Textures/Enemy/Colored_Marche/Colored_Marche_4_Sprite" 9376
"../../../../../Logiciels/Unreal Projects/Team6_Unreal/Content/Textures/Enemy/Colored_Marche/Colored_Marche_4.uasset" 9377
"/Game/Textures/Enemy/Colored_Marche/Colored_Marche_1_Sprite" 9378
"../../../../../Logiciels/Unreal Projects/Team6_Unreal/Content/Textures/Enemy/Colored_Marche/Colored_Marche_1.uasset" 9379
"/Game/Textures/Enemy/Line_Chute/Line_Chute_3_Sprite" 9380
"../../../../../Logiciels/Unreal Projects/Team6_Unreal/Content/Textures/Enemy/Line_Chute/Line_Chute_3.uasset" 9381
"/Game/Textures/Enemy/Line_Chute/Line_Chute_1_Sprite" 9382
"../../../../../Logiciels/Unreal Projects/Team6_Unreal/Content/Textures/Enemy/Line_Chute/Line_Chute_1.uasset" 9383
"/Game/Textures/Enemy/Line_Chute/Line_Chute_2_Sprite" 9384
"../../../../../Logiciels/Unreal Projects/Team6_Unreal/Content/Textures/Enemy/Line_Chute/Line_Chute_2.uasset" 9385
"/Game/Textures/Enemy/Colored_Chute/Colored_Chute_1_Sprite" 9386
"../../../../../Logiciels/Unreal Projects/Team6_Unreal/Content/Textures/Enemy/Colored_Chute/Colored_Chute_1.uasset" 9387
"/Game/Textures/Enemy/Colored_Chute/Colored_Chute_3_Sprite" 9388
"../../../../../Logiciels/Unreal Projects/Team6_Unreal/Content/Textures/Enemy/Colored_Chute/Colored_Chute_3.uasset" 9389
"/Game/Textures/Enemy/Colored_Chute/Colored_Chute_2_Sprite" 9390
"../../../../../Logiciels/Unreal Projects/Team6_Unreal/Content/Textures/Enemy/Colored_Chute/Colored_Chute_2.uasset" 9391
"/Game/Textures/Enemy/Croquis_Chute/Croquis_Chute" 9392
"../../../../../Logiciels/Unreal Projects/Team6_Unreal/Content/Textures/Enemy/Croquis_Chute/Croquis_Chute_1_Sprite.uasset" 9393
"../../../../../Logiciels/Unreal Projects/Team6_Unreal/Content/Textures/Enemy/Croquis_Chute/Croquis_Chute_2_Sprite.uasset" 9394
"../../../../../Logiciels/Unreal Projects/Team6_Unreal/Content/Textures/Enemy/Croquis_Chute/Croquis_Chute_1.uasset" 9395
"../../../../../Logiciels/Unreal Projects/Team6_Unreal/Content/Textures/Enemy/Croquis_Chute/Croquis_Chute_2.uasset" 9396
"/Game/Textures/Enemy/Croquis_Marche/Croquis_Marche" 9397
"/Game/Textures/Enemy/Colored_Marche/Colored_Marche" 9398
"/Game/Textures/Enemy/Line_Chute/Line_Chute" 9399
"/Game/Textures/Enemy/Colored_Chute/Colored_Chute" 9400
"C:/Users/tevaf/AppData/Local/Temp/UnrealShaderWorkingDir/145D18CE4A34DC2E8906968254447A04/2/WorkerOutputOnly.out" 9401
"C:/Users/tevaf/AppData/Local/Temp/UnrealShaderWorkingDir/145D18CE4A34DC2E8906968254447A04/0/WorkerOutputOnly.out" 9402
"C:/Users/tevaf/AppData/Local/Temp/UnrealShaderWorkingDir/145D18CE4A34DC2E8906968254447A04/1/WorkerOutputOnly.out" 9403
"C:/Users/tevaf/Desktop/Logiciels/Unreal Projects/Team6_Unreal/Saved/Cooked/Windows/Team6_Unreal/Metadata/CookedSettings.txt" 9404
